family,product_id,name,article,vendor_article,manufacturer_code,brand,model,series,product_name,product_type,product_variant,dn_text,pn_text,joining_type,thread_type,connection_size,body_material,seal_material,control,handle_type,working_medium,engineering_system,country,description_text,category_id,brand_id,unit_id,url,properties_json
actuator,1285660,Клапан стальной запорно-регулирующий 25с47нж DN 100 PN 4 с электроприводом 220В REGADA ST 2-06KBX/BE 160Kvs до 220гр. КПСР,930113540,930113540,,,,210,,,,100,4,фланцевое,,,сталь,,,,,,Беларусь,,4,236,1,https://proconsim.ru/product/930113540/,"{""Ду"": ""100"", ""Ру"": ""4"", ""Присоединение"": ""фланцевое"", ""Артикул"": ""930113540"", ""Серия"": ""210"", ""Страна происхождения"": ""Беларусь"", ""Материал корпуса"": ""сталь"", ""Способ управления"": ""электропривод"", ""Таблица фигур"": ""25с47нж"", ""Диапазон измерения температуры,˚С"": ""не более +220"", ""Климатическое исполнение"": ""УХЛ 3;УХЛ 4 по ГОСТ 15150-69"", ""Рабочая среда в рамках ПДК/ПДУ"": ""водяной и насыщенный пар,другие жидкости,газообразные среды,нейтральные к материалам деталей,соприкасающихся со средой"", ""Kv"": ""160"", ""Электропривод"": ""REGADA ST 2 491.0-06KBX/BE (0-100Ом)"", ""Вес нетто,кг"": ""55.9"", ""Вес брутто,кг"": ""55.9"", ""Объем м3"": ""0.0924""}"
actuator,1287190,Клапан стальной запорно-регулирующий 25с947п DN 50 PN 4 с электроприводом 220В REGADA STmini-0NFBC 16Kvs до 150гр. КПСР,930117341,930117341,,,,220,,,,50,4,фланцевое,,,сталь,,,,,,Беларусь,,4,236,1,https://proconsim.ru/product/930117341/,"{""Ду"": ""50"", ""Ру"": ""4"", ""Присоединение"": ""фланцевое"", ""Артикул"": ""930117341"", ""Серия"": ""220"", ""Страна происхождения"": ""Беларусь"", ""Материал корпуса"": ""сталь"", ""Способ управления"": ""электропривод"", ""Таблица фигур"": ""25с947п"", ""Диапазон измерения температуры,˚С"": ""не более +150"", ""Климатическое исполнение"": ""Категория 3 и 4 исполнение У и УХЛ по ГОСТ 15150-69"", ""Класс герметичности"": ""\""А\""класс по ГОСТ 9544-2015"", ""Kv"": ""16"", ""Электропривод"": ""REGADA ST mini 472.0-0NFBC/00 (1-100Ом)"", ""Вес нетто,кг"": ""12.1"", ""Вес брутто,кг"": ""12.1"", ""Объем м3"": ""0.021""}"
actuator,1289314,"Кран с электроприводом Neptun Bugatti Pro 18В 1/2, Neptun 100037093200",в8539,100037093200,100037093200,,,Bugatti Pro,,,,1/2,40,Резьба/Резьба,ВР,,Латунь никелированная,,on/off,,Вода,,Россия,,4,185,1,https://lunda.ru/catalog/category/c1251/product/kran-bugatti-pro-neptun_126481/item/v8539.html,"{""Код производителя"": ""100037093200"", ""Ду, дюйм"": ""1/2"", ""Ду, мм"": ""15"", ""Крутящий момент, Нм"": ""24"", ""Серия бренда"": ""Bugatti Pro"", ""Применение"": ""Водоснабжение, отопление"", ""Тип крана"": ""Полнопроходной"", ""Резьба"": ""ВР"", ""Особенности"": ""Прямой"", ""Рабочее давление, бар"": ""40"", ""Температура рабочей среды, °C"": ""0...+120"", ""Рабочая среда"": ""Вода"", ""Тип привода"": ""Электропривод"", ""Материал корпуса"": ""Латунь никелированная"", ""Страна бренда"": ""Россия"", ""Страна-производитель"": ""Россия"", ""Условное давление, бар"": ""40"", ""Присоединение"": ""Резьба/Резьба"", ""Напряжение питания, В"": ""18"", ""Степень защиты"": ""IP64"", ""Тип арматуры"": ""Шаровой кран"", ""Управление"": ""on/off"", ""Сплав"": ""CW617N"", ""Совместимость"": ""NEPTUN SMART+18"", ""categories"": [""Шаровые краны"", ""Латунные шаровые краны""]}"
actuator,1289325,"Кран с электроприводом Neptun Bugatti Pro 18В 3/4, Neptun 100037093300",в8538,100037093300,100037093300,,,Bugatti Pro,,,,3/4,40,Резьба/Резьба,ВР,,Латунь никелированная,,on/off,,Вода,,Россия,,4,185,1,https://lunda.ru/catalog/category/c1251/product/kran-bugatti-pro-neptun_126481/item/v8538.html,"{""Код производителя"": ""100037093300"", ""Ду, дюйм"": ""3/4"", ""Ду, мм"": ""20"", ""Крутящий момент, Нм"": ""24"", ""Серия бренда"": ""Bugatti Pro"", ""Применение"": ""Водоснабжение, отопление"", ""Тип крана"": ""Полнопроходной"", ""Резьба"": ""ВР"", ""Особенности"": ""Прямой"", ""Рабочее давление, бар"": ""40"", ""Температура рабочей среды, °C"": ""0...+120"", ""Рабочая среда"": ""Вода"", ""Тип привода"": ""Электропривод"", ""Материал корпуса"": ""Латунь никелированная"", ""Страна бренда"": ""Россия"", ""Страна-производитель"": ""Россия"", ""Условное давление, бар"": ""40"", ""Присоединение"": ""Резьба/Резьба"", ""Напряжение питания, В"": ""18"", ""Степень защиты"": ""IP64"", ""Тип арматуры"": ""Шаровой кран"", ""Управление"": ""on/off"", ""Сплав"": ""CW617N"", ""Совместимость"": ""NEPTUN SMART+18"", ""categories"": [""Шаровые краны"", ""Латунные шаровые краны""]}"
actuator,1289331,"Кран с электроприводом Neptun Bugatti Pro 18В, 1"", Neptun 100037093400",в8537,100037093400,100037093400,,,Bugatti Pro,,,,1,40,Резьба/Резьба,ВР,,Латунь никелированная,,on/off,,Вода,,Россия,,4,185,1,https://lunda.ru/catalog/category/c1251/product/kran-bugatti-pro-neptun_126481/item/v8537.html,"{""Код производителя"": ""100037093400"", ""Ду, дюйм"": ""1"", ""Ду, мм"": ""25"", ""Крутящий момент, Нм"": ""24"", ""Серия бренда"": ""Bugatti Pro"", ""Применение"": ""Водоснабжение, отопление"", ""Тип крана"": ""Полнопроходной"", ""Резьба"": ""ВР"", ""Особенности"": ""Прямой"", ""Рабочее давление, бар"": ""40"", ""Температура рабочей среды, °C"": ""0...+120"", ""Рабочая среда"": ""Вода"", ""Тип привода"": ""Электропривод"", ""Материал корпуса"": ""Латунь никелированная"", ""Страна бренда"": ""Россия"", ""Страна-производитель"": ""Россия"", ""Условное давление, бар"": ""40"", ""Присоединение"": ""Резьба/Резьба"", ""Напряжение питания, В"": ""18"", ""Степень защиты"": ""IP64"", ""Тип арматуры"": ""Шаровой кран"", ""Управление"": ""on/off"", ""Сплав"": ""CW617N"", ""Совместимость"": ""NEPTUN SMART+18"", ""categories"": [""Шаровые краны"", ""Латунные шаровые краны""]}"
actuator,1289590,Клапан стальной запорно-регулирующий 25с47нж DN 100 PN 4 с электроприводом 220В REGADA ST 1-06KSX/BE 63Kvs до 220гр. КПСР,930113490,930113490,,,,210,,,,100,4,фланцевое,,,сталь,,,,,,Беларусь,,4,236,1,https://proconsim.ru/product/930113490/,"{""Ду"": ""100"", ""Ру"": ""4"", ""Присоединение"": ""фланцевое"", ""Артикул"": ""930113490"", ""Серия"": ""210"", ""Страна происхождения"": ""Беларусь"", ""Материал корпуса"": ""сталь"", ""Способ управления"": ""электропривод"", ""Таблица фигур"": ""25с47нж"", ""Диапазон измерения температуры,˚С"": ""не более +220"", ""Климатическое исполнение"": ""УХЛ 3;УХЛ 4 по ГОСТ 15150-69"", ""Рабочая среда в рамках ПДК/ПДУ"": ""водяной и насыщенный пар,другие жидкости,газообразные среды,нейтральные к материалам деталей,соприкасающихся со средой"", ""Kv"": ""63"", ""Электропривод"": ""REGADA ST 1 491.0-06KSX/BE (4-20 мА)"", ""Вес нетто,кг"": ""45.9"", ""Вес брутто,кг"": ""45.9"", ""Объем м3"": ""0.0924""}"
actuator,1290265,Клапан стальной запорно-регулирующий 25с947п DN 150 PN 4 с электроприводом 220В REGADA ST 2-06KSX 360Kvs до 150гр. КПСР,930117753,930117753,,,,220,,,,150,4,фланцевое,,,сталь,,,,,,Беларусь,,4,236,1,https://proconsim.ru/product/930117753/,"{""Ду"": ""150"", ""Ру"": ""4"", ""Присоединение"": ""фланцевое"", ""Артикул"": ""930117753"", ""Серия"": ""220"", ""Страна происхождения"": ""Беларусь"", ""Материал корпуса"": ""сталь"", ""Способ управления"": ""электропривод"", ""Таблица фигур"": ""25с947п"", ""Диапазон измерения температуры,˚С"": ""не более +150"", ""Климатическое исполнение"": ""Категория 3 и 4 исполнение У и УХЛ по ГОСТ 15150-69"", ""Класс герметичности"": ""\""А\""класс по ГОСТ 9544-2015"", ""Kv"": ""360"", ""Электропривод"": ""REGADA ST 2 491.0-06KSX/BE (4-20мА)"", ""Вес нетто,кг"": ""87"", ""Вес брутто,кг"": ""87"", ""Объем м3"": ""0.3328""}"
actuator,1290589,"Электропривод S-70-24-У1, 220В ""А"", Benarmo 038-0927",г5371,038-0927,038-0927,,S-70-24-У1 220В &quot;А&quot;,S,,,,,,,,,,,Открыто/закрыто,,,,Китай,,4,26,1,https://lunda.ru/catalog/category/c13086/product/elektroprivod-benarmo_110651/item/g5371.html,"{""Модель"": ""S-70-24-У1 220В &quot;А&quot;"", ""Крутящий момент, Нм"": ""70"", ""Напряжение питания, В"": ""220"", ""Мощность, кВт"": ""0,25"", ""Код производителя"": ""038-0927"", ""Серия бренда"": ""S"", ""Рабочая температура, °C"": ""-20...+60"", ""Управление"": ""Открыто/закрыто"", ""Страна-производитель"": ""Китай"", ""Класс защиты"": ""IP67"", ""Гарантия, лет"": ""1"", ""categories"": [""Электроприводы для запорной арматуры""]}"
actuator,1290592,"Электропривод S-100-24-У1, 220В ""А"", Benarmo 038-0928",г5372,038-0928,038-0928,,S-100-24-У1 220В &quot;А&quot;,S,,,,,,,,,,,Открыто/закрыто,,,,Китай,,4,26,1,https://lunda.ru/catalog/category/c13086/product/elektroprivod-benarmo_110651/item/g5372.html,"{""Модель"": ""S-100-24-У1 220В &quot;А&quot;"", ""Крутящий момент, Нм"": ""100"", ""Напряжение питания, В"": ""220"", ""Мощность, кВт"": ""0,25"", ""Код производителя"": ""038-0928"", ""Серия бренда"": ""S"", ""Рабочая температура, °C"": ""-20...+60"", ""Управление"": ""Открыто/закрыто"", ""Страна-производитель"": ""Китай"", ""Класс защиты"": ""IP67"", ""Гарантия, лет"": ""1"", ""categories"": [""Электроприводы для запорной арматуры""]}"
actuator,1290600,"Электропривод S-200-24-У1, 220В ""Б"", Benarmo 038-0929",г5373,038-0929,038-0929,,S-200-24-У1 220В &quot;Б&quot;,S,,,,,,,,,,,Открыто/закрыто,,,,Китай,,4,26,1,https://lunda.ru/catalog/category/c13086/product/elektroprivod-benarmo_110651/item/g5373.html,"{""Модель"": ""S-200-24-У1 220В &quot;Б&quot;"", ""Крутящий момент, Нм"": ""200"", ""Напряжение питания, В"": ""220"", ""Мощность, кВт"": ""0,37"", ""Код производителя"": ""038-0929"", ""Серия бренда"": ""S"", ""Рабочая температура, °C"": ""-20...+60"", ""Управление"": ""Открыто/закрыто"", ""Страна-производитель"": ""Китай"", ""Класс защиты"": ""IP67"", ""Гарантия, лет"": ""1"", ""categories"": [""Электроприводы для запорной арматуры""]}"
actuator,1290614,"Электропривод S-70-24-У1, 380В ""А"", Benarmo 038-0713",г5367,038-0713,038-0713,,S-70-24-У1 380В &quot;А&quot;,S,,,,,,,,,,,Открыто/закрыто,,,,Китай,,4,26,1,https://lunda.ru/catalog/category/c13086/product/elektroprivod-benarmo_110651/item/g5367.html,"{""Модель"": ""S-70-24-У1 380В &quot;А&quot;"", ""Крутящий момент, Нм"": ""70"", ""Напряжение питания, В"": ""380"", ""Мощность, кВт"": ""0,25"", ""Код производителя"": ""038-0713"", ""Серия бренда"": ""S"", ""Рабочая температура, °C"": ""-20...+60"", ""Управление"": ""Открыто/закрыто"", ""Страна-производитель"": ""Китай"", ""Класс защиты"": ""IP67"", ""Гарантия, лет"": ""1"", ""categories"": [""Электроприводы для запорной арматуры""]}"
actuator,1290622,"Электропривод S-100-24-У1 380В, Benarmo 038-0714",г4223,038-0714,038-0714,,S-100-24-У1 380В &quot;А&quot;,S,,,,,,,,,,,Открыто/закрыто,,,,Китай,,4,26,1,https://lunda.ru/catalog/category/c13086/product/elektroprivod-benarmo_110651/item/g4223.html,"{""Модель"": ""S-100-24-У1 380В &quot;А&quot;"", ""Крутящий момент, Нм"": ""100"", ""Напряжение питания, В"": ""380"", ""Мощность, кВт"": ""0,25"", ""Код производителя"": ""038-0714"", ""Серия бренда"": ""S"", ""Рабочая температура, °C"": ""-20...+60"", ""Управление"": ""Открыто/закрыто"", ""Страна-производитель"": ""Китай"", ""Класс защиты"": ""IP67"", ""Гарантия, лет"": ""1"", ""categories"": [""Электроприводы для запорной арматуры""]}"
actuator,1290635,"Электропривод S-150-24-У1, 380В ""А"", Benarmo 038-0715",г5368,038-0715,038-0715,,S-150-24-У1 380В &quot;А&quot;,S,,,,,,,,,,,Открыто/закрыто,,,,Китай,,4,26,1,https://lunda.ru/catalog/category/c13086/product/elektroprivod-benarmo_110651/item/g5368.html,"{""Модель"": ""S-150-24-У1 380В &quot;А&quot;"", ""Крутящий момент, Нм"": ""150"", ""Напряжение питания, В"": ""380"", ""Мощность, кВт"": ""0,37"", ""Код производителя"": ""038-0715"", ""Серия бренда"": ""S"", ""Рабочая температура, °C"": ""-20...+60"", ""Управление"": ""Открыто/закрыто"", ""Страна-производитель"": ""Китай"", ""Класс защиты"": ""IP67"", ""Гарантия, лет"": ""1"", ""categories"": [""Электроприводы для запорной арматуры""]}"
actuator,1290649,"Электропривод S-200-24-У1, 380В ""Б"", Benarmo 038-0905",г5369,038-0905,038-0905,,S-200-24-У1 380В &quot;Б&quot;,S,,,,,,,,,,,Открыто/закрыто,,,,Китай,,4,26,1,https://lunda.ru/catalog/category/c13086/product/elektroprivod-benarmo_110651/item/g5369.html,"{""Модель"": ""S-200-24-У1 380В &quot;Б&quot;"", ""Крутящий момент, Нм"": ""200"", ""Напряжение питания, В"": ""380"", ""Мощность, кВт"": ""0,55"", ""Код производителя"": ""038-0905"", ""Серия бренда"": ""S"", ""Рабочая температура, °C"": ""-20...+60"", ""Управление"": ""Открыто/закрыто"", ""Страна-производитель"": ""Китай"", ""Класс защиты"": ""IP67"", ""Гарантия, лет"": ""1"", ""categories"": [""Электроприводы для запорной арматуры""]}"
actuator,1290656,"Электропривод S-300-24-У1, 380В ""Б"", Benarmo 038-0906",г5370,038-0906,038-0906,,S-300-24-У1 380В &quot;Б&quot;,S,,,,,,,,,,,Открыто/закрыто,,,,Китай,,4,26,1,https://lunda.ru/catalog/category/c13086/product/elektroprivod-benarmo_110651/item/g5370.html,"{""Модель"": ""S-300-24-У1 380В &quot;Б&quot;"", ""Крутящий момент, Нм"": ""300"", ""Напряжение питания, В"": ""380"", ""Мощность, кВт"": ""0,75"", ""Код производителя"": ""038-0906"", ""Серия бренда"": ""S"", ""Рабочая температура, °C"": ""-20...+60"", ""Управление"": ""Открыто/закрыто"", ""Страна-производитель"": ""Китай"", ""Класс защиты"": ""IP67"", ""Гарантия, лет"": ""1"", ""categories"": [""Электроприводы для запорной арматуры""]}"
actuator,1290663,"Электропривод запорной арматуры NP300-DF/24V 0-90°, 300Nm, ON/OFF, 24DC, Techno 300110",г4132,300110,300110,,NP300-DF/24V,NP-300..1000,,,,,,,,,,,Открыто/закрыто,,,,Китай,,4,310,1,https://lunda.ru/catalog/category/c13086/product/privody-np-techno_95489/item/g4132.html,"{""Код производителя"": ""300110"", ""Модель"": ""NP300-DF/24V"", ""Управление"": ""Открыто/закрыто"", ""Крутящий момент, Нм"": ""300"", ""Напряжение питания, В"": ""24"", ""Длина штока, мм"": ""22х22"", ""Серия бренда"": ""NP-300..1000"", ""Рабочая температура, °C"": ""-20...+70"", ""Класс защиты"": ""IP67"", ""Страна-производитель"": ""Китай"", ""Фланец"": ""F10, F12"", ""Время срабатывания, с"": ""30"", ""categories"": [""Электроприводы для запорной арматуры""]}"
actuator,1290668,"Электропривод запорной арматуры NP300-DF/230V 0-90°, 300Nm, ON/OFF, 230АС, Techno 300120",г4131,300120,300120,,NP300-DF/230V,NP-300..1000,,,,,,,,,,,Открыто/закрыто,,,,Китай,,4,310,1,https://lunda.ru/catalog/category/c13086/product/privody-np-techno_95489/item/g4131.html,"{""Код производителя"": ""300120"", ""Модель"": ""NP300-DF/230V"", ""Управление"": ""Открыто/закрыто"", ""Крутящий момент, Нм"": ""300"", ""Напряжение питания, В"": ""230"", ""Длина штока, мм"": ""22х22"", ""Серия бренда"": ""NP-300..1000"", ""Рабочая температура, °C"": ""-20...+70"", ""Класс защиты"": ""IP67"", ""Страна-производитель"": ""Китай"", ""Фланец"": ""F10, F12"", ""Время срабатывания, с"": ""30"", ""categories"": [""Электроприводы для запорной арматуры""]}"
actuator,1290677,"Электропривод запорной арматуры NP300-AF/230V 0-90°, 300Nm, 0-10V, 230АС, Techno 300220",г4130,300220,300220,,NP300-AF/230V,NP-300..1000,,,,,,,,,,,0(2)-10V,,,,Китай,,4,310,1,https://lunda.ru/catalog/category/c13086/product/privody-np-techno_95489/item/g4130.html,"{""Код производителя"": ""300220"", ""Модель"": ""NP300-AF/230V"", ""Управление"": ""0(2)-10V"", ""Крутящий момент, Нм"": ""300"", ""Напряжение питания, В"": ""230"", ""Длина штока, мм"": ""22х22"", ""Серия бренда"": ""NP-300..1000"", ""Рабочая температура, °C"": ""-20...+70"", ""Класс защиты"": ""IP67"", ""Страна-производитель"": ""Китай"", ""Фланец"": ""F10, F12"", ""Время срабатывания, с"": ""30"", ""categories"": [""Электроприводы для запорной арматуры""]}"
actuator,1290683,"Электропривод запорной арматуры NP300-MF/230V 0-90°, 300Nm, 4~20mA, 230АС, Techno 300320",г4133,300320,300320,,NP300-MF/230V,NP-300..1000,,,,,,,,,,,4-20mA,,,,Китай,,4,310,1,https://lunda.ru/catalog/category/c13086/product/privody-np-techno_95489/item/g4133.html,"{""Код производителя"": ""300320"", ""Модель"": ""NP300-MF/230V"", ""Управление"": ""4-20mA"", ""Крутящий момент, Нм"": ""300"", ""Напряжение питания, В"": ""230"", ""Длина штока, мм"": ""22х22"", ""Серия бренда"": ""NP-300..1000"", ""Рабочая температура, °C"": ""-20...+70"", ""Класс защиты"": ""IP67"", ""Страна-производитель"": ""Китай"", ""Фланец"": ""F10, F12"", ""Время срабатывания, с"": ""30"", ""categories"": [""Электроприводы для запорной арматуры""]}"
actuator,1290686,"Электропривод запорной арматуры NP400-DF/24V 0-90°, 400Nm, ON/OFF, 24DC, Techno 400110",г4136,400110,400110,,NP400-DF/24V,NP-300..1000,,,,,,,,,,,Открыто/закрыто,,,,Китай,,4,310,1,https://lunda.ru/catalog/category/c13086/product/privody-np-techno_95489/item/g4136.html,"{""Код производителя"": ""400110"", ""Модель"": ""NP400-DF/24V"", ""Управление"": ""Открыто/закрыто"", ""Крутящий момент, Нм"": ""400"", ""Напряжение питания, В"": ""24"", ""Длина штока, мм"": ""22х22"", ""Серия бренда"": ""NP-300..1000"", ""Рабочая температура, °C"": ""-20...+70"", ""Класс защиты"": ""IP67"", ""Страна-производитель"": ""Китай"", ""Фланец"": ""F10, F12"", ""Время срабатывания, с"": ""30"", ""categories"": [""Электроприводы для запорной арматуры""]}"
actuator,1290693,"Электропривод запорной арматуры NP400-DF/230V 0-90°, 400Nm, ON/OFF, 230АС, Techno 400120",г4135,400120,400120,,NP400-DF/230V,NP-300..1000,,,,,,,,,,,Открыто/закрыто,,,,Китай,,4,310,1,https://lunda.ru/catalog/category/c13086/product/privody-np-techno_95489/item/g4135.html,"{""Код производителя"": ""400120"", ""Модель"": ""NP400-DF/230V"", ""Управление"": ""Открыто/закрыто"", ""Крутящий момент, Нм"": ""400"", ""Напряжение питания, В"": ""230"", ""Длина штока, мм"": ""22х22"", ""Серия бренда"": ""NP-300..1000"", ""Рабочая температура, °C"": ""-20...+70"", ""Класс защиты"": ""IP67"", ""Страна-производитель"": ""Китай"", ""Фланец"": ""F10, F12"", ""Время срабатывания, с"": ""30"", ""categories"": [""Электроприводы для запорной арматуры""]}"
actuator,1290697,"Электропривод запорной арматуры NP400-DF/380V 0-90°, 400Nm, ON/OFF, 380АС, Techno 400130",г4137,400130,400130,,NP400-DF/380V,NP-300..1000,,,,,,,,,,,Открыто/закрыто,,,,Китай,,4,310,1,https://lunda.ru/catalog/category/c13086/product/privody-np-techno_95489/item/g4137.html,"{""Код производителя"": ""400130"", ""Модель"": ""NP400-DF/380V"", ""Управление"": ""Открыто/закрыто"", ""Крутящий момент, Нм"": ""400"", ""Напряжение питания, В"": ""380"", ""Длина штока, мм"": ""22х22"", ""Серия бренда"": ""NP-300..1000"", ""Рабочая температура, °C"": ""-20...+70"", ""Класс защиты"": ""IP67"", ""Страна-производитель"": ""Китай"", ""Фланец"": ""F10, F12"", ""Время срабатывания, с"": ""30"", ""categories"": [""Электроприводы для запорной арматуры""]}"
actuator,1290699,"Электропривод запорной арматуры NP400-AF/230V 0-90°, 400Nm, 0-10V, 230АС, Techno 400220",г4134,400220,400220,,NP400-AF/230V,NP-300..1000,,,,,,,,,,,0(2)-10V,,,,Китай,,4,310,1,https://lunda.ru/catalog/category/c13086/product/privody-np-techno_95489/item/g4134.html,"{""Код производителя"": ""400220"", ""Модель"": ""NP400-AF/230V"", ""Управление"": ""0(2)-10V"", ""Крутящий момент, Нм"": ""400"", ""Напряжение питания, В"": ""230"", ""Длина штока, мм"": ""22х22"", ""Серия бренда"": ""NP-300..1000"", ""Рабочая температура, °C"": ""-20...+70"", ""Класс защиты"": ""IP67"", ""Страна-производитель"": ""Китай"", ""Фланец"": ""F10, F12"", ""Время срабатывания, с"": ""30"", ""categories"": [""Электроприводы для запорной арматуры""]}"
actuator,1290702,"Электропривод запорной арматуры NP400-MF/230V 0-90°, 400Nm, 4~20mA, 230АС, Techno 400320",г4138,400320,400320,,NP400-MF/230V,NP-300..1000,,,,,,,,,,,4-20mA,,,,Китай,,4,310,1,https://lunda.ru/catalog/category/c13086/product/privody-np-techno_95489/item/g4138.html,"{""Код производителя"": ""400320"", ""Модель"": ""NP400-MF/230V"", ""Управление"": ""4-20mA"", ""Крутящий момент, Нм"": ""400"", ""Напряжение питания, В"": ""230"", ""Длина штока, мм"": ""22х22"", ""Серия бренда"": ""NP-300..1000"", ""Рабочая температура, °C"": ""-20...+70"", ""Класс защиты"": ""IP67"", ""Страна-производитель"": ""Китай"", ""Фланец"": ""F10, F12"", ""Время срабатывания, с"": ""30"", ""categories"": [""Электроприводы для запорной арматуры""]}"
actuator,1290703,"Электропривод запорной арматуры NP600-DF/24V 0-90°, 600Nm, ON/OFF, 24DC, Techno 600110",г4146,600110,600110,,NP600-DF/24V,NP-300..1000,,,,,,,,,,,Открыто/закрыто,,,,Китай,,4,310,1,https://lunda.ru/catalog/category/c13086/product/privody-np-techno_95489/item/g4146.html,"{""Код производителя"": ""600110"", ""Модель"": ""NP600-DF/24V"", ""Управление"": ""Открыто/закрыто"", ""Крутящий момент, Нм"": ""600"", ""Напряжение питания, В"": ""24"", ""Длина штока, мм"": ""27х27"", ""Серия бренда"": ""NP-300..1000"", ""Рабочая температура, °C"": ""-20...+70"", ""Класс защиты"": ""IP67"", ""Страна-производитель"": ""Китай"", ""Фланец"": ""F10, F12"", ""Время срабатывания, с"": ""30"", ""categories"": [""Электроприводы для запорной арматуры""]}"
actuator,1290704,"Электропривод запорной арматуры NP600-DF/230V 0-90°, 600Nm, ON/OFF, 230АС, Techno 600120",г4145,600120,600120,,NP600-DF/230V,NP-300..1000,,,,,,,,,,,Открыто/закрыто,,,,Китай,,4,310,1,https://lunda.ru/catalog/category/c13086/product/privody-np-techno_95489/item/g4145.html,"{""Код производителя"": ""600120"", ""Модель"": ""NP600-DF/230V"", ""Управление"": ""Открыто/закрыто"", ""Крутящий момент, Нм"": ""600"", ""Напряжение питания, В"": ""230"", ""Длина штока, мм"": ""27х27"", ""Серия бренда"": ""NP-300..1000"", ""Рабочая температура, °C"": ""-20...+70"", ""Класс защиты"": ""IP67"", ""Страна-производитель"": ""Китай"", ""Фланец"": ""F10, F12"", ""Время срабатывания, с"": ""30"", ""categories"": [""Электроприводы для запорной арматуры""]}"
actuator,1290705,"Электропривод запорной арматуры NP600-DF/380V 0-90°, 600Nm, ON/OFF, 380АС, Techno 600130",г4147,600130,600130,,NP600-DF/380V,NP-300..1000,,,,,,,,,,,Открыто/закрыто,,,,Китай,,4,310,1,https://lunda.ru/catalog/category/c13086/product/privody-np-techno_95489/item/g4147.html,"{""Код производителя"": ""600130"", ""Модель"": ""NP600-DF/380V"", ""Управление"": ""Открыто/закрыто"", ""Крутящий момент, Нм"": ""600"", ""Напряжение питания, В"": ""380"", ""Длина штока, мм"": ""27х27"", ""Серия бренда"": ""NP-300..1000"", ""Рабочая температура, °C"": ""-20...+70"", ""Класс защиты"": ""IP67"", ""Страна-производитель"": ""Китай"", ""Фланец"": ""F10, F12"", ""Время срабатывания, с"": ""30"", ""categories"": [""Электроприводы для запорной арматуры""]}"
actuator,1290706,"Электропривод запорной арматуры NP600-AF/230V 0-90°, 600Nm, 0-10V, 230АС, Techno 600202",г4144,600202,600202,,NP600-AF/230V,NP-300..1000,,,,,,,,,,,0(2)-10V,,,,Китай,,4,310,1,https://lunda.ru/catalog/category/c13086/product/privody-np-techno_95489/item/g4144.html,"{""Код производителя"": ""600202"", ""Модель"": ""NP600-AF/230V"", ""Управление"": ""0(2)-10V"", ""Крутящий момент, Нм"": ""600"", ""Напряжение питания, В"": ""230"", ""Длина штока, мм"": ""27х27"", ""Серия бренда"": ""NP-300..1000"", ""Рабочая температура, °C"": ""-20...+70"", ""Класс защиты"": ""IP67"", ""Страна-производитель"": ""Китай"", ""Фланец"": ""F10, F12"", ""Время срабатывания, с"": ""30"", ""categories"": [""Электроприводы для запорной арматуры""]}"
actuator,1290707,"Электропривод запорной арматуры NP600-MF/230V 0-90°, 600Nm, 4~20mA, 230АС, Techno 600320",г4148,600320,600320,,NP600-MF/230V,NP-300..1000,,,,,,,,,,,4-20mA,,,,Китай,,4,310,1,https://lunda.ru/catalog/category/c13086/product/privody-np-techno_95489/item/g4148.html,"{""Код производителя"": ""600320"", ""Модель"": ""NP600-MF/230V"", ""Управление"": ""4-20mA"", ""Крутящий момент, Нм"": ""600"", ""Напряжение питания, В"": ""230"", ""Длина штока, мм"": ""27х27"", ""Серия бренда"": ""NP-300..1000"", ""Рабочая температура, °C"": ""-20...+70"", ""Класс защиты"": ""IP67"", ""Страна-производитель"": ""Китай"", ""Фланец"": ""F10, F12"", ""Время срабатывания, с"": ""30"", ""categories"": [""Электроприводы для запорной арматуры""]}"
actuator,1290708,"Электропривод запорной арматуры NP800-DF/24V 0-90°, 800Nm, ON/OFF, 24DC, Techno 800101",г4151,800101,800101,,NP800-DF/24V,NP-300..1000,,,,,,,,,,,Открыто/закрыто,,,,Китай,,4,310,1,https://lunda.ru/catalog/category/c13086/product/privody-np-techno_95489/item/g4151.html,"{""Код производителя"": ""800101"", ""Модель"": ""NP800-DF/24V"", ""Управление"": ""Открыто/закрыто"", ""Крутящий момент, Нм"": ""800"", ""Напряжение питания, В"": ""24"", ""Длина штока, мм"": ""27х27"", ""Серия бренда"": ""NP-300..1000"", ""Рабочая температура, °C"": ""-20...+70"", ""Класс защиты"": ""IP67"", ""Страна-производитель"": ""Китай"", ""Фланец"": ""F10, F12"", ""Время срабатывания, с"": ""30"", ""categories"": [""Электроприводы для запорной арматуры""]}"
actuator,1290709,"Электропривод запорной арматуры NP800-DF/230V 0-90°, 800Nm, ON/OFF, 230АС, Techno 800102",г4150,800102,800102,,NP800-DF/230V,NP-300..1000,,,,,,,,,,,Открыто/закрыто,,,,Китай,,4,310,1,https://lunda.ru/catalog/category/c13086/product/privody-np-techno_95489/item/g4150.html,"{""Код производителя"": ""800102"", ""Модель"": ""NP800-DF/230V"", ""Управление"": ""Открыто/закрыто"", ""Крутящий момент, Нм"": ""800"", ""Напряжение питания, В"": ""230"", ""Длина штока, мм"": ""27х27"", ""Серия бренда"": ""NP-300..1000"", ""Рабочая температура, °C"": ""-20...+70"", ""Класс защиты"": ""IP67"", ""Страна-производитель"": ""Китай"", ""Фланец"": ""F10, F12"", ""Время срабатывания, с"": ""30"", ""categories"": [""Электроприводы для запорной арматуры""]}"
actuator,1290711,"Электропривод запорной арматуры NP800-DF/380V 0-90°, 800Nm, ON/OFF, 380АС, Techno 800103",г4152,800103,800103,,NP800-DF/380V,NP-300..1000,,,,,,,,,,,Открыто/закрыто,,,,Китай,,4,310,1,https://lunda.ru/catalog/category/c13086/product/privody-np-techno_95489/item/g4152.html,"{""Код производителя"": ""800103"", ""Модель"": ""NP800-DF/380V"", ""Управление"": ""Открыто/закрыто"", ""Крутящий момент, Нм"": ""800"", ""Напряжение питания, В"": ""380"", ""Длина штока, мм"": ""27х27"", ""Серия бренда"": ""NP-300..1000"", ""Рабочая температура, °C"": ""-20...+70"", ""Класс защиты"": ""IP67"", ""Страна-производитель"": ""Китай"", ""Фланец"": ""F10, F12"", ""Время срабатывания, с"": ""30"", ""categories"": [""Электроприводы для запорной арматуры""]}"
actuator,1290713,"Электропривод запорной арматуры NP800-AF/230V 0-90°, 800Nm, 0-10V, 230АС, Techno 800202",г4149,800202,800202,,NP800-AF/230V,NP-300..1000,,,,,,,,,,,0(2)-10V,,,,Китай,,4,310,1,https://lunda.ru/catalog/category/c13086/product/privody-np-techno_95489/item/g4149.html,"{""Код производителя"": ""800202"", ""Модель"": ""NP800-AF/230V"", ""Управление"": ""0(2)-10V"", ""Крутящий момент, Нм"": ""800"", ""Напряжение питания, В"": ""230"", ""Длина штока, мм"": ""27х27"", ""Серия бренда"": ""NP-300..1000"", ""Рабочая температура, °C"": ""-20...+70"", ""Класс защиты"": ""IP67"", ""Страна-производитель"": ""Китай"", ""Фланец"": ""F10, F12"", ""Время срабатывания, с"": ""30"", ""categories"": [""Электроприводы для запорной арматуры""]}"
actuator,1290714,"Электропривод запорной арматуры NP800-MF/230V 0-90°, 800Nm, 4~20mA, 230АС, Techno 800302",г4153,800302,800302,,NP800-MF/230V,NP-300..1000,,,,,,,,,,,4-20mA,,,,Китай,,4,310,1,https://lunda.ru/catalog/category/c13086/product/privody-np-techno_95489/item/g4153.html,"{""Код производителя"": ""800302"", ""Модель"": ""NP800-MF/230V"", ""Управление"": ""4-20mA"", ""Крутящий момент, Нм"": ""800"", ""Напряжение питания, В"": ""230"", ""Длина штока, мм"": ""27х27"", ""Серия бренда"": ""NP-300..1000"", ""Рабочая температура, °C"": ""-20...+70"", ""Класс защиты"": ""IP67"", ""Страна-производитель"": ""Китай"", ""Фланец"": ""F10, F12"", ""Время срабатывания, с"": ""30"", ""categories"": [""Электроприводы для запорной арматуры""]}"
actuator,1290715,"Электропривод запорной арматуры NP1000-DF/24V 0-90°, 1000Nm, ON/OFF, 24DC, Techno 100011",г4119,100011,100011,,NP1000-DF/24V,NP-300..1000,,,,,,,,,,,Открыто/закрыто,,,,Китай,,4,310,1,https://lunda.ru/catalog/category/c13086/product/privody-np-techno_95489/item/g4119.html,"{""Код производителя"": ""100011"", ""Модель"": ""NP1000-DF/24V"", ""Управление"": ""Открыто/закрыто"", ""Крутящий момент, Нм"": ""1000"", ""Напряжение питания, В"": ""24"", ""Длина штока, мм"": ""27х27"", ""Серия бренда"": ""NP-300..1000"", ""Рабочая температура, °C"": ""-20...+70"", ""Класс защиты"": ""IP67"", ""Страна-производитель"": ""Китай"", ""Фланец"": ""F10, F12"", ""Время срабатывания, с"": ""30"", ""categories"": [""Электроприводы для запорной арматуры""]}"
actuator,1290716,"Электропривод запорной арматуры NP1000-DF/230V 0-90°, 1000Nm, ON/OFF, 230АС, Techno 100012",г4118,100012,100012,,NP1000-DF/230V,NP-300..1000,,,,,,,,,,,Открыто/закрыто,,,,Китай,,4,310,1,https://lunda.ru/catalog/category/c13086/product/privody-np-techno_95489/item/g4118.html,"{""Код производителя"": ""100012"", ""Модель"": ""NP1000-DF/230V"", ""Управление"": ""Открыто/закрыто"", ""Крутящий момент, Нм"": ""1000"", ""Напряжение питания, В"": ""230"", ""Длина штока, мм"": ""27х27"", ""Серия бренда"": ""NP-300..1000"", ""Рабочая температура, °C"": ""-20...+70"", ""Класс защиты"": ""IP67"", ""Страна-производитель"": ""Китай"", ""Фланец"": ""F10, F12"", ""Время срабатывания, с"": ""30"", ""categories"": [""Электроприводы для запорной арматуры""]}"
actuator,1290717,"Электропривод запорной арматуры NP1000-DF/380V 0-90°, 1000Nm, ON/OFF, 380АС, Techno 100013",г4120,100013,100013,,NP1000-DF/380V,NP-300..1000,,,,,,,,,,,Открыто/закрыто,,,,Китай,,4,310,1,https://lunda.ru/catalog/category/c13086/product/privody-np-techno_95489/item/g4120.html,"{""Код производителя"": ""100013"", ""Модель"": ""NP1000-DF/380V"", ""Управление"": ""Открыто/закрыто"", ""Крутящий момент, Нм"": ""1000"", ""Напряжение питания, В"": ""380"", ""Длина штока, мм"": ""27х27"", ""Серия бренда"": ""NP-300..1000"", ""Рабочая температура, °C"": ""-20...+70"", ""Класс защиты"": ""IP67"", ""Страна-производитель"": ""Китай"", ""Фланец"": ""F10, F12"", ""Время срабатывания, с"": ""30"", ""categories"": [""Электроприводы для запорной арматуры""]}"
ball_valve,12101,"Корпус фильтра непрозрачный 1 М Т 1"" ВР Ру10 1-ст с шаровыми кранами Slim Line 10"" Джилекс 9094",037-0535,9094,,Джилекс,1 М Т,1 М Т,,,с шаровыми кранами,,,ВР,,,,,,,для холодной воды,Водоснабжение,Россия,,6,4,1,https://www.santech.ru/catalog/353/1077/i831/,"{""Номенклатурный номер"": ""037-0535"", ""Бренд"": ""Джилекс"", ""Инженерная система"": ""Водоснабжение"", ""Корпус"": ""непрозрачный"", ""Рабочая среда"": ""для холодной воды"", ""Серия"": ""1 М Т"", ""Давление"": ""Ру10"", ""Cтроительная длина"": ""304"", ""Тип присоединения"": ""ВР"", ""Тип очистки"": ""для механической и сорбционной очистки"", ""Масса нетто"": ""1.7 кг"", ""Страна происхождения"": ""Россия"", ""Штрих-код на одну ТМЦ"": ""4650069792666"", ""Комплект поставки"": ""Корпус фильтра, ключ, уплотнительная вставка для картриджных элементов."", ""Размер резьбы"": ""1\"""", ""Типоразмер корпуса"": ""Slim Line 10\"" (10SL)"", ""Модель"": ""1 М Т"", ""Артикул"": ""9094"", ""Исполнение"": ""с шаровыми кранами"", ""Количество ступеней очистки"": ""1""}"
ball_valve,1279605,"Кран шаровой PREMIUM (с никелевым покрытием), ручка-бабочка (наруж.-наруж.)(арт.VF.219.NB1.012.PREMIUM)",VF.219.NB1.012.PREMIUM,,,,,,,,,"1/2""; 3/4""","6,3 МПа - 1/2"" ; 4,0 МПа - 3/4"",1"", 1 1/4""; 2,5 МПа - 1 1/2"", 2""",,,,,,,,,,,,4,55,1,https://valfex.ru/catalog/zapornaya-armatura/zapornaya-armatura-seriya-premium/kran-sharovoy-premium-s-nikelevym-pokrytiem-ruchka-babochka-naruzh-naruzh-/,"{""Размер, мм"": ""15"", ""Размер, дюймы"": ""1/2\"""", ""Количество (упак./пакет), шт."": ""72/18"", ""Назначение:"": ""для промышленных и технических водопроводов"", ""Материал корпуса:"": ""латунь ЛС59-1 по ГОСТ 15527-2004"", ""Материал шарового затвора:"": ""латунь ЛС59-1 по ГОСТ 15527-2004 (ГОШ) с покрытием Н9.Х.б"", ""Материал ручки:"": ""алюминий марки АК9М2 с покрытием эпоксиполиэфирной порошковой композицией красного цвета"", ""Материал уплотнений шара и штока:"": ""фторопласт (PTFE)"", ""Метод изготовления:"": ""горяче-объемная штамповка с последующей механической обработкой, гальваническое покрытие никель/хром"", ""Присоединительная резьба, дюймы:"": ""1/2\""; 3/4\"""", ""Номинальное давление, МПа:"": ""6,3 МПа - 1/2\"" ; 4,0 МПа - 3/4\"",1\"", 1 1/4\""; 2,5 МПа - 1 1/2\"", 2\"""", ""Температура эксплуатации, °С:"": ""-20 ÷ +150"", ""Класс по эффективному диаметру:"": ""полнопроходной по ГОСТ 21345-2005"", ""Класс герметичности затвора:"": ""А"", ""Соответствие таблице фигур СТ ЦКБА 023-2015:"": ""Н 11Б27фт1М"", ""Гарантия:"": ""10 лет со дня производства"", ""categories"": [""Запорная арматура серия PREMIUM""]}"
ball_valve,1279606,"Кран шаровой PREMIUM (с никелевым покрытием), ручка-бабочка (наруж.-наруж.)(арт.VF.219.NB1.034.PREMIUM)",VF.219.NB1.034.PREMIUM,,,,,,,,,"1/2""; 3/4""","6,3 МПа - 1/2"" ; 4,0 МПа - 3/4"",1"", 1 1/4""; 2,5 МПа - 1 1/2"", 2""",,,,,,,,,,,,4,55,1,https://valfex.ru/catalog/zapornaya-armatura/zapornaya-armatura-seriya-premium/kran-sharovoy-premium-s-nikelevym-pokrytiem-ruchka-babochka-naruzh-naruzh-/,"{""Размер, мм"": ""20"", ""Размер, дюймы"": ""3/4\"""", ""Количество (упак./пакет), шт."": ""40/10"", ""Назначение:"": ""для промышленных и технических водопроводов"", ""Материал корпуса:"": ""латунь ЛС59-1 по ГОСТ 15527-2004"", ""Материал шарового затвора:"": ""латунь ЛС59-1 по ГОСТ 15527-2004 (ГОШ) с покрытием Н9.Х.б"", ""Материал ручки:"": ""алюминий марки АК9М2 с покрытием эпоксиполиэфирной порошковой композицией красного цвета"", ""Материал уплотнений шара и штока:"": ""фторопласт (PTFE)"", ""Метод изготовления:"": ""горяче-объемная штамповка с последующей механической обработкой, гальваническое покрытие никель/хром"", ""Присоединительная резьба, дюймы:"": ""1/2\""; 3/4\"""", ""Номинальное давление, МПа:"": ""6,3 МПа - 1/2\"" ; 4,0 МПа - 3/4\"",1\"", 1 1/4\""; 2,5 МПа - 1 1/2\"", 2\"""", ""Температура эксплуатации, °С:"": ""-20 ÷ +150"", ""Класс по эффективному диаметру:"": ""полнопроходной по ГОСТ 21345-2005"", ""Класс герметичности затвора:"": ""А"", ""Соответствие таблице фигур СТ ЦКБА 023-2015:"": ""Н 11Б27фт1М"", ""Гарантия:"": ""10 лет со дня производства"", ""categories"": [""Запорная арматура серия PREMIUM""]}"
ball_valve,1279607,Ручка-бабочка для шарового крана под пломбу (белая)(арт.VF.RB2W.15.20.W),VF.RB2W.15.20.W,,,,,,,,,,,,,,,,,,,,,,4,55,1,https://valfex.ru/catalog/zapornaya-armatura/komplektuyushchie-dlya-sharovykh-kranov/ruchka-babochka-dlya-sharovogo-krana-pod-plombu-belaya/,"{""Подходит для кранов, дюйм"": ""1/2\"", 3/4\"""", ""Вес шт., кг"": ""0,012"", ""Назначение:"": ""предназначен для использования в качестве запасной детали в случае утери или при необходимости замены аналогичной штатной детали шаровых кранов VALFEX"", ""Материал:"": ""алюминиевый сплав марки АК9М2"", ""Цвет:"": ""белый"", ""Гарантия:"": ""10 лет со дня производства"", ""categories"": [""Комплектующие для шаровых кранов""]}"
ball_valve,1279610,"Кран шаровой (с никелевым покрытием), ручка-бабочка (внутр.-наруж.)(арт.VF.218.NB1.012.N/P59)",VF.218.NB1.012.N/P59,,,,,,,,,"1/2""; 3/4""; 1""; 1 1/4""","2,5; 4,0",,,,,,,,,,,,4,55,1,https://valfex.ru/catalog/zapornaya-armatura/zapornaya-armatura-seriya-standart/zapornaya-armatura-dlya-vody-serii-standart/kran-sharovoy-s-nikelevym-pokrytiem-ruchka-babochka-vnutr-naruzh-/,"{""Размер, мм"": ""15"", ""Размер, дюймы"": ""1/2\"""", ""Количество (упак./пакет), шт."": ""96/24"", ""Назначение:"": ""применяется в составе водопроводов хозяйственно-питьевого назначения, горячей воды, пара, сжатого воздуха, систем отопления и кондиционирования, в технологических трубопроводах, транспортирующих жидкости, не агрессивные к материалам крана"", ""Материал корпуса:"": ""латунь ЛС59-1 (с никелированным покрытием)"", ""Материал шарового затвора:"": ""латунь ЛС59-1"", ""Материал ручки:"": ""алюминий марки АК9М2 с покрытием эпоксиполиэфирной порошковой композицией красного цвета"", ""Материал уплотнений шара и штока:"": ""фторопласт (PTFE)"", ""Метод изготовления:"": ""горяче-объемная штамповка с последующей механической обработкой"", ""Присоединительная резьба, дюймы:"": ""1/2\""; 3/4\""; 1\""; 1 1/4\"""", ""Номинальное давление, МПа:"": ""2,5; 4,0"", ""Температура эксплуатации, °С:"": ""-20 ÷ +150"", ""Класс по эффективному диаметру:"": ""N/P по ГОСТ Р 59553-2021"", ""Класс герметичности затвора:"": ""А"", ""Соответствие таблице фигур СТ ЦКБА 023-2015:"": ""11Б27фт1М"", ""Гарантия:"": ""10 лет со дня производства"", ""categories"": [""Запорная арматура серия STANDART"", ""Запорная арматура для воды серии STANDART N/P 59""]}"
ball_valve,1279611,"Кран шаровой (с никелевым покрытием), ручка-бабочка (внутр.-наруж.)(арт.VF.218.NB1.100.N/P59)",VF.218.NB1.100.N/P59,,,,,,,,,"1/2""; 3/4""; 1""; 1 1/4""","2,5; 4,0",,,,,,,,,,,,4,55,1,https://valfex.ru/catalog/zapornaya-armatura/zapornaya-armatura-seriya-standart/zapornaya-armatura-dlya-vody-serii-standart/kran-sharovoy-s-nikelevym-pokrytiem-ruchka-babochka-vnutr-naruzh-/,"{""Размер, мм"": ""25"", ""Размер, дюймы"": ""1\"""", ""Количество (упак./пакет), шт."": ""48/12"", ""Назначение:"": ""применяется в составе водопроводов хозяйственно-питьевого назначения, горячей воды, пара, сжатого воздуха, систем отопления и кондиционирования, в технологических трубопроводах, транспортирующих жидкости, не агрессивные к материалам крана"", ""Материал корпуса:"": ""латунь ЛС59-1 (с никелированным покрытием)"", ""Материал шарового затвора:"": ""латунь ЛС59-1"", ""Материал ручки:"": ""алюминий марки АК9М2 с покрытием эпоксиполиэфирной порошковой композицией красного цвета"", ""Материал уплотнений шара и штока:"": ""фторопласт (PTFE)"", ""Метод изготовления:"": ""горяче-объемная штамповка с последующей механической обработкой"", ""Присоединительная резьба, дюймы:"": ""1/2\""; 3/4\""; 1\""; 1 1/4\"""", ""Номинальное давление, МПа:"": ""2,5; 4,0"", ""Температура эксплуатации, °С:"": ""-20 ÷ +150"", ""Класс по эффективному диаметру:"": ""N/P по ГОСТ Р 59553-2021"", ""Класс герметичности затвора:"": ""А"", ""Соответствие таблице фигур СТ ЦКБА 023-2015:"": ""11Б27фт1М"", ""Гарантия:"": ""10 лет со дня производства"", ""categories"": [""Запорная арматура серия STANDART"", ""Запорная арматура для воды серии STANDART N/P 59""]}"
ball_valve,1279612,"Кран шаровой (с никелевым покрытием), ручка-бабочка (внутр.-наруж.)(арт.VF.218.NB1.034.N/P59)",VF.218.NB1.034.N/P59,,,,,,,,,"1/2""; 3/4""; 1""; 1 1/4""","2,5; 4,0",,,,,,,,,,,,4,55,1,https://valfex.ru/catalog/zapornaya-armatura/zapornaya-armatura-seriya-standart/zapornaya-armatura-dlya-vody-serii-standart/kran-sharovoy-s-nikelevym-pokrytiem-ruchka-babochka-vnutr-naruzh-/,"{""Размер, мм"": ""20"", ""Размер, дюймы"": ""3/4\"""", ""Количество (упак./пакет), шт."": ""72/18"", ""Назначение:"": ""применяется в составе водопроводов хозяйственно-питьевого назначения, горячей воды, пара, сжатого воздуха, систем отопления и кондиционирования, в технологических трубопроводах, транспортирующих жидкости, не агрессивные к материалам крана"", ""Материал корпуса:"": ""латунь ЛС59-1 (с никелированным покрытием)"", ""Материал шарового затвора:"": ""латунь ЛС59-1"", ""Материал ручки:"": ""алюминий марки АК9М2 с покрытием эпоксиполиэфирной порошковой композицией красного цвета"", ""Материал уплотнений шара и штока:"": ""фторопласт (PTFE)"", ""Метод изготовления:"": ""горяче-объемная штамповка с последующей механической обработкой"", ""Присоединительная резьба, дюймы:"": ""1/2\""; 3/4\""; 1\""; 1 1/4\"""", ""Номинальное давление, МПа:"": ""2,5; 4,0"", ""Температура эксплуатации, °С:"": ""-20 ÷ +150"", ""Класс по эффективному диаметру:"": ""N/P по ГОСТ Р 59553-2021"", ""Класс герметичности затвора:"": ""А"", ""Соответствие таблице фигур СТ ЦКБА 023-2015:"": ""11Б27фт1М"", ""Гарантия:"": ""10 лет со дня производства"", ""categories"": [""Запорная арматура серия STANDART"", ""Запорная арматура для воды серии STANDART N/P 59""]}"
ball_valve,1279613,"Кран шаровой (с никелевым покрытием), ручка-бабочка (внутр.-наруж.)(арт.VF.218.NB1.114.N/P59)",VF.218.NB1.114.N/P59,,,,,,,,,"1/2""; 3/4""; 1""; 1 1/4""","2,5; 4,0",,,,,,,,,,,,4,55,1,https://valfex.ru/catalog/zapornaya-armatura/zapornaya-armatura-seriya-standart/zapornaya-armatura-dlya-vody-serii-standart/kran-sharovoy-s-nikelevym-pokrytiem-ruchka-babochka-vnutr-naruzh-/,"{""Размер, мм"": ""32"", ""Размер, дюймы"": ""1 1/4\"""", ""Количество (упак./пакет), шт."": ""24/6"", ""Назначение:"": ""применяется в составе водопроводов хозяйственно-питьевого назначения, горячей воды, пара, сжатого воздуха, систем отопления и кондиционирования, в технологических трубопроводах, транспортирующих жидкости, не агрессивные к материалам крана"", ""Материал корпуса:"": ""латунь ЛС59-1 (с никелированным покрытием)"", ""Материал шарового затвора:"": ""латунь ЛС59-1"", ""Материал ручки:"": ""алюминий марки АК9М2 с покрытием эпоксиполиэфирной порошковой композицией красного цвета"", ""Материал уплотнений шара и штока:"": ""фторопласт (PTFE)"", ""Метод изготовления:"": ""горяче-объемная штамповка с последующей механической обработкой"", ""Присоединительная резьба, дюймы:"": ""1/2\""; 3/4\""; 1\""; 1 1/4\"""", ""Номинальное давление, МПа:"": ""2,5; 4,0"", ""Температура эксплуатации, °С:"": ""-20 ÷ +150"", ""Класс по эффективному диаметру:"": ""N/P по ГОСТ Р 59553-2021"", ""Класс герметичности затвора:"": ""А"", ""Соответствие таблице фигур СТ ЦКБА 023-2015:"": ""11Б27фт1М"", ""Гарантия:"": ""10 лет со дня производства"", ""categories"": [""Запорная арматура серия STANDART"", ""Запорная арматура для воды серии STANDART N/P 59""]}"
ball_valve,1279692,Штуцер соединительный для радиаторного шарового крана(арт.VF.061.000.034),VF.061.000.034,,,,,,,,,,,,,,,,,,,,,,9,55,1,https://valfex.ru/catalog/zakladnye-detali-i-komplektuyushchie/shtutser-soedinitelnyy-dlya-radiatornogo-sharovogo-krana/,"{""Размер G"": ""3/4''"", ""Типоразмер"": ""20х3/4\""; 25х3/4\"""", ""Высота, мм"": ""23"", ""Вес шт., кг"": ""0,037"", ""Материал:"": ""латунь ЛС59-1"", ""Метод изготовления:"": ""горяче-объемная штамповка с последующей механической обработкой"", ""Присоединительная резьба:"": ""1/2''; 3/4''"", ""categories"": []}"
ball_valve,1279693,Штуцер соединительный для радиаторного шарового крана(арт.VF.061.000.012),VF.061.000.012,,,,,,,,,,,,,,,,,,,,,,9,55,1,https://valfex.ru/catalog/zakladnye-detali-i-komplektuyushchie/shtutser-soedinitelnyy-dlya-radiatornogo-sharovogo-krana/,"{""Размер G"": ""1/2''"", ""Типоразмер"": ""20х1/2\""; 25х1/2\"""", ""Высота, мм"": ""23,5"", ""Вес шт., кг"": ""0,025"", ""Материал:"": ""латунь ЛС59-1"", ""Метод изготовления:"": ""горяче-объемная штамповка с последующей механической обработкой"", ""Присоединительная резьба:"": ""1/2''; 3/4''"", ""categories"": []}"
ball_valve,1279694,"Кран шаровой для газа, ручка-рычаг (внутр.-внутр.)(арт.VF.271.LR3.114.N/P59)",VF.271.LR3.114.N/P59,,,,,,,,,"1/2""; 3/4""; 1""; 1 1/4""; 1 1/2""; 2""","2,5; 4,0",,,,,,,,,,,,4,55,1,https://valfex.ru/catalog/zapornaya-armatura/zapornaya-armatura-seriya-standart/zapornaya-armatura-seriya-standart-dlya-gaza-nepolnoprokhodnaya/kran-sharovoy-dlya-gaza-ruchka-rychag-vnutr-vnutr/,"{""Размер, мм"": ""32"", ""Размер, дюймы"": ""1 1/4\"""", ""Количество (упак./пакет), шт."": ""20/5"", ""Назначение:"": ""применяется в качестве запорной арматуры для газообразных сред, систем газоснабжения, как природным, так и сжиженным углеводородным газом (СУГ) - т/ф 11Б27фтМ"", ""Материал корпуса:"": ""латунь ЛС59-1"", ""Материал шарового затвора:"": ""латунь ЛС59-1"", ""Материал ручки:"": ""алюминий марки АК9М2 с покрытием эпоксиполиэфирной порошковой композицией желтого цвета"", ""Материал уплотнений шара и штока:"": ""фторопласт (PTFE)"", ""Метод изготовления:"": ""горяче-объемная штамповка с последующей механической обработкой"", ""Присоединительная резьба, дюймы:"": ""1/2\""; 3/4\""; 1\""; 1 1/4\""; 1 1/2\""; 2\"""", ""Номинальное давление, МПа:"": ""2,5; 4,0"", ""Температура эксплуатации, °С:"": ""-20 ÷ +150"", ""Класс по эффективному диаметру:"": ""неполнопроходной"", ""Класс герметичности затвора:"": ""А"", ""Соответствие таблице фигур СТ ЦКБА 023-2015:"": ""11Б27фтМ"", ""Гарантия:"": ""10 лет со дня производства"", ""categories"": [""Запорная арматура серия STANDART"", ""Запорная арматура для газа серии STANDART N/P 59""]}"
ball_valve,1279695,"Кран шаровой для газа, ручка-рычаг (внутр.-внутр.)(арт.VF.271.LR3.034.N/P59)",VF.271.LR3.034.N/P59,,,,,,,,,"1/2""; 3/4""; 1""; 1 1/4""; 1 1/2""; 2""","2,5; 4,0",,,,,,,,,,,,4,55,1,https://valfex.ru/catalog/zapornaya-armatura/zapornaya-armatura-seriya-standart/zapornaya-armatura-seriya-standart-dlya-gaza-nepolnoprokhodnaya/kran-sharovoy-dlya-gaza-ruchka-rychag-vnutr-vnutr/,"{""Размер, мм"": ""20"", ""Размер, дюймы"": ""3/4\"""", ""Количество (упак./пакет), шт."": ""64/16"", ""Назначение:"": ""применяется в качестве запорной арматуры для газообразных сред, систем газоснабжения, как природным, так и сжиженным углеводородным газом (СУГ) - т/ф 11Б27фтМ"", ""Материал корпуса:"": ""латунь ЛС59-1"", ""Материал шарового затвора:"": ""латунь ЛС59-1"", ""Материал ручки:"": ""алюминий марки АК9М2 с покрытием эпоксиполиэфирной порошковой композицией желтого цвета"", ""Материал уплотнений шара и штока:"": ""фторопласт (PTFE)"", ""Метод изготовления:"": ""горяче-объемная штамповка с последующей механической обработкой"", ""Присоединительная резьба, дюймы:"": ""1/2\""; 3/4\""; 1\""; 1 1/4\""; 1 1/2\""; 2\"""", ""Номинальное давление, МПа:"": ""2,5; 4,0"", ""Температура эксплуатации, °С:"": ""-20 ÷ +150"", ""Класс по эффективному диаметру:"": ""неполнопроходной"", ""Класс герметичности затвора:"": ""А"", ""Соответствие таблице фигур СТ ЦКБА 023-2015:"": ""11Б27фтМ"", ""Гарантия:"": ""10 лет со дня производства"", ""categories"": [""Запорная арматура серия STANDART"", ""Запорная арматура для газа серии STANDART N/P 59""]}"
ball_valve,1279696,"Кран шаровой для газа, ручка-рычаг (внутр.-внутр.)(арт.VF.271.LR3.200.N/P59)",VF.271.LR3.200.N/P59,,,,,,,,,"1/2""; 3/4""; 1""; 1 1/4""; 1 1/2""; 2""","2,5; 4,0",,,,,,,,,,,,4,55,1,https://valfex.ru/catalog/zapornaya-armatura/zapornaya-armatura-seriya-standart/zapornaya-armatura-seriya-standart-dlya-gaza-nepolnoprokhodnaya/kran-sharovoy-dlya-gaza-ruchka-rychag-vnutr-vnutr/,"{""Размер, мм"": ""50"", ""Размер, дюймы"": ""2\"""", ""Количество (упак./пакет), шт."": ""8/2"", ""Назначение:"": ""применяется в качестве запорной арматуры для газообразных сред, систем газоснабжения, как природным, так и сжиженным углеводородным газом (СУГ) - т/ф 11Б27фтМ"", ""Материал корпуса:"": ""латунь ЛС59-1"", ""Материал шарового затвора:"": ""латунь ЛС59-1"", ""Материал ручки:"": ""алюминий марки АК9М2 с покрытием эпоксиполиэфирной порошковой композицией желтого цвета"", ""Материал уплотнений шара и штока:"": ""фторопласт (PTFE)"", ""Метод изготовления:"": ""горяче-объемная штамповка с последующей механической обработкой"", ""Присоединительная резьба, дюймы:"": ""1/2\""; 3/4\""; 1\""; 1 1/4\""; 1 1/2\""; 2\"""", ""Номинальное давление, МПа:"": ""2,5; 4,0"", ""Температура эксплуатации, °С:"": ""-20 ÷ +150"", ""Класс по эффективному диаметру:"": ""неполнопроходной"", ""Класс герметичности затвора:"": ""А"", ""Соответствие таблице фигур СТ ЦКБА 023-2015:"": ""11Б27фтМ"", ""Гарантия:"": ""10 лет со дня производства"", ""categories"": [""Запорная арматура серия STANDART"", ""Запорная арматура для газа серии STANDART N/P 59""]}"
ball_valve,1279697,"Кран шаровой для газа, ручка-рычаг (внутр.-внутр.)(арт.VF.271.LR3.012.N/P59)",VF.271.LR3.012.N/P59,,,,,,,,,"1/2""; 3/4""; 1""; 1 1/4""; 1 1/2""; 2""","2,5; 4,0",,,,,,,,,,,,4,55,1,https://valfex.ru/catalog/zapornaya-armatura/zapornaya-armatura-seriya-standart/zapornaya-armatura-seriya-standart-dlya-gaza-nepolnoprokhodnaya/kran-sharovoy-dlya-gaza-ruchka-rychag-vnutr-vnutr/,"{""Размер, мм"": ""15"", ""Размер, дюймы"": ""1/2\"""", ""Количество (упак./пакет), шт."": ""96/24"", ""Назначение:"": ""применяется в качестве запорной арматуры для газообразных сред, систем газоснабжения, как природным, так и сжиженным углеводородным газом (СУГ) - т/ф 11Б27фтМ"", ""Материал корпуса:"": ""латунь ЛС59-1"", ""Материал шарового затвора:"": ""латунь ЛС59-1"", ""Материал ручки:"": ""алюминий марки АК9М2 с покрытием эпоксиполиэфирной порошковой композицией желтого цвета"", ""Материал уплотнений шара и штока:"": ""фторопласт (PTFE)"", ""Метод изготовления:"": ""горяче-объемная штамповка с последующей механической обработкой"", ""Присоединительная резьба, дюймы:"": ""1/2\""; 3/4\""; 1\""; 1 1/4\""; 1 1/2\""; 2\"""", ""Номинальное давление, МПа:"": ""2,5; 4,0"", ""Температура эксплуатации, °С:"": ""-20 ÷ +150"", ""Класс по эффективному диаметру:"": ""неполнопроходной"", ""Класс герметичности затвора:"": ""А"", ""Соответствие таблице фигур СТ ЦКБА 023-2015:"": ""11Б27фтМ"", ""Гарантия:"": ""10 лет со дня производства"", ""categories"": [""Запорная арматура серия STANDART"", ""Запорная арматура для газа серии STANDART N/P 59""]}"
ball_valve,1279698,"Кран шаровой для газа, ручка-рычаг (внутр.-внутр.)(арт.VF.271.LR3.112.N/P59)",VF.271.LR3.112.N/P59,,,,,,,,,"1/2""; 3/4""; 1""; 1 1/4""; 1 1/2""; 2""","2,5; 4,0",,,,,,,,,,,,4,55,1,https://valfex.ru/catalog/zapornaya-armatura/zapornaya-armatura-seriya-standart/zapornaya-armatura-seriya-standart-dlya-gaza-nepolnoprokhodnaya/kran-sharovoy-dlya-gaza-ruchka-rychag-vnutr-vnutr/,"{""Размер, мм"": ""40"", ""Размер, дюймы"": ""1 1/2\"""", ""Количество (упак./пакет), шт."": ""8/2"", ""Назначение:"": ""применяется в качестве запорной арматуры для газообразных сред, систем газоснабжения, как природным, так и сжиженным углеводородным газом (СУГ) - т/ф 11Б27фтМ"", ""Материал корпуса:"": ""латунь ЛС59-1"", ""Материал шарового затвора:"": ""латунь ЛС59-1"", ""Материал ручки:"": ""алюминий марки АК9М2 с покрытием эпоксиполиэфирной порошковой композицией желтого цвета"", ""Материал уплотнений шара и штока:"": ""фторопласт (PTFE)"", ""Метод изготовления:"": ""горяче-объемная штамповка с последующей механической обработкой"", ""Присоединительная резьба, дюймы:"": ""1/2\""; 3/4\""; 1\""; 1 1/4\""; 1 1/2\""; 2\"""", ""Номинальное давление, МПа:"": ""2,5; 4,0"", ""Температура эксплуатации, °С:"": ""-20 ÷ +150"", ""Класс по эффективному диаметру:"": ""неполнопроходной"", ""Класс герметичности затвора:"": ""А"", ""Соответствие таблице фигур СТ ЦКБА 023-2015:"": ""11Б27фтМ"", ""Гарантия:"": ""10 лет со дня производства"", ""categories"": [""Запорная арматура серия STANDART"", ""Запорная арматура для газа серии STANDART N/P 59""]}"
ball_valve,1279699,"Кран шаровой для газа, ручка-рычаг (внутр.-внутр.)(арт.VF.271.LR3.100.N/P59)",VF.271.LR3.100.N/P59,,,,,,,,,"1/2""; 3/4""; 1""; 1 1/4""; 1 1/2""; 2""","2,5; 4,0",,,,,,,,,,,,4,55,1,https://valfex.ru/catalog/zapornaya-armatura/zapornaya-armatura-seriya-standart/zapornaya-armatura-seriya-standart-dlya-gaza-nepolnoprokhodnaya/kran-sharovoy-dlya-gaza-ruchka-rychag-vnutr-vnutr/,"{""Размер, мм"": ""25"", ""Размер, дюймы"": ""1\"""", ""Количество (упак./пакет), шт."": ""40/10"", ""Назначение:"": ""применяется в качестве запорной арматуры для газообразных сред, систем газоснабжения, как природным, так и сжиженным углеводородным газом (СУГ) - т/ф 11Б27фтМ"", ""Материал корпуса:"": ""латунь ЛС59-1"", ""Материал шарового затвора:"": ""латунь ЛС59-1"", ""Материал ручки:"": ""алюминий марки АК9М2 с покрытием эпоксиполиэфирной порошковой композицией желтого цвета"", ""Материал уплотнений шара и штока:"": ""фторопласт (PTFE)"", ""Метод изготовления:"": ""горяче-объемная штамповка с последующей механической обработкой"", ""Присоединительная резьба, дюймы:"": ""1/2\""; 3/4\""; 1\""; 1 1/4\""; 1 1/2\""; 2\"""", ""Номинальное давление, МПа:"": ""2,5; 4,0"", ""Температура эксплуатации, °С:"": ""-20 ÷ +150"", ""Класс по эффективному диаметру:"": ""неполнопроходной"", ""Класс герметичности затвора:"": ""А"", ""Соответствие таблице фигур СТ ЦКБА 023-2015:"": ""11Б27фтМ"", ""Гарантия:"": ""10 лет со дня производства"", ""categories"": [""Запорная арматура серия STANDART"", ""Запорная арматура для газа серии STANDART N/P 59""]}"
ball_valve,1279700,Ручка-рычаг для шарового крана (желтая)(арт.VF.RR3Gp.40.50),VF.RR3Gp.40.50,,,,,,,,,,,,,,,,,,,,,,4,55,1,https://valfex.ru/catalog/zapornaya-armatura/komplektuyushchie-dlya-sharovykh-kranov/ruchka-rychag-dlya-sharovogo-krana-zheltaya/,"{""Подходит для кранов, дюйм"": ""1 1/2\"", 2\"""", ""Вес шт., кг"": ""0,088"", ""Назначение:"": ""для использования в качестве запасной детали в случае утери или при необходимости замены аналогичной штатной детали шаровых кранов VALFEX."", ""Материал:"": ""алюминиевый сплав марки АК9М2."", ""Гарантия:"": ""10 лет со дня производства."", ""Цвет:"": ""желтый"", ""categories"": [""Комплектующие для шаровых кранов""]}"
ball_valve,1279701,Ручка-рычаг для шарового крана (желтая)(арт.VF.RR2Gp.25.32),VF.RR2Gp.25.32,,,,,,,,,,,,,,,,,,,,,,4,55,1,https://valfex.ru/catalog/zapornaya-armatura/komplektuyushchie-dlya-sharovykh-kranov/ruchka-rychag-dlya-sharovogo-krana-zheltaya/,"{""Подходит для кранов, дюйм"": ""1\"", 1 1/4\"""", ""Вес шт., кг"": ""0,036"", ""Назначение:"": ""для использования в качестве запасной детали в случае утери или при необходимости замены аналогичной штатной детали шаровых кранов VALFEX."", ""Материал:"": ""алюминиевый сплав марки АК9М2."", ""Гарантия:"": ""10 лет со дня производства."", ""Цвет:"": ""желтый"", ""categories"": [""Комплектующие для шаровых кранов""]}"
ball_valve,1279702,Ручка-рычаг для шарового крана (желтая)(арт.VF.RR1Gp.15.20),VF.RR1Gp.15.20,,,,,,,,,,,,,,,,,,,,,,4,55,1,https://valfex.ru/catalog/zapornaya-armatura/komplektuyushchie-dlya-sharovykh-kranov/ruchka-rychag-dlya-sharovogo-krana-zheltaya/,"{""Подходит для кранов, дюйм"": ""1/2\"", 3/4\"""", ""Вес шт., кг"": ""0,025"", ""Назначение:"": ""для использования в качестве запасной детали в случае утери или при необходимости замены аналогичной штатной детали шаровых кранов VALFEX."", ""Материал:"": ""алюминиевый сплав марки АК9М2."", ""Гарантия:"": ""10 лет со дня производства."", ""Цвет:"": ""желтый"", ""categories"": [""Комплектующие для шаровых кранов""]}"
ball_valve,1279709,Кран шаровой комбинированный (наружная резьба)(арт.10144232),10144232,,,,,,,,,,25,,,,,,,,,,,,9,55,1,https://valfex.ru/catalog/polipropilenovye-truby-i-fitingi/polipropilenovye-fitingi-i-komplektuyushchie-1/polipropilenovye-fitingi-seriya-standard/kran-sharovoy-kombinirovannyy-naruzhnaya-rezba/,"{""Размер, мм"": ""32х1\"""", ""Количество (упак/пакет), шт"": ""24/6"", ""Цвет"": ""Белый"", ""Назначение:"": ""предназначен для перекрытия потока жидкости в трубах"", ""Изготовлен:"": ""по ТУ 2248-001-21088915-2015 «Трубы напорные и соединительные детали к ним из полипропилена PP-R ТМ VALFEX» разработанные в соответствии с требованиями ГОСТ 32415-2013"", ""Материал:"": ""PPR"", ""Материал закладной детали:"": ""латунь ЛС59-1"", ""Форма поставки:"": ""картонная коробка"", ""Класс по эффективному диаметру:"": ""полнопроходной"", ""Класс эксплуатации:"": ""1, 2, 4, 5, ХВ"", ""Рабочая температура, °С:"": ""80"", ""Максимальная рабочая температура, °С:"": ""90"", ""Номинальное давление, PN, бар:"": ""25"", ""Технология монтажа:"": ""раструбная полифузионная сварка"", ""Цвет:"": ""белый/серый"", ""Гарантия:"": ""10 лет со дня производства"", ""categories"": [""Полипропиленовые фитинги и комплектующие"", ""Полипропиленовые фитинги серия STANDART""]}"
ball_valve,1279710,Кран шаровой комбинированный (наружная резьба)(арт.10144225),10144225,,,,,,,,,,25,,,,,,,,,,,,9,55,1,https://valfex.ru/catalog/polipropilenovye-truby-i-fitingi/polipropilenovye-fitingi-i-komplektuyushchie-1/polipropilenovye-fitingi-seriya-standard/kran-sharovoy-kombinirovannyy-naruzhnaya-rezba/,"{""Размер, мм"": ""25x3/4\"""", ""Количество (упак/пакет), шт"": ""40/10"", ""Цвет"": ""Белый"", ""Назначение:"": ""предназначен для перекрытия потока жидкости в трубах"", ""Изготовлен:"": ""по ТУ 2248-001-21088915-2015 «Трубы напорные и соединительные детали к ним из полипропилена PP-R ТМ VALFEX» разработанные в соответствии с требованиями ГОСТ 32415-2013"", ""Материал:"": ""PPR"", ""Материал закладной детали:"": ""латунь ЛС59-1"", ""Форма поставки:"": ""картонная коробка"", ""Класс по эффективному диаметру:"": ""полнопроходной"", ""Класс эксплуатации:"": ""1, 2, 4, 5, ХВ"", ""Рабочая температура, °С:"": ""80"", ""Максимальная рабочая температура, °С:"": ""90"", ""Номинальное давление, PN, бар:"": ""25"", ""Технология монтажа:"": ""раструбная полифузионная сварка"", ""Цвет:"": ""белый/серый"", ""Гарантия:"": ""10 лет со дня производства"", ""categories"": [""Полипропиленовые фитинги и комплектующие"", ""Полипропиленовые фитинги серия STANDART""]}"
ball_valve,1279711,Кран шаровой комбинированный (наружная резьба)(арт.10144220),10144220,,,,,,,,,,25,,,,,,,,,,,,9,55,1,https://valfex.ru/catalog/polipropilenovye-truby-i-fitingi/polipropilenovye-fitingi-i-komplektuyushchie-1/polipropilenovye-fitingi-seriya-standard/kran-sharovoy-kombinirovannyy-naruzhnaya-rezba/,"{""Размер, мм"": ""20x1/2\"""", ""Количество (упак/пакет), шт"": ""60/15"", ""Цвет"": ""Белый"", ""Назначение:"": ""предназначен для перекрытия потока жидкости в трубах"", ""Изготовлен:"": ""по ТУ 2248-001-21088915-2015 «Трубы напорные и соединительные детали к ним из полипропилена PP-R ТМ VALFEX» разработанные в соответствии с требованиями ГОСТ 32415-2013"", ""Материал:"": ""PPR"", ""Материал закладной детали:"": ""латунь ЛС59-1"", ""Форма поставки:"": ""картонная коробка"", ""Класс по эффективному диаметру:"": ""полнопроходной"", ""Класс эксплуатации:"": ""1, 2, 4, 5, ХВ"", ""Рабочая температура, °С:"": ""80"", ""Максимальная рабочая температура, °С:"": ""90"", ""Номинальное давление, PN, бар:"": ""25"", ""Технология монтажа:"": ""раструбная полифузионная сварка"", ""Цвет:"": ""белый/серый"", ""Гарантия:"": ""10 лет со дня производства"", ""categories"": [""Полипропиленовые фитинги и комплектующие"", ""Полипропиленовые фитинги серия STANDART""]}"
ball_valve,1279973,Шток для шарового крана(арт.VF.071.000.032-040),VF.071.000.032-040,,,,,,,,,,,,,,,,,,,,,,9,55,1,https://valfex.ru/catalog/zakladnye-detali-i-komplektuyushchie/shtok-dlya-sharovogo-krana/,"{""Типоразмер"": ""32; 40"", ""D, мм"": ""12"", ""L, мм"": ""34,5"", ""Вес шт., кг"": ""0,021"", ""Материал:"": ""латунь ЛС59-1"", ""Метод изготовления:"": ""горяче-объемная штамповка с последующей механической обработкой"", ""categories"": []}"
ball_valve,1279974,Шток для шарового крана(арт.VF.071.000.050-063),VF.071.000.050-063,,,,,,,,,,,,,,,,,,,,,,9,55,1,https://valfex.ru/catalog/zakladnye-detali-i-komplektuyushchie/shtok-dlya-sharovogo-krana/,"{""Типоразмер"": ""50; 63"", ""D, мм"": ""13,9"", ""L, мм"": ""45"", ""Вес шт., кг"": ""0,043"", ""Материал:"": ""латунь ЛС59-1"", ""Метод изготовления:"": ""горяче-объемная штамповка с последующей механической обработкой"", ""categories"": []}"
ball_valve,1279975,Шток для шарового крана(арт.VF.071.000.020-025),VF.071.000.020-025,,,,,,,,,,,,,,,,,,,,,,9,55,1,https://valfex.ru/catalog/zakladnye-detali-i-komplektuyushchie/shtok-dlya-sharovogo-krana/,"{""Типоразмер"": ""20; 25"", ""D, мм"": ""10"", ""L, мм"": ""31,5"", ""Вес шт., кг"": ""0,014"", ""Материал:"": ""латунь ЛС59-1"", ""Метод изготовления:"": ""горяче-объемная штамповка с последующей механической обработкой"", ""categories"": []}"
ball_valve,1279979,"Кран шаровой, ручка-рычаг (наруж.-наруж.)(арт.VF.220.LR1.012.N/P59)",VF.220.LR1.012.N/P59,,,,,,,,,"1/2""; 3/4""","2,5; 4,0",,,,,,,,,,,,4,55,1,https://valfex.ru/catalog/zapornaya-armatura/zapornaya-armatura-seriya-standart/zapornaya-armatura-dlya-vody-serii-standart/kran-sharovoy-ruchka-rychag-11b27p1-naruzh-naruzh/,"{""Размер, мм"": ""15"", ""Размер, дюймы"": ""1/2\"""", ""Количество (упак./пакет), шт."": ""96/24"", ""Назначение:"": ""применяется в составе водопроводов хозяйственно-питьевого назначения, горячей воды, пара, сжатого воздуха, систем отопления и кондиционирования, в технологических трубопроводах, транспортирующих жидкости, не агрессивные к материалам крана"", ""Материал корпуса:"": ""латунь ЛС59-1"", ""Материал шарового затвора:"": ""латунь ЛС59-1"", ""Материал ручки:"": ""алюминий марки АК9М2 с покрытием эпоксиполиэфирной порошковой композицией красного цвета"", ""Материал уплотнений шара и штока:"": ""фторопласт (PTFE)"", ""Метод изготовления:"": ""горяче-объемная штамповка с последующей механической обработкой"", ""Присоединительная резьба, дюймы:"": ""1/2\""; 3/4\"""", ""Номинальное давление, МПа:"": ""2,5; 4,0"", ""Температура эксплуатации, °С:"": ""-20 ÷ +150"", ""Класс по эффективному диаметру:"": ""N/P по ГОСТ Р 59553-2021"", ""Класс герметичности затвора:"": ""А"", ""Соответствие таблице фигур СТ ЦКБА 023-2015:"": ""11Б27фт1М"", ""Гарантия:"": ""10 лет со дня производства"", ""categories"": [""Запорная арматура серия STANDART"", ""Запорная арматура для воды серии STANDART N/P 59""]}"
ball_valve,1279980,"Кран шаровой, ручка-рычаг (наруж.-наруж.)(арт.VF.220.LR1.034.N/P59)",VF.220.LR1.034.N/P59,,,,,,,,,"1/2""; 3/4""","2,5; 4,0",,,,,,,,,,,,4,55,1,https://valfex.ru/catalog/zapornaya-armatura/zapornaya-armatura-seriya-standart/zapornaya-armatura-dlya-vody-serii-standart/kran-sharovoy-ruchka-rychag-11b27p1-naruzh-naruzh/,"{""Размер, мм"": ""20"", ""Размер, дюймы"": ""3/4\"""", ""Количество (упак./пакет), шт."": ""56/14"", ""Назначение:"": ""применяется в составе водопроводов хозяйственно-питьевого назначения, горячей воды, пара, сжатого воздуха, систем отопления и кондиционирования, в технологических трубопроводах, транспортирующих жидкости, не агрессивные к материалам крана"", ""Материал корпуса:"": ""латунь ЛС59-1"", ""Материал шарового затвора:"": ""латунь ЛС59-1"", ""Материал ручки:"": ""алюминий марки АК9М2 с покрытием эпоксиполиэфирной порошковой композицией красного цвета"", ""Материал уплотнений шара и штока:"": ""фторопласт (PTFE)"", ""Метод изготовления:"": ""горяче-объемная штамповка с последующей механической обработкой"", ""Присоединительная резьба, дюймы:"": ""1/2\""; 3/4\"""", ""Номинальное давление, МПа:"": ""2,5; 4,0"", ""Температура эксплуатации, °С:"": ""-20 ÷ +150"", ""Класс по эффективному диаметру:"": ""N/P по ГОСТ Р 59553-2021"", ""Класс герметичности затвора:"": ""А"", ""Соответствие таблице фигур СТ ЦКБА 023-2015:"": ""11Б27фт1М"", ""Гарантия:"": ""10 лет со дня производства"", ""categories"": [""Запорная арматура серия STANDART"", ""Запорная арматура для воды серии STANDART N/P 59""]}"
ball_valve,1280109,Кран шаровой угловой удлиненный(арт.VF.393.N.012),VF.393.N.012,,,,,,,,,,8,,,,,,,,,,,,4,55,1,https://valfex.ru/catalog/zapornaya-armatura/ventili-i-krany/kran-sharovoy-uglovoy-udlinennyy/,"{""Размер, дюйм"": ""1/2\""x1/2\"""", ""Количество (упак./пакет), шт."": ""200/10"", ""Назначение:"": ""применяется на технологических трубопроводах промышленных объектов"", ""Материал:"": ""латунь с никелированным покрытием"", ""Температура рабочей среды, ºС"": ""от +5°С до + 95°С"", ""Номинальное давление, PN, бар:"": ""8"", ""Средний полный срок службы:"": ""15 лет"", ""Гарантия:"": ""2 года"", ""categories"": [""Вентили и краны""]}"
ball_valve,1280257,Кран шаровой угловой(арт.VF.392.N.05),VF.392.N.05,,,,,,,,,,"1,0",,,,,,,,,,,,4,55,1,https://valfex.ru/catalog/zapornaya-armatura/ventili-i-krany/kran-sharovoy-uglovoy/,"{""Размер, дюйм"": ""1/2\""x3/4\"""", ""Количество (упак./пакет), шт."": ""168/14"", ""Назначение:"": ""применяется на технологических трубопроводах промышленных объектов"", ""Материал корпуса:"": ""латунь с хромированным покрытием"", ""Рабочее давление, МПа:"": ""1,0"", ""Температура рабочей среды, ºС:"": ""от -10 до +90"", ""Средний полный ресурс, циклы:"": ""4000"", ""Гарантия:"": ""2 года"", ""categories"": [""Вентили и краны""]}"
ball_valve,1280258,Кран шаровой угловой(арт.VF.392.N.04),VF.392.N.04,,,,,,,,,,"1,0",,,,,,,,,,,,4,55,1,https://valfex.ru/catalog/zapornaya-armatura/ventili-i-krany/kran-sharovoy-uglovoy/,"{""Размер, дюйм"": ""1/2\""x1/2\"""", ""Количество (упак./пакет), шт."": ""168/14"", ""Назначение:"": ""применяется на технологических трубопроводах промышленных объектов"", ""Материал корпуса:"": ""латунь с хромированным покрытием"", ""Рабочее давление, МПа:"": ""1,0"", ""Температура рабочей среды, ºС:"": ""от -10 до +90"", ""Средний полный ресурс, циклы:"": ""4000"", ""Гарантия:"": ""2 года"", ""categories"": [""Вентили и краны""]}"
ball_valve,1280265,Ручка-бабочка для шарового крана под пломбу (желтая)(арт.VF.RB3Gp.25.32),VF.RB3Gp.25.32,,,,,,,,,,,,,,,,,,,,,,4,55,1,https://valfex.ru/catalog/zapornaya-armatura/komplektuyushchie-dlya-sharovykh-kranov/ruchka-babochka-pod-plombu-zheltaya/,"{""Подходит для кранов, дюйм"": ""1\"", 1 1/4\"""", ""Вес шт., кг"": """", ""Назначение:"": ""для использования в качестве запасной детали в случае утери или при необходимости замены аналогичной штатной детали шаровых кранов VALFEX."", ""Материал:"": ""алюминиевый сплав марки АК9М2."", ""Гарантия:"": ""10 лет со дня производства."", ""Цвет:"": ""желтый"", ""categories"": [""Комплектующие для шаровых кранов""]}"
ball_valve,1280312,"Кран шаровой (с никелевым покрытием) для газа, ручка-бабочка (внутр.-внутр.)(арт.VF.277.NB3.012.N/P59)",VF.277.NB3.012.N/P59,,,,,,,,,"1/2""; 3/4""; 1""; 1 1/4"";","2,5; 4,0",,,,,,,,,,,,4,55,1,https://valfex.ru/catalog/zapornaya-armatura/zapornaya-armatura-seriya-standart/zapornaya-armatura-seriya-standart-dlya-gaza-nepolnoprokhodnaya/kran-sharovoy-s-nikelevym-pokrytiem-dlya-gaza-ruchka-babochka-vnutr-vnutr-/,"{""Размер, мм"": ""15"", ""Размер, дюймы"": ""1/2\"""", ""Количество (упак./пакет), шт."": ""96/24"", ""Назначение:"": ""применяется в качестве запорной арматуры для газообразных сред, систем газоснабжения, как природным, так и сжиженным углеводородным газом (СУГ) - т/ф 11Б27фтМ"", ""Материал корпуса:"": ""латунь ЛС59-1"", ""Материал шарового затвора:"": ""латунь ЛС59-1 (с никелированным покрытием)"", ""Материал ручки:"": ""алюминий марки АК9М2 с покрытием эпоксиполиэфирной порошковой композицией желтого цвета"", ""Материал уплотнений шара и штока:"": ""фторопласт (PTFE)"", ""Метод изготовления:"": ""горяче-объемная штамповка с последующей механической обработкой"", ""Присоединительная резьба, дюймы:"": ""1/2\""; 3/4\""; 1\""; 1 1/4\"";"", ""Номинальное давление, МПа:"": ""2,5; 4,0"", ""Температура эксплуатации, °С:"": ""-20 ÷ +150"", ""Класс по эффективному диаметру:"": ""неполнопроходной"", ""Класс герметичности затвора:"": ""А"", ""Соответствие таблице фигур СТ ЦКБА 023-2015:"": ""11Б27фтМ"", ""Гарантия:"": ""10 лет со дня производства"", ""categories"": [""Запорная арматура серия STANDART"", ""Запорная арматура для газа серии STANDART N/P 59""]}"
ball_valve,1280313,"Кран шаровой (с никелевым покрытием) для газа, ручка-бабочка (внутр.-внутр.)(арт.VF.277.NB3.114.N/P59)",VF.277.NB3.114.N/P59,,,,,,,,,"1/2""; 3/4""; 1""; 1 1/4"";","2,5; 4,0",,,,,,,,,,,,4,55,1,https://valfex.ru/catalog/zapornaya-armatura/zapornaya-armatura-seriya-standart/zapornaya-armatura-seriya-standart-dlya-gaza-nepolnoprokhodnaya/kran-sharovoy-s-nikelevym-pokrytiem-dlya-gaza-ruchka-babochka-vnutr-vnutr-/,"{""Размер, мм"": ""32"", ""Размер, дюймы"": ""1 1/4\"""", ""Количество (упак./пакет), шт."": ""32/8"", ""Назначение:"": ""применяется в качестве запорной арматуры для газообразных сред, систем газоснабжения, как природным, так и сжиженным углеводородным газом (СУГ) - т/ф 11Б27фтМ"", ""Материал корпуса:"": ""латунь ЛС59-1"", ""Материал шарового затвора:"": ""латунь ЛС59-1 (с никелированным покрытием)"", ""Материал ручки:"": ""алюминий марки АК9М2 с покрытием эпоксиполиэфирной порошковой композицией желтого цвета"", ""Материал уплотнений шара и штока:"": ""фторопласт (PTFE)"", ""Метод изготовления:"": ""горяче-объемная штамповка с последующей механической обработкой"", ""Присоединительная резьба, дюймы:"": ""1/2\""; 3/4\""; 1\""; 1 1/4\"";"", ""Номинальное давление, МПа:"": ""2,5; 4,0"", ""Температура эксплуатации, °С:"": ""-20 ÷ +150"", ""Класс по эффективному диаметру:"": ""неполнопроходной"", ""Класс герметичности затвора:"": ""А"", ""Соответствие таблице фигур СТ ЦКБА 023-2015:"": ""11Б27фтМ"", ""Гарантия:"": ""10 лет со дня производства"", ""categories"": [""Запорная арматура серия STANDART"", ""Запорная арматура для газа серии STANDART N/P 59""]}"
ball_valve,1280314,"Кран шаровой (с никелевым покрытием) для газа, ручка-бабочка (внутр.-внутр.)(арт.VF.277.NB3.034.N/P59)",VF.277.NB3.034.N/P59,,,,,,,,,"1/2""; 3/4""; 1""; 1 1/4"";","2,5; 4,0",,,,,,,,,,,,4,55,1,https://valfex.ru/catalog/zapornaya-armatura/zapornaya-armatura-seriya-standart/zapornaya-armatura-seriya-standart-dlya-gaza-nepolnoprokhodnaya/kran-sharovoy-s-nikelevym-pokrytiem-dlya-gaza-ruchka-babochka-vnutr-vnutr-/,"{""Размер, мм"": ""20"", ""Размер, дюймы"": ""3/4\"""", ""Количество (упак./пакет), шт."": ""80/20"", ""Назначение:"": ""применяется в качестве запорной арматуры для газообразных сред, систем газоснабжения, как природным, так и сжиженным углеводородным газом (СУГ) - т/ф 11Б27фтМ"", ""Материал корпуса:"": ""латунь ЛС59-1"", ""Материал шарового затвора:"": ""латунь ЛС59-1 (с никелированным покрытием)"", ""Материал ручки:"": ""алюминий марки АК9М2 с покрытием эпоксиполиэфирной порошковой композицией желтого цвета"", ""Материал уплотнений шара и штока:"": ""фторопласт (PTFE)"", ""Метод изготовления:"": ""горяче-объемная штамповка с последующей механической обработкой"", ""Присоединительная резьба, дюймы:"": ""1/2\""; 3/4\""; 1\""; 1 1/4\"";"", ""Номинальное давление, МПа:"": ""2,5; 4,0"", ""Температура эксплуатации, °С:"": ""-20 ÷ +150"", ""Класс по эффективному диаметру:"": ""неполнопроходной"", ""Класс герметичности затвора:"": ""А"", ""Соответствие таблице фигур СТ ЦКБА 023-2015:"": ""11Б27фтМ"", ""Гарантия:"": ""10 лет со дня производства"", ""categories"": [""Запорная арматура серия STANDART"", ""Запорная арматура для газа серии STANDART N/P 59""]}"
ball_valve,1280315,"Кран шаровой (с никелевым покрытием) для газа, ручка-бабочка (внутр.-внутр.)(арт.VF.277.NB3.100.N/P59)",VF.277.NB3.100.N/P59,,,,,,,,,"1/2""; 3/4""; 1""; 1 1/4"";","2,5; 4,0",,,,,,,,,,,,4,55,1,https://valfex.ru/catalog/zapornaya-armatura/zapornaya-armatura-seriya-standart/zapornaya-armatura-seriya-standart-dlya-gaza-nepolnoprokhodnaya/kran-sharovoy-s-nikelevym-pokrytiem-dlya-gaza-ruchka-babochka-vnutr-vnutr-/,"{""Размер, мм"": ""25"", ""Размер, дюймы"": ""1\"""", ""Количество (упак./пакет), шт."": ""48/12"", ""Назначение:"": ""применяется в качестве запорной арматуры для газообразных сред, систем газоснабжения, как природным, так и сжиженным углеводородным газом (СУГ) - т/ф 11Б27фтМ"", ""Материал корпуса:"": ""латунь ЛС59-1"", ""Материал шарового затвора:"": ""латунь ЛС59-1 (с никелированным покрытием)"", ""Материал ручки:"": ""алюминий марки АК9М2 с покрытием эпоксиполиэфирной порошковой композицией желтого цвета"", ""Материал уплотнений шара и штока:"": ""фторопласт (PTFE)"", ""Метод изготовления:"": ""горяче-объемная штамповка с последующей механической обработкой"", ""Присоединительная резьба, дюймы:"": ""1/2\""; 3/4\""; 1\""; 1 1/4\"";"", ""Номинальное давление, МПа:"": ""2,5; 4,0"", ""Температура эксплуатации, °С:"": ""-20 ÷ +150"", ""Класс по эффективному диаметру:"": ""неполнопроходной"", ""Класс герметичности затвора:"": ""А"", ""Соответствие таблице фигур СТ ЦКБА 023-2015:"": ""11Б27фтМ"", ""Гарантия:"": ""10 лет со дня производства"", ""categories"": [""Запорная арматура серия STANDART"", ""Запорная арматура для газа серии STANDART N/P 59""]}"
ball_valve,1280526,Гайка для радиаторного шарового крана(арт.VF.062.000.034),VF.062.000.034,,,,,,,,,,,,,,,,,,,,,,9,55,1,https://valfex.ru/catalog/zakladnye-detali-i-komplektuyushchie/gayka-dlya-radiatornogo-sharovogo-krana/,"{""Размер G"": ""3/4''"", ""Типоразмер"": ""20х3/4\""; 25х3/4\"""", ""SW, мм"": ""34"", ""Вес шт., кг"": ""0,025"", ""Материал:"": ""латунь ЛС59-1"", ""Метод изготовления:"": ""горяче-объемная штамповка с последующей механической обработкой"", ""Присоединительная резьба:"": ""1/2''; 3/4''"", ""categories"": []}"
ball_valve,1280527,Гайка для радиаторного шарового крана(арт.VF.062.000.012),VF.062.000.012,,,,,,,,,,,,,,,,,,,,,,9,55,1,https://valfex.ru/catalog/zakladnye-detali-i-komplektuyushchie/gayka-dlya-radiatornogo-sharovogo-krana/,"{""Размер G"": ""1/2''"", ""Типоразмер"": ""20х1/2\""; 25х1/2\"""", ""SW, мм"": ""30"", ""Вес шт., кг"": ""0,021"", ""Материал:"": ""латунь ЛС59-1"", ""Метод изготовления:"": ""горяче-объемная штамповка с последующей механической обработкой"", ""Присоединительная резьба:"": ""1/2''; 3/4''"", ""categories"": []}"
butterfly_valve,1282182,"Трап линейный PREMIUM комбинированный затвор, поворотный излив, решетка №4, сталь(арт.VF.071.050K.800.04.PR)",VF.071.050K.800.04.PR,,,,,,,,,,,,,,,,,,,,,,1,55,1,https://valfex.ru/catalog/trapy-dlya-sliva-vody/trapy-dlya-sliva-vody-seriya-premium/trap-lineynyy-premium-kombinirovannyy-zatvor-povorotnyy-izliv-4-stal/,"{""Назначение:"": ""для отвода воды из душевой комнаты или кабины в канализацию."", ""Материал:"": ""нержавеющая сталь."", ""Выпуск на канализацию, мм:"": ""40"", ""Тип затвора:"": ""комбинированный (сухой+гидро)"", ""Пропускная способность, л/мин:"": ""40"", ""Цвет:"": ""сталь"", ""categories"": [""Трапы для слива воды серия PREMIUM""]}"
butterfly_valve,1282183,"Трап линейный PREMIUM комбинированный затвор, поворотный излив, решетка №4, сталь(арт.VF.071.050K.300.04.PR)",VF.071.050K.300.04.PR,,,,,,,,,,,,,,,,,,,,,,1,55,1,https://valfex.ru/catalog/trapy-dlya-sliva-vody/trapy-dlya-sliva-vody-seriya-premium/trap-lineynyy-premium-kombinirovannyy-zatvor-povorotnyy-izliv-4-stal/,"{""Назначение:"": ""для отвода воды из душевой комнаты или кабины в канализацию."", ""Материал:"": ""нержавеющая сталь."", ""Выпуск на канализацию, мм:"": ""40"", ""Тип затвора:"": ""комбинированный (сухой+гидро)"", ""Пропускная способность, л/мин:"": ""40"", ""Цвет:"": ""сталь"", ""categories"": [""Трапы для слива воды серия PREMIUM""]}"
butterfly_valve,1282184,"Трап линейный PREMIUM комбинированный затвор, поворотный излив, решетка №4, сталь(арт.VF.071.050K.600.04.PR)",VF.071.050K.600.04.PR,,,,,,,,,,,,,,,,,,,,,,1,55,1,https://valfex.ru/catalog/trapy-dlya-sliva-vody/trapy-dlya-sliva-vody-seriya-premium/trap-lineynyy-premium-kombinirovannyy-zatvor-povorotnyy-izliv-4-stal/,"{""Назначение:"": ""для отвода воды из душевой комнаты или кабины в канализацию."", ""Материал:"": ""нержавеющая сталь."", ""Выпуск на канализацию, мм:"": ""40"", ""Тип затвора:"": ""комбинированный (сухой+гидро)"", ""Пропускная способность, л/мин:"": ""40"", ""Цвет:"": ""сталь"", ""categories"": [""Трапы для слива воды серия PREMIUM""]}"
butterfly_valve,1282843,"Трап линейный PREMIUM комбинированный затвор, поворотный излив, решетка №2, сталь(арт.VF.071.050K.600.02.PR)",VF.071.050K.600.02.PR,,,,,,,,,,,,,,,,,,,,,,1,55,1,https://valfex.ru/catalog/trapy-dlya-sliva-vody/trapy-dlya-sliva-vody-seriya-premium/trap-lineynyy-premium-kombinirovannyy-zatvor-povorotnyy-izliv-reshetka-2-stal/,"{""Назначение:"": ""для отвода воды из душевой комнаты или кабины в канализацию."", ""Материал:"": ""нержавеющая сталь."", ""Выпуск на канализацию, мм:"": ""40"", ""Тип затвора:"": ""комбинированный (сухой+гидро)"", ""Пропускная способность, л/мин:"": ""40"", ""Цвет:"": ""сталь"", ""categories"": [""Трапы для слива воды серия PREMIUM""]}"
butterfly_valve,1282844,"Трап линейный PREMIUM комбинированный затвор, поворотный излив, решетка №2, сталь(арт.VF.071.050K.800.02.PR)",VF.071.050K.800.02.PR,,,,,,,,,,,,,,,,,,,,,,1,55,1,https://valfex.ru/catalog/trapy-dlya-sliva-vody/trapy-dlya-sliva-vody-seriya-premium/trap-lineynyy-premium-kombinirovannyy-zatvor-povorotnyy-izliv-reshetka-2-stal/,"{""Назначение:"": ""для отвода воды из душевой комнаты или кабины в канализацию."", ""Материал:"": ""нержавеющая сталь."", ""Выпуск на канализацию, мм:"": ""40"", ""Тип затвора:"": ""комбинированный (сухой+гидро)"", ""Пропускная способность, л/мин:"": ""40"", ""Цвет:"": ""сталь"", ""categories"": [""Трапы для слива воды серия PREMIUM""]}"
butterfly_valve,1282845,"Трап линейный PREMIUM комбинированный затвор, поворотный излив, решетка №2, сталь(арт.VF.071.050K.300.02.PR)",VF.071.050K.300.02.PR,,,,,,,,,,,,,,,,,,,,,,1,55,1,https://valfex.ru/catalog/trapy-dlya-sliva-vody/trapy-dlya-sliva-vody-seriya-premium/trap-lineynyy-premium-kombinirovannyy-zatvor-povorotnyy-izliv-reshetka-2-stal/,"{""Назначение:"": ""для отвода воды из душевой комнаты или кабины в канализацию."", ""Материал:"": ""нержавеющая сталь."", ""Выпуск на канализацию, мм:"": ""40"", ""Тип затвора:"": ""комбинированный (сухой+гидро)"", ""Пропускная способность, л/мин:"": ""40"", ""Цвет:"": ""сталь"", ""categories"": [""Трапы для слива воды серия PREMIUM""]}"
butterfly_valve,1283914,"Трап линейный PREMIUM комбинированный затвор, поворотный излив, решетка №8, сталь(арт.VF.071.050K.600.08.PR)",VF.071.050K.600.08.PR,,,,,,,,,,,,,,,,,,,,,,1,55,1,https://valfex.ru/catalog/trapy-dlya-sliva-vody/trapy-dlya-sliva-vody-seriya-premium/trap-lineynyy-premium-kombinirovannyy-zatvor-povorotnyy-izliv-reshetka-8-stal/,"{""Назначение:"": ""для отвода воды из душевой комнаты или кабины в канализацию."", ""Материал:"": ""нержавеющая сталь."", ""Выпуск на канализацию, мм:"": ""40"", ""Тип затвора:"": ""комбинированный (сухой+гидро)"", ""Пропускная способность, л/мин:"": ""40"", ""Цвет:"": ""сталь"", ""categories"": [""Трапы для слива воды серия PREMIUM""]}"
butterfly_valve,1283915,"Трап линейный PREMIUM комбинированный затвор, поворотный излив, решетка №8, сталь(арт.VF.071.050K.800.08.PR)",VF.071.050K.800.08.PR,,,,,,,,,,,,,,,,,,,,,,1,55,1,https://valfex.ru/catalog/trapy-dlya-sliva-vody/trapy-dlya-sliva-vody-seriya-premium/trap-lineynyy-premium-kombinirovannyy-zatvor-povorotnyy-izliv-reshetka-8-stal/,"{""Назначение:"": ""для отвода воды из душевой комнаты или кабины в канализацию."", ""Материал:"": ""нержавеющая сталь."", ""Выпуск на канализацию, мм:"": ""40"", ""Тип затвора:"": ""комбинированный (сухой+гидро)"", ""Пропускная способность, л/мин:"": ""40"", ""Цвет:"": ""сталь"", ""categories"": [""Трапы для слива воды серия PREMIUM""]}"
butterfly_valve,1283916,"Трап линейный PREMIUM комбинированный затвор, поворотный излив, решетка №8, сталь(арт.VF.071.050K.300.08.PR)",VF.071.050K.300.08.PR,,,,,,,,,,,,,,,,,,,,,,1,55,1,https://valfex.ru/catalog/trapy-dlya-sliva-vody/trapy-dlya-sliva-vody-seriya-premium/trap-lineynyy-premium-kombinirovannyy-zatvor-povorotnyy-izliv-reshetka-8-stal/,"{""Назначение:"": ""для отвода воды из душевой комнаты или кабины в канализацию."", ""Материал:"": ""нержавеющая сталь."", ""Выпуск на канализацию, мм:"": ""40"", ""Тип затвора:"": ""комбинированный (сухой+гидро)"", ""Пропускная способность, л/мин:"": ""40"", ""Цвет:"": ""сталь"", ""categories"": [""Трапы для слива воды серия PREMIUM""]}"
butterfly_valve,1284393,"Трап линейный PREMIUM комбинированный затвор, поворотный излив, решетка №7, сталь(арт.VF.071.050K.300.07.PR)",VF.071.050K.300.07.PR,,,,,,,,,,,,,,,,,,,,,,1,55,1,https://valfex.ru/catalog/trapy-dlya-sliva-vody/trapy-dlya-sliva-vody-seriya-premium/trap-lineynyy-premium-kombinirovannyy-zatvor-povorotnyy-izliv-reshetka-7-stal/,"{""Назначение:"": ""для отвода воды из душевой комнаты или кабины в канализацию."", ""Материал:"": ""нержавеющая сталь."", ""Выпуск на канализацию, мм:"": ""40"", ""Тип затвора:"": ""комбинированный (сухой+гидро)"", ""Пропускная способность, л/мин:"": ""40"", ""Цвет:"": ""сталь"", ""categories"": [""Трапы для слива воды серия PREMIUM""]}"
butterfly_valve,1284394,"Трап линейный PREMIUM комбинированный затвор, поворотный излив, решетка №7, сталь(арт.VF.071.050K.600.07.PR)",VF.071.050K.600.07.PR,,,,,,,,,,,,,,,,,,,,,,1,55,1,https://valfex.ru/catalog/trapy-dlya-sliva-vody/trapy-dlya-sliva-vody-seriya-premium/trap-lineynyy-premium-kombinirovannyy-zatvor-povorotnyy-izliv-reshetka-7-stal/,"{""Назначение:"": ""для отвода воды из душевой комнаты или кабины в канализацию."", ""Материал:"": ""нержавеющая сталь."", ""Выпуск на канализацию, мм:"": ""40"", ""Тип затвора:"": ""комбинированный (сухой+гидро)"", ""Пропускная способность, л/мин:"": ""40"", ""Цвет:"": ""сталь"", ""categories"": [""Трапы для слива воды серия PREMIUM""]}"
butterfly_valve,1284395,"Трап линейный PREMIUM комбинированный затвор, поворотный излив, решетка №7, сталь(арт.VF.071.050K.800.07.PR)",VF.071.050K.800.07.PR,,,,,,,,,,,,,,,,,,,,,,1,55,1,https://valfex.ru/catalog/trapy-dlya-sliva-vody/trapy-dlya-sliva-vody-seriya-premium/trap-lineynyy-premium-kombinirovannyy-zatvor-povorotnyy-izliv-reshetka-7-stal/,"{""Назначение:"": ""для отвода воды из душевой комнаты или кабины в канализацию."", ""Материал:"": ""нержавеющая сталь."", ""Выпуск на канализацию, мм:"": ""40"", ""Тип затвора:"": ""комбинированный (сухой+гидро)"", ""Пропускная способность, л/мин:"": ""40"", ""Цвет:"": ""сталь"", ""categories"": [""Трапы для слива воды серия PREMIUM""]}"
butterfly_valve,1285654,Затвор дисковый поворотный DN 100 PN 16 межфланцевый с концевым выключателем и чугунным диском манжета EPDM с редуктором РАШВОРК 200-100-16-П.02,930128052,930128052,,,,200,затвор чугунный,,,100,16,межфланцевое,,,чугун,,,,вода,,Россия,,4,302,1,,"{""Ду"": ""100"", ""Ру"": ""16"", ""Присоединение"": ""межфланцевое"", ""Артикул"": ""930128052"", ""Серия"": ""200"", ""Артикул производителя"": ""200-100-16-П.02"", ""Страна происхождения"": ""Россия"", ""Наименование"": ""затвор чугунный"", ""Материал корпуса"": ""чугун"", ""Способ управления"": ""с редуктором"", ""Материал запирающего устройства"": ""чугун"", ""Рабочая среда"": ""вода"", ""Максимальная температура рабочей среды, °C"": ""110"", ""Конструктивные особенности"": ""концевой выключатель"", ""Материал уплотнения затвора"": ""EPDM""}"
butterfly_valve,1286322,"Дисковый затвор межфланцевый Ду 50 Ру 16 Tmax=120°С, Genebre 2103 09",а1380,2103 09,2103 09,,,2103,,,,50,16,Межфланцевое,,,Серый чугун,Не указано,С рукояткой,,"Вода, водный раствор гликоля, сжатый воздух",,Испания,,4,316,1,https://lunda.ru/catalog/category/c13079/product/zatvor-genebre_30535/item/a1380.html,"{""Код производителя"": ""2103 09"", ""Ду, мм"": ""50"", ""Давление, бар"": ""16"", ""Класс герметичности"": ""Не указано"", ""Материал уплотнения"": ""Не указано"", ""Серия бренда"": ""2103"", ""Материал корпуса"": ""Серый чугун"", ""Присоединение"": ""Межфланцевое"", ""Применение"": ""Водоснабжение, водоотведение, вентиляция, кондиционирование, теплоснабжение"", ""Управление"": ""С рукояткой"", ""Материал диска"": ""Чугун GGG-40"", ""Рабочая среда"": ""Вода, водный раствор гликоля, сжатый воздух"", ""Макс. рабочее давление, бар"": ""10/16"", ""Макс. рабочая температура, °C"": ""+120"", ""Страна бренда"": ""Испания"", ""Страна-производитель"": ""Испания"", ""Тип арматуры"": ""Затвор"", ""Мин. рабочая температура, °C"": ""-20"", ""categories"": [""Дисковые поворотные затворы"", ""Дисковые поворотные затворы с рукояткой""]}"
butterfly_valve,1286335,"Дисковый поворотный затвор Ду 40 Ру 16, Tecfly, с приводом Nutork, 230В, Tecofi VPI4449-N24EP0040",а2720,,,,,4449,,,,40,16,Межфланцевое,,,Ковкий чугун,EPDM,С электроприводом,,"Вода, водный раствор гликоля, сжатый воздух",,Китай,,4,22,1,https://lunda.ru/catalog/category/c13078/product/zatvor-tecfly-vpi-nutork-tecofi_16887/item/a2720.html,"{""Код Tecofi"": ""VPI4449-N24EP0040"", ""Ду, мм"": ""40"", ""Электропривод"": ""TEA-05-N24"", ""Напряжение питания, В"": ""230"", ""Серия бренда"": ""4449"", ""Материал корпуса"": ""Ковкий чугун"", ""Присоединение"": ""Межфланцевое"", ""Применение"": ""Водоснабжение, водоотведение, вентиляция, кондиционирование, теплоснабжение"", ""Управление"": ""С электроприводом"", ""Материал диска"": ""Нержавеющая сталь"", ""Материал уплотнения"": ""EPDM"", ""Рабочая среда"": ""Вода, водный раствор гликоля, сжатый воздух"", ""Макс. рабочее давление, бар"": ""16"", ""Макс. рабочая температура, °C"": ""+130"", ""Страна бренда"": ""Франция"", ""Страна-производитель"": ""Китай"", ""Сплав"": ""EN-GJS-500-7"", ""Материал манжеты"": ""Жаростойкий ЭПДМ"", ""Тип арматуры"": ""Затвор"", ""Мин. рабочая температура, °C"": ""-15"", ""Сплав диска"": ""CF8M"", ""categories"": [""Дисковые поворотные затворы"", ""Дисковые поворотные затворы с электроприводом""]}"
butterfly_valve,1286344,"Дисковый поворотный затвор Ду 40 Ру 16, Tecfly, с приводом Nutork, 400В, Tecofi VPI4449-N04EP0040",а2730,,,,,4449,,,,40,16,Межфланцевое,,,Ковкий чугун,EPDM,С электроприводом,,"Вода, водный раствор гликоля, сжатый воздух",,Китай,,4,22,1,https://lunda.ru/catalog/category/c13078/product/zatvor-tecfly-vpi-nutork-tecofi_16887/item/a2730.html,"{""Код Tecofi"": ""VPI4449-N04EP0040"", ""Ду, мм"": ""40"", ""Электропривод"": ""TEA-05-N04"", ""Напряжение питания, В"": ""400"", ""Серия бренда"": ""4449"", ""Материал корпуса"": ""Ковкий чугун"", ""Присоединение"": ""Межфланцевое"", ""Применение"": ""Водоснабжение, водоотведение, вентиляция, кондиционирование, теплоснабжение"", ""Управление"": ""С электроприводом"", ""Материал диска"": ""Нержавеющая сталь"", ""Материал уплотнения"": ""EPDM"", ""Рабочая среда"": ""Вода, водный раствор гликоля, сжатый воздух"", ""Макс. рабочее давление, бар"": ""16"", ""Макс. рабочая температура, °C"": ""+130"", ""Страна бренда"": ""Франция"", ""Страна-производитель"": ""Китай"", ""Сплав"": ""EN-GJS-500-7"", ""Материал манжеты"": ""Жаростойкий ЭПДМ"", ""Тип арматуры"": ""Затвор"", ""Мин. рабочая температура, °C"": ""-15"", ""Сплав диска"": ""CF8M"", ""categories"": [""Дисковые поворотные затворы"", ""Дисковые поворотные затворы с электроприводом""]}"
butterfly_valve,1286348,"Дисковый затвор межфланцевый Ду 65 Ру 16 Tmax=120°С, Genebre 2103 10",а1381,2103 10,2103 10,,,2103,,,,65,16,Межфланцевое,,,Серый чугун,Не указано,С рукояткой,,"Вода, водный раствор гликоля, сжатый воздух",,Испания,,4,316,1,https://lunda.ru/catalog/category/c13079/product/zatvor-genebre_30535/item/a1381.html,"{""Код производителя"": ""2103 10"", ""Ду, мм"": ""65"", ""Давление, бар"": ""16"", ""Класс герметичности"": ""Не указано"", ""Материал уплотнения"": ""Не указано"", ""Серия бренда"": ""2103"", ""Материал корпуса"": ""Серый чугун"", ""Присоединение"": ""Межфланцевое"", ""Применение"": ""Водоснабжение, водоотведение, вентиляция, кондиционирование, теплоснабжение"", ""Управление"": ""С рукояткой"", ""Материал диска"": ""Чугун GGG-40"", ""Рабочая среда"": ""Вода, водный раствор гликоля, сжатый воздух"", ""Макс. рабочее давление, бар"": ""10/16"", ""Макс. рабочая температура, °C"": ""+120"", ""Страна бренда"": ""Испания"", ""Страна-производитель"": ""Испания"", ""Тип арматуры"": ""Затвор"", ""Мин. рабочая температура, °C"": ""-20"", ""categories"": [""Дисковые поворотные затворы"", ""Дисковые поворотные затворы с рукояткой""]}"
butterfly_valve,1286355,"Затвор дисковый поворотный R59W DN50, межфланцевый, стяжной (тип Wafer), корпус из чугуна, затвор из нерж. стали, Giacomini R59WY005",а2952,,,,,R59W,,,,50,16,Межфланцевое,,,Серый чугун,Не указано,С рукояткой,,Вода,,Турция,,4,16,1,https://lunda.ru/catalog/category/c13079/product/zatvor-r59w-giacomini_38767/item/a2952.html,"{""Код Giacomini"": ""R59WY005"", ""Ду, мм"": ""50"", ""Класс герметичности"": ""Не указано"", ""Материал уплотнения"": ""Не указано"", ""Серия бренда"": ""R59W"", ""Материал корпуса"": ""Серый чугун"", ""Присоединение"": ""Межфланцевое"", ""Применение"": ""Водоснабжение, отопление"", ""Управление"": ""С рукояткой"", ""Материал диска"": ""Сталь нержавеющая"", ""Рабочая среда"": ""Вода"", ""Макс. рабочее давление, бар"": ""16"", ""Макс. рабочая температура, °C"": ""+120"", ""Страна бренда"": ""Италия"", ""Страна-производитель"": ""Турция"", ""Тип арматуры"": ""Затвор"", ""categories"": [""Дисковые поворотные затворы"", ""Дисковые поворотные затворы с рукояткой""]}"
butterfly_valve,1286356,"Дисковый поворотный затвор Ду 50 Ру 16, Tecfly, с приводом Nutork, 230В, Tecofi VPI4449-N24EP0050",а2721,,,,,4449,,,,50,16,Межфланцевое,,,Ковкий чугун,EPDM,С электроприводом,,"Вода, водный раствор гликоля, сжатый воздух",,Китай,,4,22,1,https://lunda.ru/catalog/category/c13078/product/zatvor-tecfly-vpi-nutork-tecofi_16887/item/a2721.html,"{""Код Tecofi"": ""VPI4449-N24EP0050"", ""Ду, мм"": ""50"", ""Электропривод"": ""TEA-05-N24"", ""Напряжение питания, В"": ""230"", ""Серия бренда"": ""4449"", ""Материал корпуса"": ""Ковкий чугун"", ""Присоединение"": ""Межфланцевое"", ""Применение"": ""Водоснабжение, водоотведение, вентиляция, кондиционирование, теплоснабжение"", ""Управление"": ""С электроприводом"", ""Материал диска"": ""Нержавеющая сталь"", ""Материал уплотнения"": ""EPDM"", ""Рабочая среда"": ""Вода, водный раствор гликоля, сжатый воздух"", ""Макс. рабочее давление, бар"": ""16"", ""Макс. рабочая температура, °C"": ""+130"", ""Страна бренда"": ""Франция"", ""Страна-производитель"": ""Китай"", ""Сплав"": ""EN-GJS-500-7"", ""Материал манжеты"": ""Жаростойкий ЭПДМ"", ""Тип арматуры"": ""Затвор"", ""Мин. рабочая температура, °C"": ""-15"", ""Сплав диска"": ""CF8M"", ""categories"": [""Дисковые поворотные затворы"", ""Дисковые поворотные затворы с электроприводом""]}"
butterfly_valve,1286361,"Дисковый затвор межфланцевый Ду 80 Ру 16 Tmax=120°С, Genebre 2103 11",а1382,2103 11,2103 11,,,2103,,,,80,16,Межфланцевое,,,Серый чугун,Не указано,С рукояткой,,"Вода, водный раствор гликоля, сжатый воздух",,Испания,,4,316,1,https://lunda.ru/catalog/category/c13079/product/zatvor-genebre_30535/item/a1382.html,"{""Код производителя"": ""2103 11"", ""Ду, мм"": ""80"", ""Давление, бар"": ""16"", ""Класс герметичности"": ""Не указано"", ""Материал уплотнения"": ""Не указано"", ""Серия бренда"": ""2103"", ""Материал корпуса"": ""Серый чугун"", ""Присоединение"": ""Межфланцевое"", ""Применение"": ""Водоснабжение, водоотведение, вентиляция, кондиционирование, теплоснабжение"", ""Управление"": ""С рукояткой"", ""Материал диска"": ""Чугун GGG-40"", ""Рабочая среда"": ""Вода, водный раствор гликоля, сжатый воздух"", ""Макс. рабочее давление, бар"": ""10/16"", ""Макс. рабочая температура, °C"": ""+120"", ""Страна бренда"": ""Испания"", ""Страна-производитель"": ""Испания"", ""Тип арматуры"": ""Затвор"", ""Мин. рабочая температура, °C"": ""-20"", ""categories"": [""Дисковые поворотные затворы"", ""Дисковые поворотные затворы с рукояткой""]}"
butterfly_valve,1286368,"Затвор дисковый поворотный R59W DN65, межфланцевый, стяжной (тип Wafer), корпус из чугуна, затвор из нерж. стали, Giacomini R59WY006",а2953,,,,,R59W,,,,65,16,Межфланцевое,,,Серый чугун,Не указано,С рукояткой,,Вода,,Турция,,4,16,1,https://lunda.ru/catalog/category/c13079/product/zatvor-r59w-giacomini_38767/item/a2953.html,"{""Код Giacomini"": ""R59WY006"", ""Ду, мм"": ""65"", ""Класс герметичности"": ""Не указано"", ""Материал уплотнения"": ""Не указано"", ""Серия бренда"": ""R59W"", ""Материал корпуса"": ""Серый чугун"", ""Присоединение"": ""Межфланцевое"", ""Применение"": ""Водоснабжение, отопление"", ""Управление"": ""С рукояткой"", ""Материал диска"": ""Сталь нержавеющая"", ""Рабочая среда"": ""Вода"", ""Макс. рабочее давление, бар"": ""16"", ""Макс. рабочая температура, °C"": ""+120"", ""Страна бренда"": ""Италия"", ""Страна-производитель"": ""Турция"", ""Тип арматуры"": ""Затвор"", ""categories"": [""Дисковые поворотные затворы"", ""Дисковые поворотные затворы с рукояткой""]}"
butterfly_valve,1286370,"Затвор дисковый PN16, DN40, диск — чугун, с электроприводом 220В, Ридан 082X4530R",л9928,082X4530R,082X4530R,,,Ридан-ЗДМ,,,,40,16,Межфланцевое,,,Серый чугун,EPDM,С электроприводом,,"Вода, водный раствор гликоля до 50%",,Россия,,4,21,1,https://lunda.ru/catalog/category/c13078/product/zatvor-ridan_188206/item/l9928.html,"{""Код производителя"": ""082X4530R"", ""Ду, мм"": ""40"", ""Напряжение питания, В"": ""220"", ""Материал диска"": ""Чугун"", ""Сплав диска"": ""GGG40"", ""Серия бренда"": ""Ридан-ЗДМ"", ""Материал корпуса"": ""Серый чугун"", ""Присоединение"": ""Межфланцевое"", ""Применение"": ""Водоснабжение, водоотведение, вентиляция, кондиционирование, теплоснабжение"", ""Управление"": ""С электроприводом"", ""Материал уплотнения"": ""EPDM"", ""Рабочая среда"": ""Вода, водный раствор гликоля до 50%"", ""Макс. рабочее давление, бар"": ""16"", ""Макс. рабочая температура, °C"": ""+120"", ""Страна бренда"": ""Россия"", ""Страна-производитель"": ""Россия"", ""Диапазон рабочей температуры, °С"": ""-15...+120"", ""Тип арматуры"": ""Затвор"", ""Электропривод"": ""АМБ"", ""Сплав"": ""GG25"", ""categories"": [""Дисковые поворотные затворы"", ""Дисковые поворотные затворы с электроприводом""]}"
butterfly_valve,1286372,"Дисковый поворотный затвор Ду 50 Ру 16, Tecfly, с приводом Nutork, 400В, Tecofi VPI4449-N04EP0050",а2731,,,,,4449,,,,50,16,Межфланцевое,,,Ковкий чугун,EPDM,С электроприводом,,"Вода, водный раствор гликоля, сжатый воздух",,Китай,,4,22,1,https://lunda.ru/catalog/category/c13078/product/zatvor-tecfly-vpi-nutork-tecofi_16887/item/a2731.html,"{""Код Tecofi"": ""VPI4449-N04EP0050"", ""Ду, мм"": ""50"", ""Электропривод"": ""TEA-05-N04"", ""Напряжение питания, В"": ""400"", ""Серия бренда"": ""4449"", ""Материал корпуса"": ""Ковкий чугун"", ""Присоединение"": ""Межфланцевое"", ""Применение"": ""Водоснабжение, водоотведение, вентиляция, кондиционирование, теплоснабжение"", ""Управление"": ""С электроприводом"", ""Материал диска"": ""Нержавеющая сталь"", ""Материал уплотнения"": ""EPDM"", ""Рабочая среда"": ""Вода, водный раствор гликоля, сжатый воздух"", ""Макс. рабочее давление, бар"": ""16"", ""Макс. рабочая температура, °C"": ""+130"", ""Страна бренда"": ""Франция"", ""Страна-производитель"": ""Китай"", ""Сплав"": ""EN-GJS-500-7"", ""Материал манжеты"": ""Жаростойкий ЭПДМ"", ""Тип арматуры"": ""Затвор"", ""Мин. рабочая температура, °C"": ""-15"", ""Сплав диска"": ""CF8M"", ""categories"": [""Дисковые поворотные затворы"", ""Дисковые поворотные затворы с электроприводом""]}"
butterfly_valve,1286377,"Дисковый затвор межфланцевый Ду 100 Ру 16 Tmax=120°С, Genebre 2103 12",а1383,2103 12,2103 12,,,2103,,,,100,16,Межфланцевое,,,Серый чугун,Не указано,С рукояткой,,"Вода, водный раствор гликоля, сжатый воздух",,Испания,,4,316,1,https://lunda.ru/catalog/category/c13079/product/zatvor-genebre_30535/item/a1383.html,"{""Код производителя"": ""2103 12"", ""Ду, мм"": ""100"", ""Давление, бар"": ""16"", ""Класс герметичности"": ""Не указано"", ""Материал уплотнения"": ""Не указано"", ""Серия бренда"": ""2103"", ""Материал корпуса"": ""Серый чугун"", ""Присоединение"": ""Межфланцевое"", ""Применение"": ""Водоснабжение, водоотведение, вентиляция, кондиционирование, теплоснабжение"", ""Управление"": ""С рукояткой"", ""Материал диска"": ""Чугун GGG-40"", ""Рабочая среда"": ""Вода, водный раствор гликоля, сжатый воздух"", ""Макс. рабочее давление, бар"": ""10/16"", ""Макс. рабочая температура, °C"": ""+120"", ""Страна бренда"": ""Испания"", ""Страна-производитель"": ""Испания"", ""Тип арматуры"": ""Затвор"", ""Мин. рабочая температура, °C"": ""-20"", ""categories"": [""Дисковые поворотные затворы"", ""Дисковые поворотные затворы с рукояткой""]}"
butterfly_valve,1286381,"Затвор дисковый поворотный R59W DN80, межфланцевый, стяжной (тип Wafer), корпус из чугуна, затвор из нерж. стали, Giacomini R59WY008",а2954,,,,,R59W,,,,80,16,Межфланцевое,,,Серый чугун,Не указано,С рукояткой,,Вода,,Турция,,4,16,1,https://lunda.ru/catalog/category/c13079/product/zatvor-r59w-giacomini_38767/item/a2954.html,"{""Код Giacomini"": ""R59WY008"", ""Ду, мм"": ""80"", ""Класс герметичности"": ""Не указано"", ""Материал уплотнения"": ""Не указано"", ""Серия бренда"": ""R59W"", ""Материал корпуса"": ""Серый чугун"", ""Присоединение"": ""Межфланцевое"", ""Применение"": ""Водоснабжение, отопление"", ""Управление"": ""С рукояткой"", ""Материал диска"": ""Сталь нержавеющая"", ""Рабочая среда"": ""Вода"", ""Макс. рабочее давление, бар"": ""16"", ""Макс. рабочая температура, °C"": ""+120"", ""Страна бренда"": ""Италия"", ""Страна-производитель"": ""Турция"", ""Тип арматуры"": ""Затвор"", ""categories"": [""Дисковые поворотные затворы"", ""Дисковые поворотные затворы с рукояткой""]}"
butterfly_valve,1286385,"Дисковый затвор ЗДМ ДУ50, корпус чугун (GG25), диск — чугун (GGG40) с эл прив. АМБ, 220В, Ридан 082X4531R",п3308,082X4531R,082X4531R,,,Ридан-ЗДМ,,,,50,16,Межфланцевое,,,Серый чугун,,С электроприводом,,,,Россия,,4,21,1,https://lunda.ru/catalog/category/c13078/product/zatvor-ridan_188206/item/p3308.html,"{""Ду, мм"": ""50"", ""Материал диска"": ""Чугун GGG40"", ""Код производителя"": ""082X4531R"", ""Напряжение питания, В"": ""220"", ""Серия бренда"": ""Ридан-ЗДМ"", ""Материал корпуса"": ""Серый чугун"", ""Сплав"": ""GG25"", ""Присоединение"": ""Межфланцевое"", ""Макс. рабочее давление, бар"": ""16"", ""Страна бренда"": ""Россия"", ""Страна-производитель"": ""Россия"", ""Применение"": ""Водоснабжение, водоотведение, вентиляция, кондиционирование, теплоснабжение"", ""Управление"": ""С электроприводом"", ""Диапазон рабочей температуры, °С"": ""-15...+120"", ""Тип арматуры"": ""Затвор"", ""Электропривод"": ""АМБ"", ""categories"": [""Дисковые поворотные затворы"", ""Дисковые поворотные затворы с электроприводом""]}"
butterfly_valve,1286386,"Дисковый поворотный затвор Ду 65 Ру 16, Tecfly, с приводом Nutork, 230В, Tecofi VPI4449-N24EP0065",а2722,,,,,4449,,,,65,16,Межфланцевое,,,Ковкий чугун,EPDM,С электроприводом,,"Вода, водный раствор гликоля, сжатый воздух",,Китай,,4,22,1,https://lunda.ru/catalog/category/c13078/product/zatvor-tecfly-vpi-nutork-tecofi_16887/item/a2722.html,"{""Код Tecofi"": ""VPI4449-N24EP0065"", ""Ду, мм"": ""65"", ""Электропривод"": ""TEA-05-N24"", ""Напряжение питания, В"": ""230"", ""Серия бренда"": ""4449"", ""Материал корпуса"": ""Ковкий чугун"", ""Присоединение"": ""Межфланцевое"", ""Применение"": ""Водоснабжение, водоотведение, вентиляция, кондиционирование, теплоснабжение"", ""Управление"": ""С электроприводом"", ""Материал диска"": ""Нержавеющая сталь"", ""Материал уплотнения"": ""EPDM"", ""Рабочая среда"": ""Вода, водный раствор гликоля, сжатый воздух"", ""Макс. рабочее давление, бар"": ""16"", ""Макс. рабочая температура, °C"": ""+130"", ""Страна бренда"": ""Франция"", ""Страна-производитель"": ""Китай"", ""Сплав"": ""EN-GJS-500-7"", ""Материал манжеты"": ""Жаростойкий ЭПДМ"", ""Тип арматуры"": ""Затвор"", ""Мин. рабочая температура, °C"": ""-15"", ""Сплав диска"": ""CF8M"", ""categories"": [""Дисковые поворотные затворы"", ""Дисковые поворотные затворы с электроприводом""]}"
butterfly_valve,1286392,"Дисковый затвор межфланцевый Ду 125 Ру 16 Tmax=120°С, Genebre 2103 13",а1384,2103 13,2103 13,,,2103,,,,125,16,Межфланцевое,,,Серый чугун,Не указано,С рукояткой,,"Вода, водный раствор гликоля, сжатый воздух",,Испания,,4,316,1,https://lunda.ru/catalog/category/c13079/product/zatvor-genebre_30535/item/a1384.html,"{""Код производителя"": ""2103 13"", ""Ду, мм"": ""125"", ""Давление, бар"": ""16"", ""Класс герметичности"": ""Не указано"", ""Материал уплотнения"": ""Не указано"", ""Серия бренда"": ""2103"", ""Материал корпуса"": ""Серый чугун"", ""Присоединение"": ""Межфланцевое"", ""Применение"": ""Водоснабжение, водоотведение, вентиляция, кондиционирование, теплоснабжение"", ""Управление"": ""С рукояткой"", ""Материал диска"": ""Чугун GGG-40"", ""Рабочая среда"": ""Вода, водный раствор гликоля, сжатый воздух"", ""Макс. рабочее давление, бар"": ""10/16"", ""Макс. рабочая температура, °C"": ""+120"", ""Страна бренда"": ""Испания"", ""Страна-производитель"": ""Испания"", ""Тип арматуры"": ""Затвор"", ""Мин. рабочая температура, °C"": ""-20"", ""categories"": [""Дисковые поворотные затворы"", ""Дисковые поворотные затворы с рукояткой""]}"
butterfly_valve,1286395,"Затвор дисковый поворотный R59W DN100, межфланцевый, стяжной (тип Wafer), корпус из чугуна, затвор из нерж. стали, Giacomini R59WY010",а2955,,,,,R59W,,,,100,16,Межфланцевое,,,Серый чугун,Не указано,С рукояткой,,Вода,,Турция,,4,16,1,https://lunda.ru/catalog/category/c13079/product/zatvor-r59w-giacomini_38767/item/a2955.html,"{""Код Giacomini"": ""R59WY010"", ""Ду, мм"": ""100"", ""Класс герметичности"": ""Не указано"", ""Материал уплотнения"": ""Не указано"", ""Серия бренда"": ""R59W"", ""Материал корпуса"": ""Серый чугун"", ""Присоединение"": ""Межфланцевое"", ""Применение"": ""Водоснабжение, отопление"", ""Управление"": ""С рукояткой"", ""Материал диска"": ""Сталь нержавеющая"", ""Рабочая среда"": ""Вода"", ""Макс. рабочее давление, бар"": ""16"", ""Макс. рабочая температура, °C"": ""+120"", ""Страна бренда"": ""Италия"", ""Страна-производитель"": ""Турция"", ""Тип арматуры"": ""Затвор"", ""categories"": [""Дисковые поворотные затворы"", ""Дисковые поворотные затворы с рукояткой""]}"
butterfly_valve,1286398,"Дисковый поворотный затвор DN50 PN16 диск чугун с электроприводом 24В, Ридан 082X4555R",л9923,082X4555R,082X4555R,,,Ридан-ЗДМ,,,,50,16,Межфланцевое,,,Серый чугун,EPDM,С электроприводом,,"Вода, водный раствор гликоля до 50%",,Россия,,4,21,1,https://lunda.ru/catalog/category/c13078/product/zatvor-ridan_188206/item/l9923.html,"{""Код производителя"": ""082X4555R"", ""Ду, мм"": ""50"", ""Напряжение питания, В"": ""24"", ""Материал диска"": ""Чугун"", ""Сплав диска"": ""GGG40"", ""Серия бренда"": ""Ридан-ЗДМ"", ""Материал корпуса"": ""Серый чугун"", ""Присоединение"": ""Межфланцевое"", ""Применение"": ""Водоснабжение, водоотведение, вентиляция, кондиционирование, теплоснабжение"", ""Управление"": ""С электроприводом"", ""Материал уплотнения"": ""EPDM"", ""Рабочая среда"": ""Вода, водный раствор гликоля до 50%"", ""Макс. рабочее давление, бар"": ""16"", ""Макс. рабочая температура, °C"": ""+120"", ""Страна бренда"": ""Россия"", ""Страна-производитель"": ""Россия"", ""Диапазон рабочей температуры, °С"": ""-15...+120"", ""Тип арматуры"": ""Затвор"", ""Электропривод"": ""АМБ"", ""Сплав"": ""GG25"", ""categories"": [""Дисковые поворотные затворы"", ""Дисковые поворотные затворы с электроприводом""]}"
butterfly_valve,1286400,"Дисковый поворотный затвор Ду 65 Ру 16, Tecfly, с приводом Nutork, 400В, Tecofi VPI4449-N04EP0065",а2732,,,,,4449,,,,65,16,Межфланцевое,,,Ковкий чугун,EPDM,С электроприводом,,"Вода, водный раствор гликоля, сжатый воздух",,Китай,,4,22,1,https://lunda.ru/catalog/category/c13078/product/zatvor-tecfly-vpi-nutork-tecofi_16887/item/a2732.html,"{""Код Tecofi"": ""VPI4449-N04EP0065"", ""Ду, мм"": ""65"", ""Электропривод"": ""TEA-05-N04"", ""Напряжение питания, В"": ""400"", ""Серия бренда"": ""4449"", ""Материал корпуса"": ""Ковкий чугун"", ""Присоединение"": ""Межфланцевое"", ""Применение"": ""Водоснабжение, водоотведение, вентиляция, кондиционирование, теплоснабжение"", ""Управление"": ""С электроприводом"", ""Материал диска"": ""Нержавеющая сталь"", ""Материал уплотнения"": ""EPDM"", ""Рабочая среда"": ""Вода, водный раствор гликоля, сжатый воздух"", ""Макс. рабочее давление, бар"": ""16"", ""Макс. рабочая температура, °C"": ""+130"", ""Страна бренда"": ""Франция"", ""Страна-производитель"": ""Китай"", ""Сплав"": ""EN-GJS-500-7"", ""Материал манжеты"": ""Жаростойкий ЭПДМ"", ""Тип арматуры"": ""Затвор"", ""Мин. рабочая температура, °C"": ""-15"", ""Сплав диска"": ""CF8M"", ""categories"": [""Дисковые поворотные затворы"", ""Дисковые поворотные затворы с электроприводом""]}"
butterfly_valve,1286405,"Дисковый затвор межфланцевый Ду 150 Ру 16, Tmax=120°С, Genebre 2103 14",а1385,2103 14,2103 14,,,2103,,,,150,16,Межфланцевое,,,Серый чугун,Не указано,С рукояткой,,"Вода, водный раствор гликоля, сжатый воздух",,Испания,,4,316,1,https://lunda.ru/catalog/category/c13079/product/zatvor-genebre_30535/item/a1385.html,"{""Код производителя"": ""2103 14"", ""Ду, мм"": ""150"", ""Давление, бар"": ""16"", ""Класс герметичности"": ""Не указано"", ""Материал уплотнения"": ""Не указано"", ""Серия бренда"": ""2103"", ""Материал корпуса"": ""Серый чугун"", ""Присоединение"": ""Межфланцевое"", ""Применение"": ""Водоснабжение, водоотведение, вентиляция, кондиционирование, теплоснабжение"", ""Управление"": ""С рукояткой"", ""Материал диска"": ""Чугун GGG-40"", ""Рабочая среда"": ""Вода, водный раствор гликоля, сжатый воздух"", ""Макс. рабочее давление, бар"": ""10/16"", ""Макс. рабочая температура, °C"": ""+120"", ""Страна бренда"": ""Испания"", ""Страна-производитель"": ""Испания"", ""Тип арматуры"": ""Затвор"", ""Мин. рабочая температура, °C"": ""-20"", ""categories"": [""Дисковые поворотные затворы"", ""Дисковые поворотные затворы с рукояткой""]}"
butterfly_valve,1286410,"Затвор дисковый поворотный R59W DN40, межфланцевый, стяжной (тип Wafer), корпус из чугуна, затвор из нерж. стали, Giacomini R59WY004",а2951,,,,,R59W,,,,40,16,Межфланцевое,,,Серый чугун,Не указано,С рукояткой,,Вода,,Турция,,4,16,1,https://lunda.ru/catalog/category/c13079/product/zatvor-r59w-giacomini_38767/item/a2951.html,"{""Код Giacomini"": ""R59WY004"", ""Ду, мм"": ""40"", ""Класс герметичности"": ""Не указано"", ""Материал уплотнения"": ""Не указано"", ""Серия бренда"": ""R59W"", ""Материал корпуса"": ""Серый чугун"", ""Присоединение"": ""Межфланцевое"", ""Применение"": ""Водоснабжение, отопление"", ""Управление"": ""С рукояткой"", ""Материал диска"": ""Сталь нержавеющая"", ""Рабочая среда"": ""Вода"", ""Макс. рабочее давление, бар"": ""16"", ""Макс. рабочая температура, °C"": ""+120"", ""Страна бренда"": ""Италия"", ""Страна-производитель"": ""Турция"", ""Тип арматуры"": ""Затвор"", ""categories"": [""Дисковые поворотные затворы"", ""Дисковые поворотные затворы с рукояткой""]}"
butterfly_valve,1286412,"Затвор дисковый PN16, DN50, диск — нержавеющая сталь, с электроприводом 220В, Ридан 082X4543R",л9931,082X4543R,082X4543R,,,Ридан-ЗДМ,,,,50,16,Межфланцевое,,,Серый чугун,EPDM,С электроприводом,,"Вода, водный раствор гликоля до 50%",,Россия,,4,21,1,https://lunda.ru/catalog/category/c13078/product/zatvor-ridan_188206/item/l9931.html,"{""Код производителя"": ""082X4543R"", ""Ду, мм"": ""50"", ""Напряжение питания, В"": ""220"", ""Материал диска"": ""Нержавеющая сталь"", ""Сплав диска"": ""AISI 316"", ""Серия бренда"": ""Ридан-ЗДМ"", ""Материал корпуса"": ""Серый чугун"", ""Присоединение"": ""Межфланцевое"", ""Применение"": ""Водоснабжение, водоотведение, вентиляция, кондиционирование, теплоснабжение"", ""Управление"": ""С электроприводом"", ""Материал уплотнения"": ""EPDM"", ""Рабочая среда"": ""Вода, водный раствор гликоля до 50%"", ""Макс. рабочее давление, бар"": ""16"", ""Макс. рабочая температура, °C"": ""+120"", ""Страна бренда"": ""Россия"", ""Страна-производитель"": ""Россия"", ""Диапазон рабочей температуры, °С"": ""-15...+120"", ""Тип арматуры"": ""Затвор"", ""Электропривод"": ""АМБ"", ""Сплав"": ""GG25"", ""categories"": [""Дисковые поворотные затворы"", ""Дисковые поворотные затворы с электроприводом""]}"
butterfly_valve,1286413,"Дисковый поворотный затвор Ду 80 Ру 16, Tecfly, с приводом Nutork, 230В, Tecofi VPI4449-N24EP0080",а2723,,,,,4449,,,,80,16,Межфланцевое,,,Ковкий чугун,EPDM,С электроприводом,,"Вода, водный раствор гликоля, сжатый воздух",,Китай,,4,22,1,https://lunda.ru/catalog/category/c13078/product/zatvor-tecfly-vpi-nutork-tecofi_16887/item/a2723.html,"{""Код Tecofi"": ""VPI4449-N24EP0080"", ""Ду, мм"": ""80"", ""Электропривод"": ""TEA-05-N24"", ""Напряжение питания, В"": ""230"", ""Серия бренда"": ""4449"", ""Материал корпуса"": ""Ковкий чугун"", ""Присоединение"": ""Межфланцевое"", ""Применение"": ""Водоснабжение, водоотведение, вентиляция, кондиционирование, теплоснабжение"", ""Управление"": ""С электроприводом"", ""Материал диска"": ""Нержавеющая сталь"", ""Материал уплотнения"": ""EPDM"", ""Рабочая среда"": ""Вода, водный раствор гликоля, сжатый воздух"", ""Макс. рабочее давление, бар"": ""16"", ""Макс. рабочая температура, °C"": ""+130"", ""Страна бренда"": ""Франция"", ""Страна-производитель"": ""Китай"", ""Сплав"": ""EN-GJS-500-7"", ""Материал манжеты"": ""Жаростойкий ЭПДМ"", ""Тип арматуры"": ""Затвор"", ""Мин. рабочая температура, °C"": ""-15"", ""Сплав диска"": ""CF8M"", ""categories"": [""Дисковые поворотные затворы"", ""Дисковые поворотные затворы с электроприводом""]}"
butterfly_valve,1286420,"Дисковый затвор межфланцевый Ду 200 Ру 16 Tmax=120°С, Genebre 2103 16",а1386,2103 16,2103 16,,,2103,,,,200,16,Межфланцевое,,,Серый чугун,Не указано,С рукояткой,,"Вода, водный раствор гликоля, сжатый воздух",,Испания,,4,316,1,https://lunda.ru/catalog/category/c13079/product/zatvor-genebre_30535/item/a1386.html,"{""Код производителя"": ""2103 16"", ""Ду, мм"": ""200"", ""Давление, бар"": ""16"", ""Класс герметичности"": ""Не указано"", ""Материал уплотнения"": ""Не указано"", ""Серия бренда"": ""2103"", ""Материал корпуса"": ""Серый чугун"", ""Присоединение"": ""Межфланцевое"", ""Применение"": ""Водоснабжение, водоотведение, вентиляция, кондиционирование, теплоснабжение"", ""Управление"": ""С рукояткой"", ""Материал диска"": ""Чугун GGG-40"", ""Рабочая среда"": ""Вода, водный раствор гликоля, сжатый воздух"", ""Макс. рабочее давление, бар"": ""10/16"", ""Макс. рабочая температура, °C"": ""+120"", ""Страна бренда"": ""Испания"", ""Страна-производитель"": ""Испания"", ""Тип арматуры"": ""Затвор"", ""Мин. рабочая температура, °C"": ""-20"", ""categories"": [""Дисковые поворотные затворы"", ""Дисковые поворотные затворы с рукояткой""]}"
butterfly_valve,1286422,"Затвор дисковый поворотный R59W DN125, межфланцевый, стяжной (тип Wafer), корпус из чугуна, затвор из нерж. стали, Giacomini R59WY012",а2956,,,,,R59W,,,,125,16,Межфланцевое,,,Серый чугун,Не указано,С рукояткой,,Вода,,Турция,,4,16,1,https://lunda.ru/catalog/category/c13079/product/zatvor-r59w-giacomini_38767/item/a2956.html,"{""Код Giacomini"": ""R59WY012"", ""Ду, мм"": ""125"", ""Класс герметичности"": ""Не указано"", ""Материал уплотнения"": ""Не указано"", ""Серия бренда"": ""R59W"", ""Материал корпуса"": ""Серый чугун"", ""Присоединение"": ""Межфланцевое"", ""Применение"": ""Водоснабжение, отопление"", ""Управление"": ""С рукояткой"", ""Материал диска"": ""Сталь нержавеющая"", ""Рабочая среда"": ""Вода"", ""Макс. рабочее давление, бар"": ""16"", ""Макс. рабочая температура, °C"": ""+120"", ""Страна бренда"": ""Италия"", ""Страна-производитель"": ""Турция"", ""Тип арматуры"": ""Затвор"", ""categories"": [""Дисковые поворотные затворы"", ""Дисковые поворотные затворы с рукояткой""]}"
check_valve,10802,"Клапан подпиточный поршневой латунь R150M Ду 15 Ру10 1/2"" ВР/""американка"" Рн=0,5 - 3бар с манометром и обратным клапаном Giacomini R150MY003",117-6543,R150MY003,,Giacomini,R150M,,Клапан подпиточный,,и обратным клапаном,,,внутренняя резьба/американка,,,латунь,,,,вода,"Водоснабжение, Отопление, Тепловые пункты, Пожаротушение",Италия,,3,16,1,https://www.santech.ru/catalog/337/339/i596/,"{""Номенклатурный номер"": ""117-6543"", ""Бренд"": ""Giacomini"", ""Инженерная система"": ""Водоснабжение, Отопление, Тепловые пункты, Пожаротушение"", ""Название"": ""Клапан подпиточный"", ""Тип устройства"": ""поршневой"", ""Материал"": ""латунь"", ""Манометр"": ""с манометром"", ""Выход под манометр"": ""G1/4\"""", ""Тип присоединения"": ""внутренняя резьба/американка"", ""Диапазон настройки"": ""Рн=0,5 - 3бар"", ""Модель"": ""R150M"", ""Тип установки"": ""перед наполняющим клапаном рекомендуется установить фильтр для предварительной фильтрации воды/для корректной настройки давления после наполняющего клапана необходимо установить запорный кран"", ""Покрытие"": ""без покрытия"", ""Масса нетто"": ""0.895 кг"", ""Страна происхождения"": ""Италия"", ""Штрих-код на одну ТМЦ"": ""8009902312206"", ""Температура рабочей среды"": ""до +70 oC"", ""Область применения"": ""Водоснабжение, Отопление, Тепловые пункты, Пожаротушение"", ""Комплект поставки"": ""клапан подпиточный в сборе c манометром"", ""Гарантия"": ""12 месяцев"", ""Гарантия производителя"": ""производителем не указана"", ""Срок службы"": ""производителем не указан"", ""Диаметр"": ""Ду 15"", ""Давление"": ""Ру10"", ""Особености конструкции"": ""с обратным клапаном"", ""Размер резьбы"": ""1/2\"""", ""Максимальная температура"": ""70°C"", ""Исполнение"": ""и обратным клапаном"", ""Артикул"": ""R150MY003"", ""Рабочая среда"": ""вода""}"
check_valve,1279708,Обратный клапан с фильтром(арт.VF.161.NS.100),VF.161.NS.100,,,,,,,,,,,,,,,,,,,,,,2,55,1,https://valfex.ru/catalog/nasosy/komplektuyushchie-dlya-nasosnogo-oborudovaniya/obratnyy-klapan-s-filtrom/,"{""Назначение:"": ""предназначен для перекрытия движения потока в обратном направлении и препятствие падению давления."", ""Материал:"": ""латунь ЛС59-1 по ГОСТ 15527-2004"", ""Материал сетки:"": ""нержавеющая сталь"", ""Максимальная температура рабочей среды, ºС"": ""95"", ""Максимальное давление, PN, бар:"": ""16"", ""Средний полный срок службы:"": ""15 лет"", ""Гарантия:"": ""2 года"", ""categories"": [""Комплектующие для насосного оборудования""]}"
check_valve,1281444,Клапан обратный с латунным штоком(арт.VF.161.L.112),VF.161.L.112,,,,,,,,,,25,,,,,,,,,,,,3,55,1,https://valfex.ru/catalog/armatura-bezopasnosti/obratnyy-klapan-s-latunnym-shtokom/,"{""Размер, дюйм"": ""1 1/2\"""", ""Кол-во в упак./пакет, шт"": ""25/1"", ""Назначение:"": ""предназначен для перекрытие движения потока в обратном направлении и препятствие падению давления"", ""Материал:"": ""латунь"", ""Максимальная температура рабочей среды, ºС:"": ""90"", ""Максимальное давление, PN, бар:"": ""25"", ""Средний полный срок службы:"": ""15 лет"", ""Гарантия:"": ""2 года"", ""categories"": []}"
check_valve,1281445,Клапан обратный с латунным штоком(арт.VF.161.L.100),VF.161.L.100,,,,,,,,,,25,,,,,,,,,,,,3,55,1,https://valfex.ru/catalog/armatura-bezopasnosti/obratnyy-klapan-s-latunnym-shtokom/,"{""Размер, дюйм"": ""1\"""", ""Кол-во в упак./пакет, шт"": ""50/1"", ""Назначение:"": ""предназначен для перекрытие движения потока в обратном направлении и препятствие падению давления"", ""Материал:"": ""латунь"", ""Максимальная температура рабочей среды, ºС:"": ""90"", ""Максимальное давление, PN, бар:"": ""25"", ""Средний полный срок службы:"": ""15 лет"", ""Гарантия:"": ""2 года"", ""categories"": []}"
check_valve,1281446,Клапан обратный с латунным штоком(арт.VF.161.L.034),VF.161.L.034,,,,,,,,,,25,,,,,,,,,,,,3,55,1,https://valfex.ru/catalog/armatura-bezopasnosti/obratnyy-klapan-s-latunnym-shtokom/,"{""Размер, дюйм"": ""3/4\"""", ""Кол-во в упак./пакет, шт"": ""80/1"", ""Назначение:"": ""предназначен для перекрытие движения потока в обратном направлении и препятствие падению давления"", ""Материал:"": ""латунь"", ""Максимальная температура рабочей среды, ºС:"": ""90"", ""Максимальное давление, PN, бар:"": ""25"", ""Средний полный срок службы:"": ""15 лет"", ""Гарантия:"": ""2 года"", ""categories"": []}"
check_valve,1281447,Клапан обратный с латунным штоком(арт.VF.161.L.200),VF.161.L.200,,,,,,,,,,25,,,,,,,,,,,,3,55,1,https://valfex.ru/catalog/armatura-bezopasnosti/obratnyy-klapan-s-latunnym-shtokom/,"{""Размер, дюйм"": ""2\"""", ""Кол-во в упак./пакет, шт"": ""20/1"", ""Назначение:"": ""предназначен для перекрытие движения потока в обратном направлении и препятствие падению давления"", ""Материал:"": ""латунь"", ""Максимальная температура рабочей среды, ºС:"": ""90"", ""Максимальное давление, PN, бар:"": ""25"", ""Средний полный срок службы:"": ""15 лет"", ""Гарантия:"": ""2 года"", ""categories"": []}"
check_valve,1281448,Клапан обратный с латунным штоком(арт.VF.161.L.114),VF.161.L.114,,,,,,,,,,25,,,,,,,,,,,,3,55,1,https://valfex.ru/catalog/armatura-bezopasnosti/obratnyy-klapan-s-latunnym-shtokom/,"{""Размер, дюйм"": ""1 1/4\"""", ""Кол-во в упак./пакет, шт"": ""40/1"", ""Назначение:"": ""предназначен для перекрытие движения потока в обратном направлении и препятствие падению давления"", ""Материал:"": ""латунь"", ""Максимальная температура рабочей среды, ºС:"": ""90"", ""Максимальное давление, PN, бар:"": ""25"", ""Средний полный срок службы:"": ""15 лет"", ""Гарантия:"": ""2 года"", ""categories"": []}"
check_valve,1281449,Клапан обратный с латунным штоком(арт.VF.161.L.012),VF.161.L.012,,,,,,,,,,25,,,,,,,,,,,,3,55,1,https://valfex.ru/catalog/armatura-bezopasnosti/obratnyy-klapan-s-latunnym-shtokom/,"{""Размер, дюйм"": ""1/2\"""", ""Кол-во в упак./пакет, шт"": ""120/1"", ""Назначение:"": ""предназначен для перекрытие движения потока в обратном направлении и препятствие падению давления"", ""Материал:"": ""латунь"", ""Максимальная температура рабочей среды, ºС:"": ""90"", ""Максимальное давление, PN, бар:"": ""25"", ""Средний полный срок службы:"": ""15 лет"", ""Гарантия:"": ""2 года"", ""categories"": []}"
check_valve,1282252,Клапан обратный для наружной канализации(арт.36000160),36000160,,,,,,,,,,,,,,,,,,,,,,1,55,1,https://valfex.ru/catalog/sistemy-beznapornoy-kanalizatsii/naruzhnaya-kanalizatsiya/obratnyy-klapan-dlya-naruzhnoy-kanalizatsii/,"{""Назначение:"": ""для подземных сетей канализации (наружной канализации)"", ""Соответствует:"": ""требованиям ГОСТ 54475-2011"", ""Материал:"": ""полипропилен и сополимеры пропилена"", ""Рабочая температура, °С:"": ""70"", ""Максимальная кратковременная температура, °С:"": ""95"", ""Технология монтажа:"": ""раструбное соединение"", ""Цвет:"": ""рыжий"", ""Форма поставки:"": ""картонная коробка"", ""Срок службы:"": ""50 лет"", ""Гарантия:"": ""10 лет со дня производства"", ""categories"": [""Наружная канализация""]}"
check_valve,1282253,Клапан обратный для наружной канализации(арт.36000110),36000110,,,,,,,,,,,,,,,,,,,,,,1,55,1,https://valfex.ru/catalog/sistemy-beznapornoy-kanalizatsii/naruzhnaya-kanalizatsiya/obratnyy-klapan-dlya-naruzhnoy-kanalizatsii/,"{""Назначение:"": ""для подземных сетей канализации (наружной канализации)"", ""Соответствует:"": ""требованиям ГОСТ 54475-2011"", ""Материал:"": ""полипропилен и сополимеры пропилена"", ""Рабочая температура, °С:"": ""70"", ""Максимальная кратковременная температура, °С:"": ""95"", ""Технология монтажа:"": ""раструбное соединение"", ""Цвет:"": ""рыжий"", ""Форма поставки:"": ""картонная коробка"", ""Срок службы:"": ""50 лет"", ""Гарантия:"": ""10 лет со дня производства"", ""categories"": [""Наружная канализация""]}"
check_valve,1282521,Клапан обратный латунный(арт.VF.161.N.100),VF.161.N.100,,,,,,,,,,"2,5 – 4,0",,,,,,,,,,,,3,55,1,https://valfex.ru/catalog/armatura-bezopasnosti/klapan-obratnyy-latunnyy/,"{""Размер, дюйм"": ""1\"""", ""Кол-во в упак./пакет, шт"": ""120/10"", ""Назначение:"": ""предназначен для перекрытия движения потока в обратном направлении и препятствие падению давления"", ""Материал пружины:"": ""нержавеющая сталь"", ""Материал корпуса:"": ""латунь ЛС59-1 с никелевым покрытием"", ""Тип присоединительной резьбы:"": ""ВР-ВР"", ""Рабочее давление, МПа:"": ""2,5 – 4,0"", ""Температура рабочей среды, ºС:"": ""от -20 до +90"", ""categories"": []}"
check_valve,1282522,Клапан обратный латунный(арт.VF.161.N.034),VF.161.N.034,,,,,,,,,,"2,5 – 4,0",,,,,,,,,,,,3,55,1,https://valfex.ru/catalog/armatura-bezopasnosti/klapan-obratnyy-latunnyy/,"{""Размер, дюйм"": ""3/4\"""", ""Кол-во в упак./пакет, шт"": ""240/15"", ""Назначение:"": ""предназначен для перекрытия движения потока в обратном направлении и препятствие падению давления"", ""Материал пружины:"": ""нержавеющая сталь"", ""Материал корпуса:"": ""латунь ЛС59-1 с никелевым покрытием"", ""Тип присоединительной резьбы:"": ""ВР-ВР"", ""Рабочее давление, МПа:"": ""2,5 – 4,0"", ""Температура рабочей среды, ºС:"": ""от -20 до +90"", ""categories"": []}"
check_valve,1282523,Клапан обратный латунный(арт.VF.161.N.112),VF.161.N.112,,,,,,,,,,"2,5 – 4,0",,,,,,,,,,,,3,55,1,https://valfex.ru/catalog/armatura-bezopasnosti/klapan-obratnyy-latunnyy/,"{""Размер, дюйм"": ""1 1/2\"""", ""Кол-во в упак./пакет, шт"": ""48/4"", ""Назначение:"": ""предназначен для перекрытия движения потока в обратном направлении и препятствие падению давления"", ""Материал пружины:"": ""нержавеющая сталь"", ""Материал корпуса:"": ""латунь ЛС59-1 с никелевым покрытием"", ""Тип присоединительной резьбы:"": ""ВР-ВР"", ""Рабочее давление, МПа:"": ""2,5 – 4,0"", ""Температура рабочей среды, ºС:"": ""от -20 до +90"", ""categories"": []}"
check_valve,1282524,Клапан обратный латунный(арт.VF.161.N.012),VF.161.N.012,,,,,,,,,,"2,5 – 4,0",,,,,,,,,,,,3,55,1,https://valfex.ru/catalog/armatura-bezopasnosti/klapan-obratnyy-latunnyy/,"{""Размер, дюйм"": ""1/2\"""", ""Кол-во в упак./пакет, шт"": ""320/20"", ""Назначение:"": ""предназначен для перекрытия движения потока в обратном направлении и препятствие падению давления"", ""Материал пружины:"": ""нержавеющая сталь"", ""Материал корпуса:"": ""латунь ЛС59-1 с никелевым покрытием"", ""Тип присоединительной резьбы:"": ""ВР-ВР"", ""Рабочее давление, МПа:"": ""2,5 – 4,0"", ""Температура рабочей среды, ºС:"": ""от -20 до +90"", ""categories"": []}"
check_valve,1282525,Клапан обратный латунный(арт.VF.161.N.200),VF.161.N.200,,,,,,,,,,"2,5 – 4,0",,,,,,,,,,,,3,55,1,https://valfex.ru/catalog/armatura-bezopasnosti/klapan-obratnyy-latunnyy/,"{""Размер, дюйм"": ""2\"""", ""Кол-во в упак./пакет, шт"": ""24/3"", ""Назначение:"": ""предназначен для перекрытия движения потока в обратном направлении и препятствие падению давления"", ""Материал пружины:"": ""нержавеющая сталь"", ""Материал корпуса:"": ""латунь ЛС59-1 с никелевым покрытием"", ""Тип присоединительной резьбы:"": ""ВР-ВР"", ""Рабочее давление, МПа:"": ""2,5 – 4,0"", ""Температура рабочей среды, ºС:"": ""от -20 до +90"", ""categories"": []}"
check_valve,1282526,Клапан обратный латунный(арт.VF.161.N.114),VF.161.N.114,,,,,,,,,,"2,5 – 4,0",,,,,,,,,,,,3,55,1,https://valfex.ru/catalog/armatura-bezopasnosti/klapan-obratnyy-latunnyy/,"{""Размер, дюйм"": ""1 1/4\"""", ""Кол-во в упак./пакет, шт"": ""76/6"", ""Назначение:"": ""предназначен для перекрытия движения потока в обратном направлении и препятствие падению давления"", ""Материал пружины:"": ""нержавеющая сталь"", ""Материал корпуса:"": ""латунь ЛС59-1 с никелевым покрытием"", ""Тип присоединительной резьбы:"": ""ВР-ВР"", ""Рабочее давление, МПа:"": ""2,5 – 4,0"", ""Температура рабочей среды, ºС:"": ""от -20 до +90"", ""categories"": []}"
check_valve,1283304,Шланг напорно-всасывающий с комплектом подключения к насосной станции и обратным клапаном(арт.VF.SH.NV.22.25.900),VF.SH.NV.22.25.900,,,,,,,,,,,,,,,,,,,,,,2,55,1,https://valfex.ru/catalog/nasosy/komplektuyushchie-dlya-nasosnogo-oborudovaniya/shlang-naporno-vsasyvayushchiy-s-komplektom-podklyucheniya-k-nasosnoy-stantsii-i-obratnym-klapanom/,"{""Назначение:"": ""для использования в качестве входной магистрали насосных станций для подачи воды"", ""Внешний диаметр шланга:"": ""25 мм"", ""Внутренний диаметр шланга:"": ""22 мм"", ""Рабочее давление:"": ""4 бар"", ""Материал коннектора:"": ""ABS-пластик"", ""Резьба коннектора:"": ""1\"""", ""Наличие фильтра:"": ""есть"", ""Максимальная рабочая температура, °С:"": ""60"", ""Максимальное давление:"": ""9 бар"", ""Гарантия:"": ""1 год"", ""categories"": [""Комплектующие для насосного оборудования""]}"
check_valve,1283305,Шланг напорно-всасывающий с комплектом подключения к насосной станции и обратным клапаном(арт.VF.SH.NV.22.25.500),VF.SH.NV.22.25.500,,,,,,,,,,,,,,,,,,,,,,2,55,1,https://valfex.ru/catalog/nasosy/komplektuyushchie-dlya-nasosnogo-oborudovaniya/shlang-naporno-vsasyvayushchiy-s-komplektom-podklyucheniya-k-nasosnoy-stantsii-i-obratnym-klapanom/,"{""Назначение:"": ""для использования в качестве входной магистрали насосных станций для подачи воды"", ""Внешний диаметр шланга:"": ""25 мм"", ""Внутренний диаметр шланга:"": ""22 мм"", ""Рабочее давление:"": ""4 бар"", ""Материал коннектора:"": ""ABS-пластик"", ""Резьба коннектора:"": ""1\"""", ""Наличие фильтра:"": ""есть"", ""Максимальная рабочая температура, °С:"": ""60"", ""Максимальное давление:"": ""9 бар"", ""Гарантия:"": ""1 год"", ""categories"": [""Комплектующие для насосного оборудования""]}"
check_valve,1283306,Шланг напорно-всасывающий с комплектом подключения к насосной станции и обратным клапаном(арт.VF.SH.NV.22.25.700),VF.SH.NV.22.25.700,,,,,,,,,,,,,,,,,,,,,,2,55,1,https://valfex.ru/catalog/nasosy/komplektuyushchie-dlya-nasosnogo-oborudovaniya/shlang-naporno-vsasyvayushchiy-s-komplektom-podklyucheniya-k-nasosnoy-stantsii-i-obratnym-klapanom/,"{""Назначение:"": ""для использования в качестве входной магистрали насосных станций для подачи воды"", ""Внешний диаметр шланга:"": ""25 мм"", ""Внутренний диаметр шланга:"": ""22 мм"", ""Рабочее давление:"": ""4 бар"", ""Материал коннектора:"": ""ABS-пластик"", ""Резьба коннектора:"": ""1\"""", ""Наличие фильтра:"": ""есть"", ""Максимальная рабочая температура, °С:"": ""60"", ""Максимальное давление:"": ""9 бар"", ""Гарантия:"": ""1 год"", ""categories"": [""Комплектующие для насосного оборудования""]}"
check_valve,1283524,Сетка для обратного клапана(арт.VF.161.S.012),VF.161.S.012,,,,,,,,,,,,,,,,,,,,,,3,55,1,https://valfex.ru/catalog/armatura-bezopasnosti/setka-dlya-obratnogo-klapana/,"{""Размер, дюйм"": ""1/2\"""", ""Кол-во в упак./пакет, шт"": ""250"", ""Назначение:"": ""предназначен для предотвращения попадания нерастворимых частиц в обратный клапан"", ""Материал:"": ""нержавеющая сталь"", ""Интервал рабочих температур, ºС:"": ""от -20 до +80"", ""Размер ячейки фильтрующей сетки, мм:"": ""1,5"", ""Гарантия:"": ""2 года"", ""categories"": []}"
check_valve,1283525,Сетка для обратного клапана(арт.VF.161.S.034),VF.161.S.034,,,,,,,,,,,,,,,,,,,,,,3,55,1,https://valfex.ru/catalog/armatura-bezopasnosti/setka-dlya-obratnogo-klapana/,"{""Размер, дюйм"": ""3/4\"""", ""Кол-во в упак./пакет, шт"": ""170"", ""Назначение:"": ""предназначен для предотвращения попадания нерастворимых частиц в обратный клапан"", ""Материал:"": ""нержавеющая сталь"", ""Интервал рабочих температур, ºС:"": ""от -20 до +80"", ""Размер ячейки фильтрующей сетки, мм:"": ""1,5"", ""Гарантия:"": ""2 года"", ""categories"": []}"
check_valve,1283526,Сетка для обратного клапана(арт.VF.161.S.100),VF.161.S.100,,,,,,,,,,,,,,,,,,,,,,3,55,1,https://valfex.ru/catalog/armatura-bezopasnosti/setka-dlya-obratnogo-klapana/,"{""Размер, дюйм"": ""1\"""", ""Кол-во в упак./пакет, шт"": ""90"", ""Назначение:"": ""предназначен для предотвращения попадания нерастворимых частиц в обратный клапан"", ""Материал:"": ""нержавеющая сталь"", ""Интервал рабочих температур, ºС:"": ""от -20 до +80"", ""Размер ячейки фильтрующей сетки, мм:"": ""1,5"", ""Гарантия:"": ""2 года"", ""categories"": []}"
check_valve,1283527,Сетка для обратного клапана(арт.VF.161.S.114),VF.161.S.114,,,,,,,,,,,,,,,,,,,,,,3,55,1,https://valfex.ru/catalog/armatura-bezopasnosti/setka-dlya-obratnogo-klapana/,"{""Размер, дюйм"": ""1 1/4\"""", ""Кол-во в упак./пакет, шт"": ""80"", ""Назначение:"": ""предназначен для предотвращения попадания нерастворимых частиц в обратный клапан"", ""Материал:"": ""нержавеющая сталь"", ""Интервал рабочих температур, ºС:"": ""от -20 до +80"", ""Размер ячейки фильтрующей сетки, мм:"": ""1,5"", ""Гарантия:"": ""2 года"", ""categories"": []}"
check_valve,1283528,Сетка для обратного клапана(арт.VF.161.S.200),VF.161.S.200,,,,,,,,,,,,,,,,,,,,,,3,55,1,https://valfex.ru/catalog/armatura-bezopasnosti/setka-dlya-obratnogo-klapana/,"{""Размер, дюйм"": ""2\"""", ""Кол-во в упак./пакет, шт"": ""20"", ""Назначение:"": ""предназначен для предотвращения попадания нерастворимых частиц в обратный клапан"", ""Материал:"": ""нержавеющая сталь"", ""Интервал рабочих температур, ºС:"": ""от -20 до +80"", ""Размер ячейки фильтрующей сетки, мм:"": ""1,5"", ""Гарантия:"": ""2 года"", ""categories"": []}"
check_valve,1283529,Сетка для обратного клапана(арт.VF.161.S.112),VF.161.S.112,,,,,,,,,,,,,,,,,,,,,,3,55,1,https://valfex.ru/catalog/armatura-bezopasnosti/setka-dlya-obratnogo-klapana/,"{""Размер, дюйм"": ""1 1/2\"""", ""Кол-во в упак./пакет, шт"": ""40"", ""Назначение:"": ""предназначен для предотвращения попадания нерастворимых частиц в обратный клапан"", ""Материал:"": ""нержавеющая сталь"", ""Интервал рабочих температур, ºС:"": ""от -20 до +80"", ""Размер ячейки фильтрующей сетки, мм:"": ""1,5"", ""Гарантия:"": ""2 года"", ""categories"": []}"
check_valve,1284009,Клапан обратный(арт.26100110),26100110,,,,,,,,,,,,,,,,,,,,,,1,55,1,https://valfex.ru/catalog/sistemy-beznapornoy-kanalizatsii/vnutrennyaya-kanalizatsiya/klapan-obratnyy/,"{""Назначение:"": ""предназначен для систем хозяйственно-бытовой канализации в жилых, административных и промышленных зданиях, а также для систем внутренних водостоков высотой до 10 метров"", ""Соответствует:"": ""требованиям ГОСТ 32414-2013"", ""Форма поставки:"": ""картонная коробка"", ""Материал:"": ""полипропилен и сополимеры пропилена"", ""Рабочая температура, °С:"": ""80"", ""Максимальная кратковременная температура, °С:"": ""95"", ""Технология монтажа:"": ""раструбное соединение"", ""Цвет:"": ""серый"", ""Срок службы:"": ""50 лет"", ""Гарантия:"": ""10 лет со дня производства"", ""categories"": [""Внутренняя канализация""]}"
check_valve,1284010,Клапан обратный(арт.26100050),26100050,,,,,,,,,,,,,,,,,,,,,,1,55,1,https://valfex.ru/catalog/sistemy-beznapornoy-kanalizatsii/vnutrennyaya-kanalizatsiya/klapan-obratnyy/,"{""Назначение:"": ""предназначен для систем хозяйственно-бытовой канализации в жилых, административных и промышленных зданиях, а также для систем внутренних водостоков высотой до 10 метров"", ""Соответствует:"": ""требованиям ГОСТ 32414-2013"", ""Форма поставки:"": ""картонная коробка"", ""Материал:"": ""полипропилен и сополимеры пропилена"", ""Рабочая температура, °С:"": ""80"", ""Максимальная кратковременная температура, °С:"": ""95"", ""Технология монтажа:"": ""раструбное соединение"", ""Цвет:"": ""серый"", ""Срок службы:"": ""50 лет"", ""Гарантия:"": ""10 лет со дня производства"", ""categories"": [""Внутренняя канализация""]}"
check_valve,1285366,Клапан обратный Ду15 PN40,БАЗ.КО.15.40,,,,,,,,,15,4 МПа,Внутренний / Внутренний,,,,,,,"Холодная и горячая вода, растворы гликолей (50 %), сжатый воздух. Группа среды 2 по ТР ТС 032",,,,4,255,1,https://baz.group/product/klapan-obratnyj-du15-pn40/,"{""Присоединительная резьба"": ""1/2"", ""В, мм"": ""31"", ""Вес, г"": ""112"", ""Н, мм"": ""44"", ""Тип продукта"": ""Клапан обратный латунный"", ""Влажность окружающей среды, %"": ""от 0 до 60"", ""Гарантия"": ""10 лет"", ""Класс герметичности"": ""С"", ""Корпусные детали и золотник клапана"": ""Латунь ЛС59-1 по ГОСТ 15527-2004 или ЛЦ40С по ГОСТ 17711-93"", ""Номинальное давление, МПа"": ""232"", ""Присоединение"": ""Резьбовое"", ""Пружина"": ""Сталь 12Х18Н10Т ГОСТ 5632-72"", ""Средняя наработка на отказ"": ""4000 циклов"", ""Срок службы"": ""10 лет"", ""Страна изготовления"": ""Россия"", ""Температура окружающей среды, °С"": ""от +1 до +40 для холодной и горячей воды, от -10 до +45 для растворов гликолей (50%), сжатого воздуха"", ""Температура рабочей среды, °С"": ""Для холодной и горячей воды от +1 до +99 °С, для растворов гликолей (50%), сжатого воздуха от -20 до +99 °С"", ""Тип резьбы"": ""Внутренняя"", ""Уплотнительное кольцо"": ""Смесь резиновая Д-51\nТУ 22.19.20-017-00149297-2017"", ""DN"": ""15"", ""Рабочая среда"": ""Холодная и горячая вода, растворы гликолей (50 %), сжатый воздух. Группа среды 2 по ТР ТС 032"", ""Тип присоединения"": ""Внутренний / Внутренний"", ""Кратность упаковки"": ""100"", ""Тип покрытия"": ""Латунь (без покрытия)""}"
check_valve,1285462,Клапан обратный Ду15 PN40 никель,БАЗ.КО.15.40.Н,,,,,,,,,15,4 МПа,Внутренний / Внутренний,,,,,,,"Холодная и горячая вода, растворы гликолей (50 %), сжатый воздух. Группа среды 2 по ТР ТС 032",,,,4,255,1,https://baz.group/product/klapan-obratnyj-du15-pn40-nikel/,"{""Присоединительная резьба"": ""1/2"", ""В, мм"": ""31"", ""Вес, г"": ""112"", ""Н, мм"": ""44"", ""Тип продукта"": ""Клапан обратный латунный никелированный"", ""Влажность окружающей среды, %"": ""от 0 до 60"", ""Гарантия"": ""10 лет"", ""Класс герметичности"": ""С"", ""Корпусные детали и золотник клапана"": ""Латунь ЛС59-1 по ГОСТ 15527-2004 или ЛЦ40С по ГОСТ 17711-93 с никелем"", ""Номинальное давление, МПа"": ""232"", ""Присоединение"": ""Резьбовое"", ""Пружина"": ""Сталь 12Х18Н10Т ГОСТ 5632-72"", ""Средняя наработка на отказ"": ""4000 циклов"", ""Срок службы"": ""10 лет"", ""Страна изготовления"": ""Россия"", ""Температура окружающей среды, °С"": ""от +1 до +40 для холодной и горячей воды, от -10 до +45 для растворов гликолей (50%), сжатого воздуха"", ""Температура рабочей среды, °С"": ""Для холодной и горячей воды от +1 до +99 °С, для растворов гликолей (50%), сжатого воздуха от -20 до +99 °С"", ""Тип резьбы"": ""Внутренняя"", ""Уплотнительное кольцо"": ""Смесь резиновая Д-51\nТУ 22.19.20-017-00149297-2017"", ""DN"": ""15"", ""Рабочая среда"": ""Холодная и горячая вода, растворы гликолей (50 %), сжатый воздух. Группа среды 2 по ТР ТС 032"", ""Тип присоединения"": ""Внутренний / Внутренний"", ""Кратность упаковки"": ""100"", ""Тип покрытия"": ""Никель""}"
check_valve,1285551,Клапан обратный Ду20 PN40 никель,БАЗ.КО.20.40.Н,,,,,,,,,20,4 МПа,Внутренний / Внутренний,,,,,,,"Холодная и горячая вода, растворы гликолей (50 %), сжатый воздух. Группа среды 2 по ТР ТС 032",,,,4,255,1,https://baz.group/product/klapan-obratnyj-du20-pn40-nikel/,"{""Присоединительная резьба"": ""3/4"", ""В, мм"": ""56"", ""Вес, г"": ""152"", ""Н, мм"": ""44"", ""Тип продукта"": ""Клапан обратный латунный никелированный"", ""Влажность окружающей среды, %"": ""от 0 до 60"", ""Гарантия"": ""10 лет"", ""Класс герметичности"": ""С"", ""Корпусные детали и золотник клапана"": ""Латунь ЛС59-1 по ГОСТ 15527-2004 или ЛЦ40С по ГОСТ 17711-93 с никелем"", ""Номинальное давление, МПа"": ""232"", ""Присоединение"": ""Резьбовое"", ""Пружина"": ""Сталь 12Х18Н10Т ГОСТ 5632-72"", ""Средняя наработка на отказ"": ""4000 циклов"", ""Срок службы"": ""10 лет"", ""Страна изготовления"": ""Россия"", ""Температура окружающей среды, °С"": ""от +1 до +40 для холодной и горячей воды, от -10 до +45 для растворов гликолей (50%), сжатого воздуха"", ""Температура рабочей среды, °С"": ""Для холодной и горячей воды от +1 до +99 °С, для растворов гликолей (50%), сжатого воздуха от -20 до +99 °С"", ""Тип резьбы"": ""Внутренняя"", ""Уплотнительное кольцо"": ""Смесь резиновая Д-51\nТУ 22.19.20-017-00149297-2017"", ""DN"": ""20"", ""Рабочая среда"": ""Холодная и горячая вода, растворы гликолей (50 %), сжатый воздух. Группа среды 2 по ТР ТС 032"", ""Тип присоединения"": ""Внутренний / Внутренний"", ""Кратность упаковки"": ""100"", ""Тип покрытия"": ""Никель""}"
check_valve,1285582,Клапан обратный Ду20 PN40,БАЗ.КО.20.40,,,,,,,,,20,4 МПа,Внутренний / Внутренний,,,,,,,"Холодная и горячая вода, растворы гликолей (50 %), сжатый воздух. Группа среды 2 по ТР ТС 032",,,,4,255,1,https://baz.group/product/klapan-obratnyj-du20-pn40/,"{""Присоединительная резьба"": ""3/4"", ""В, мм"": ""36"", ""Вес, г"": ""152"", ""Н, мм"": ""44"", ""Тип продукта"": ""Клапан обратный латунный"", ""Влажность окружающей среды, %"": ""от 0 до 60"", ""Гарантия"": ""10 лет"", ""Класс герметичности"": ""С"", ""Корпусные детали и золотник клапана"": ""Латунь ЛС59-1 по ГОСТ 15527-2004 или ЛЦ40С по ГОСТ 17711-93"", ""Номинальное давление, МПа"": ""232"", ""Присоединение"": ""Резьбовое"", ""Пружина"": ""Сталь 12Х18Н10Т ГОСТ 5632-72"", ""Средняя наработка на отказ"": ""4000 циклов"", ""Срок службы"": ""10 лет"", ""Страна изготовления"": ""Россия"", ""Температура окружающей среды, °С"": ""от +1 до +40 для холодной и горячей воды, от -10 до +45 для растворов гликолей (50%), сжатого воздуха"", ""Температура рабочей среды, °С"": ""Для холодной и горячей воды от +1 до +99 °С, для растворов гликолей (50%), сжатого воздуха от -20 до +99 °С"", ""Тип резьбы"": ""Внутренняя"", ""Уплотнительное кольцо"": ""Смесь резиновая Д-51\nТУ 22.19.20-017-00149297-2017"", ""DN"": ""20"", ""Рабочая среда"": ""Холодная и горячая вода, растворы гликолей (50 %), сжатый воздух. Группа среды 2 по ТР ТС 032"", ""Тип присоединения"": ""Внутренний / Внутренний"", ""Кратность упаковки"": ""100"", ""Тип покрытия"": ""Латунь (без покрытия)""}"
check_valve,1285662,Обратный клапан 1/2 VRT® пласт седло,531870,,,,,,Клапан обратный,Клапан обратный,,1/2,20,"Для металлополимерных, медных, стальных труб и для труб из сшитого полиэтилена",Внутренняя/внутренняя,,Латунь,,,,,"Горячее/холодное водоснабжение, отопление",,,4,252,1,https://f58.ru/products/obratnyj_klapan_12_vrt_plast_sedlo,"{""Код поставщика"": ""VRT-8803-000015"", ""шт/фас/уп"": ""1/32/256"", ""Вес"": ""0.11 кг"", ""Объем"": ""0.0001 м3"", ""На складе"": ""Пенза"", ""Остаток"": """", ""Ширина, мм"": ""34"", ""Высота, мм"": ""34"", ""Длина, мм"": ""58"", ""Категория"": ""Клапаны обратные"", ""Подкатегория"": ""Краны, вентили, задвижки, затворы, обратные клапаны"", ""Тип изделия"": ""Клапан обратный"", ""Материал"": ""Латунь"", ""Диаметр резьбы, дюйм"": ""1/2"", ""Вид соединения"": ""Резьбовое"", ""Область применения"": ""Горячее/холодное водоснабжение, отопление"", ""Вид резьбы"": ""Внутренняя/внутренняя"", ""Количество проходов"": ""Двухпроходной"", ""Угловое подключение"": ""Нет"", ""Присоединение"": ""Для металлополимерных, медных, стальных труб и для труб из сшитого полиэтилена"", ""Материал штока у обратного клапана"": ""Пластик"", ""Наличие фильтра у обратного клапана"": ""Нет"", ""Максимальная рабочая температура, С"": ""100"", ""Минимальная рабочая температура, С"": ""-20"", ""Максимальное рабочее давление, бар"": ""20"", ""Цвет"": ""Латунь"", ""Запорное устройство"": ""Седло/шток"", ""Марка металла"": ""Н58-3"", ""Ограничение применения"": ""Питьевая вода, техническая вода, антифриз"", ""Покрытие"": ""Нет"", ""Страна"": ""Китай"", ""Гарантия, лет"": ""5"", ""categories"": [""Клапаны обратные""]}"
check_valve,1285747,Клапан обратный подъемный фланцевый DN 65 PN 16 корпус-чугун диск-нержавеющаясталь уплотнение-нержавеющая сталь FAF 2250,930104006,930104006,,,,2250,клапан обратный,,,65,16,фланцевое,,,чугун,,,,вода,,Турция,,4,303,1,,"{""Ду"": ""65"", ""Ру"": ""16"", ""Присоединение"": ""фланцевое"", ""Артикул"": ""930104006"", ""Серия"": ""2250"", ""Артикул производителя"": ""2250065"", ""Страна происхождения"": ""Турция"", ""Наименование"": ""клапан обратный"", ""Материал корпуса"": ""чугун"", ""Рабочая среда"": ""вода"", ""Максимальная температура рабочей среды, °C"": ""200"", ""Материал уплотнения затвора"": ""нержавеющая сталь""}"
check_valve,1285774,"Обратный клапан с мет. штоком 1 1/4"" в-в, короткий",JH-1013std,,,TIM,,,,,,,,,,,,,,,,,,,9,260,,https://tim-com.ru/katalog-tim/filtry/obratnye-klapana/obratnyy-klapan-s-met-shtokom-1-1-4-v-v-korotkiy,"{""Производитель"": ""TIM"", ""Рабочее давление"": ""16бар"", ""Минимальная температура рабочей среды"": ""1С"", ""Максимальная температура рабочей среды"": ""100С"", ""Резьба 2"": ""1 1/4"", ""Резьба 1"": ""1 1/4"", ""Диаметр присоединения"": ""1 1/4"", ""Тип фитинга"": ""Клапан"", ""Тип резьбы"": ""В-В"", ""categories"": [""Обратные клапана для воды""]}"
check_valve,1285914,"Клапан регул. на обратном контуре под шестигран. 1/2"" нар. - 3/4"" нар. с упл. кольцом, под евроконус",M305-23,,,TIM,,,,,,,,,,,Никель,,,,,,,,5,260,,https://tim-com.ru/katalog-tim/komplektuyuschie-dlya-kollektornyh-grupp/drugoe/klapan-regul-na-obratnom-konture-pod-shestigran-1-2-nar-3-4-nar-s-upl-koltsom-pod-evrokonus,"{""Производитель"": ""TIM"", ""Материал"": ""Никель"", ""categories"": [""Другое""]}"
check_valve,1285947,Клапан регулировочный под шестиграник на обратным котуре,M305,,,TIM,,,,,,,,,,,Никель,,,,,,,,5,260,,https://tim-com.ru/katalog-tim/komplektuyuschie-dlya-kollektornyh-grupp/drugoe/klapan-regulirovochnyy-pod-shestigranik-na-obratnym-koture,"{""Производитель"": ""TIM"", ""Материал"": ""Никель"", ""categories"": [""Другое""]}"
check_valve,1286230,"Обратный клапан с мет. штоком 1 1/2"" в-в, короткий",JH-1014std,,,TIM,,,,,,,,,,,,,,,,,,,9,260,,https://tim-com.ru/katalog-tim/filtry/obratnye-klapana/obratnyy-klapan-s-met-shtokom-1-1-2-v-v-korotkiy,"{""Производитель"": ""TIM"", ""Рабочее давление"": ""16бар"", ""Минимальная температура рабочей среды"": ""1С"", ""Максимальная температура рабочей среды"": ""100С"", ""Резьба 2"": ""1 1/2"", ""Резьба 1"": ""1 1/2"", ""Диаметр присоединения"": ""1 1/2"", ""Тип фитинга"": ""Клапан"", ""Тип резьбы"": ""В-В"", ""categories"": [""Обратные клапана для воды""]}"
filter,10786,"Регулятор давления поршневой латунь КРДВ Ду 15 Ру16 1/2"" ВР Рн=2 - 4бар с выходом под манометр и фильтром Цветлит ZW60005",022-1853,ZW60005,,Цветлит,КРДВ,,Регулятор давления,,и фильтром,,,внутренняя резьба,,,латунь,,,,вода,"Используется в системах горячего и холодного водоснабжения, включая коммунальное и промышленное назначение.",Беларусь,,3,105,1,https://www.santech.ru/catalog/337/339/i14913/,"{""Номенклатурный номер"": ""022-1853"", ""Бренд"": ""Цветлит"", ""Название"": ""Регулятор давления"", ""Тип устройства"": ""поршневой"", ""Материал"": ""латунь"", ""Манометр"": ""с выходом под манометр"", ""Выход под манометр"": ""М12x1,5"", ""Тип присоединения"": ""внутренняя резьба"", ""Диапазон настройки"": ""Рн=2 - 4бар"", ""Модель"": ""КРДВ"", ""Тип установки"": ""регулятор может монтироваться в любом монтажном положении, направление потока должно совпадать с направлением стрелки на корпусе регулятора"", ""Покрытие"": ""без покрытия"", ""Масса нетто"": ""0.167 кг"", ""Страна происхождения"": ""Беларусь"", ""Штрих-код на одну ТМЦ"": ""4810603001528"", ""Температура рабочей среды"": ""от 5 до +75 oC"", ""Область применения"": ""Используется в системах горячего и холодного водоснабжения, включая коммунальное и промышленное назначение."", ""Комплект поставки"": ""регулятор в сборе (без манометра, сетка-фильтр), паспорт"", ""Гарантия"": ""2 года"", ""Гарантия производителя"": ""2 года"", ""Срок службы"": ""6 лет"", ""Диаметр"": ""Ду 15"", ""Давление"": ""Ру16"", ""Особености конструкции"": ""с фильтром"", ""Размер резьбы"": ""1/2\"""", ""Максимальная температура"": ""75°C"", ""Строительная длина"": ""56 мм"", ""Исполнение"": ""и фильтром"", ""Артикул"": ""ZW60005"", ""Рабочая среда"": ""вода"", ""Марка материала корпуса"": ""ЛЦ40Сд""}"
filter,11170,"Фильтр сетчатый Y-образный латунь Ду 15 Ру20 1/2"" ВР/НР 4002 с отверстием под пломбу Aquasfera 4002-01",036-0551,4002-01,,Aquasfera,4002,,,сетчатый,с отверстием под пломбу,,,внутренняя резьба/наружная резьба,,,латунь CW617N (ЛС 59-2),,,,"углеводороды, вода, воздух","Водоснабжение, Отопление, Тепловые пункты, Пожаротушение",Китай,,6,30,1,https://www.santech.ru/catalog/353/359/i15218/,"{""Номенклатурный номер"": ""036-0551"", ""Бренд"": ""Aquasfera"", ""Инженерная система"": ""Водоснабжение, Отопление, Тепловые пункты, Пожаротушение"", ""Тип"": ""сетчатый"", ""Тип установки"": ""Y-образный"", ""Модель"": ""4002"", ""Материал"": ""латунь"", ""Тип присоединения"": ""внутренняя резьба/наружная резьба"", ""Монтажное положение"": ""пробкой вниз"", ""Масса нетто"": ""0.154 кг"", ""Страна происхождения"": ""Китай"", ""Штрих-код на одну ТМЦ"": ""4606034165065"", ""Температура рабочей среды"": ""от -10 до +150 oC"", ""Область применения"": ""Для механической очистки рабочей среды: отопления, водоснабжения, сжатого воздуха, жидких углеводородов"", ""Гарантия"": ""5 лет"", ""Гарантия производителя"": ""5 лет"", ""Диаметр"": ""Ду 15"", ""Давление"": ""Ру20"", ""Размер резьбы"": ""1/2\"""", ""Cтроительная длина"": ""65мм"", ""Рабочая среда"": ""углеводороды, вода, воздух"", ""Исполнение"": ""с отверстием под пломбу"", ""Дренаж встроенный"": ""нет"", ""Артикул"": ""4002-01"", ""Пропускная способность"": ""4 м3/ч"", ""Материал корпуса"": ""латунь CW617N (ЛС 59-2)"", ""Материал сетки"": ""нержавеющая сталь"", ""Размер ячейки сетки"": ""0.42 мм"", ""Строительная высота"": ""40.5 мм"", ""Регламентирующий документ"": ""ТР ТС 010/2011""}"
filter,11171,"Фильтр сетчатый Y-образный латунь Ду 20 Ру20 3/4"" ВР/НР 4002 с отверстием под пломбу Aquasfera 4002-02",036-0552,4002-02,,Aquasfera,4002,,,сетчатый,с отверстием под пломбу,,,внутренняя резьба/наружная резьба,,,латунь CW617N (ЛС 59-2),,,,"воздух, углеводороды, вода","Водоснабжение, Отопление, Тепловые пункты, Пожаротушение",Китай,,6,30,1,https://www.santech.ru/catalog/353/359/i15218/,"{""Номенклатурный номер"": ""036-0552"", ""Бренд"": ""Aquasfera"", ""Инженерная система"": ""Водоснабжение, Отопление, Тепловые пункты, Пожаротушение"", ""Тип"": ""сетчатый"", ""Тип установки"": ""Y-образный"", ""Модель"": ""4002"", ""Материал"": ""латунь"", ""Тип присоединения"": ""внутренняя резьба/наружная резьба"", ""Монтажное положение"": ""пробкой вниз"", ""Масса нетто"": ""0.211 кг"", ""Страна происхождения"": ""Китай"", ""Штрих-код на одну ТМЦ"": ""4606034165072"", ""Температура рабочей среды"": ""от -10 до +150 oC"", ""Область применения"": ""Для механической очистки рабочей среды: отопления, водоснабжения, сжатого воздуха, жидких углеводородов"", ""Гарантия"": ""5 лет"", ""Гарантия производителя"": ""5 лет"", ""Диаметр"": ""Ду 20"", ""Давление"": ""Ру20"", ""Размер резьбы"": ""3/4\"""", ""Cтроительная длина"": ""72мм"", ""Рабочая среда"": ""воздух, углеводороды, вода"", ""Исполнение"": ""с отверстием под пломбу"", ""Дренаж встроенный"": ""нет"", ""Артикул"": ""4002-02"", ""Пропускная способность"": ""6 м3/ч"", ""Материал корпуса"": ""латунь CW617N (ЛС 59-2)"", ""Материал сетки"": ""нержавеющая сталь"", ""Размер ячейки сетки"": ""0.42 мм"", ""Строительная высота"": ""47.5 мм"", ""Регламентирующий документ"": ""ТР ТС 010/2011""}"
filter,11172,"Фильтр сетчатый Y-образный латунь Ду 25 Ру20 1"" ВР/НР 4002 с отверстием под пломбу Aquasfera 4002-03",036-0553,4002-03,,Aquasfera,4002,,,сетчатый,с отверстием под пломбу,,,внутренняя резьба/наружная резьба,,,латунь CW617N (ЛС 59-2),,,,"вода, воздух, углеводороды","Водоснабжение, Отопление, Тепловые пункты, Пожаротушение",Китай,,6,30,1,https://www.santech.ru/catalog/353/359/i15218/,"{""Номенклатурный номер"": ""036-0553"", ""Бренд"": ""Aquasfera"", ""Инженерная система"": ""Водоснабжение, Отопление, Тепловые пункты, Пожаротушение"", ""Тип"": ""сетчатый"", ""Тип установки"": ""Y-образный"", ""Модель"": ""4002"", ""Материал"": ""латунь"", ""Тип присоединения"": ""внутренняя резьба/наружная резьба"", ""Монтажное положение"": ""пробкой вниз"", ""Масса нетто"": ""0.387 кг"", ""Страна происхождения"": ""Китай"", ""Штрих-код на одну ТМЦ"": ""4606034165089"", ""Температура рабочей среды"": ""от -10 до +150 oC"", ""Область применения"": ""Для механической очистки рабочей среды: отопления, водоснабжения, сжатого воздуха, жидких углеводородов"", ""Гарантия"": ""5 лет"", ""Гарантия производителя"": ""5 лет"", ""Диаметр"": ""Ду 25"", ""Давление"": ""Ру20"", ""Размер резьбы"": ""1\"""", ""Cтроительная длина"": ""85мм"", ""Рабочая среда"": ""вода, воздух, углеводороды"", ""Исполнение"": ""с отверстием под пломбу"", ""Дренаж встроенный"": ""нет"", ""Артикул"": ""4002-03"", ""Пропускная способность"": ""9 м3/ч"", ""Материал корпуса"": ""латунь CW617N (ЛС 59-2)"", ""Материал сетки"": ""нержавеющая сталь"", ""Размер ячейки сетки"": ""0.42 мм"", ""Строительная высота"": ""56 мм"", ""Регламентирующий документ"": ""ТР ТС 010/2011""}"
filter,11173,"Фильтр сетчатый Y-образный латунь Ду 15 Ру20 1/2"" ВР 4001 с отверстием под пломбу Aquasfera 4001-01",036-0542,4001-01,,Aquasfera,4001,,,сетчатый,с отверстием под пломбу,,,внутренняя резьба,,,латунь CW617N (ЛС 59-2),,,,"вода, воздух, углеводороды","Водоснабжение, Отопление, Тепловые пункты, Пожаротушение",Китай,,6,30,1,https://www.santech.ru/catalog/353/359/i15217/,"{""Номенклатурный номер"": ""036-0542"", ""Бренд"": ""Aquasfera"", ""Инженерная система"": ""Водоснабжение, Отопление, Тепловые пункты, Пожаротушение"", ""Тип"": ""сетчатый"", ""Тип установки"": ""Y-образный"", ""Модель"": ""4001"", ""Материал"": ""латунь"", ""Тип присоединения"": ""внутренняя резьба"", ""Монтажное положение"": ""пробкой вниз"", ""Масса нетто"": ""0.151 кг"", ""Страна происхождения"": ""Китай"", ""Штрих-код на одну ТМЦ"": ""4606034164570"", ""Температура рабочей среды"": ""от -10 до +150 oC"", ""Область применения"": ""Для механической очистки рабочей среды: отопления, водоснабжения, сжатого воздуха, жидких углеводородов"", ""Гарантия"": ""5 лет"", ""Гарантия производителя"": ""5 лет"", ""Диаметр"": ""Ду 15"", ""Давление"": ""Ру20"", ""Размер резьбы"": ""1/2\"""", ""Cтроительная длина"": ""63мм"", ""Рабочая среда"": ""вода, воздух, углеводороды"", ""Исполнение"": ""с отверстием под пломбу"", ""Дренаж встроенный"": ""нет"", ""Артикул"": ""4001-01"", ""Пропускная способность"": ""4 м3/ч"", ""Материал корпуса"": ""латунь CW617N (ЛС 59-2)"", ""Материал сетки"": ""нержавеющая сталь"", ""Размер ячейки сетки"": ""0.42 мм"", ""Строительная высота"": ""40.5 мм"", ""Регламентирующий документ"": ""ТР ТС 010/2011""}"
filter,11174,"Фильтр сетчатый Y-образный латунь Ду 20 Ру20 3/4"" ВР 4001 с отверстием под пломбу Aquasfera 4001-02",036-0543,4001-02,,Aquasfera,4001,,,сетчатый,с отверстием под пломбу,,,внутренняя резьба,,,латунь CW617N (ЛС 59-2),,,,"вода, воздух, углеводороды","Водоснабжение, Отопление, Тепловые пункты, Пожаротушение",Китай,,6,30,1,https://www.santech.ru/catalog/353/359/i15217/,"{""Номенклатурный номер"": ""036-0543"", ""Бренд"": ""Aquasfera"", ""Инженерная система"": ""Водоснабжение, Отопление, Тепловые пункты, Пожаротушение"", ""Тип"": ""сетчатый"", ""Тип установки"": ""Y-образный"", ""Модель"": ""4001"", ""Материал"": ""латунь"", ""Тип присоединения"": ""внутренняя резьба"", ""Монтажное положение"": ""пробкой вниз"", ""Масса нетто"": ""0.22 кг"", ""Страна происхождения"": ""Китай"", ""Штрих-код на одну ТМЦ"": ""4606034164587"", ""Температура рабочей среды"": ""от -10 до +150 oC"", ""Область применения"": ""Для механической очистки рабочей среды: отопления, водоснабжения, сжатого воздуха, жидких углеводородов"", ""Гарантия"": ""5 лет"", ""Гарантия производителя"": ""5 лет"", ""Диаметр"": ""Ду 20"", ""Давление"": ""Ру20"", ""Размер резьбы"": ""3/4\"""", ""Cтроительная длина"": ""70мм"", ""Рабочая среда"": ""вода, воздух, углеводороды"", ""Исполнение"": ""с отверстием под пломбу"", ""Дренаж встроенный"": ""нет"", ""Артикул"": ""4001-02"", ""Материал корпуса"": ""латунь CW617N (ЛС 59-2)"", ""Материал сетки"": ""нержавеющая сталь"", ""Размер ячейки сетки"": ""0.42 мм"", ""Строительная высота"": ""47.5 мм"", ""Регламентирующий документ"": ""ТР ТС 010/2011""}"
filter,11175,"Фильтр сетчатый Y-образный латунь Ду 25 Ру20 1"" ВР 4001 с отверстием под пломбу Aquasfera 4001-03",036-0544,4001-03,,Aquasfera,4001,,,сетчатый,с отверстием под пломбу,,,внутренняя резьба,,,латунь CW617N (ЛС 59-2),,,,"вода, воздух, углеводороды","Водоснабжение, Отопление, Тепловые пункты, Пожаротушение",Китай,,6,30,1,https://www.santech.ru/catalog/353/359/i15217/,"{""Номенклатурный номер"": ""036-0544"", ""Бренд"": ""Aquasfera"", ""Инженерная система"": ""Водоснабжение, Отопление, Тепловые пункты, Пожаротушение"", ""Тип"": ""сетчатый"", ""Тип установки"": ""Y-образный"", ""Модель"": ""4001"", ""Материал"": ""латунь"", ""Тип присоединения"": ""внутренняя резьба"", ""Монтажное положение"": ""пробкой вниз"", ""Масса нетто"": ""0.393 кг"", ""Страна происхождения"": ""Китай"", ""Штрих-код на одну ТМЦ"": ""4606034164594"", ""Температура рабочей среды"": ""от -10 до +150 oC"", ""Область применения"": ""Для механической очистки рабочей среды: отопления, водоснабжения, сжатого воздуха, жидких углеводородов"", ""Гарантия"": ""5 лет"", ""Гарантия производителя"": ""5 лет"", ""Диаметр"": ""Ду 25"", ""Давление"": ""Ру20"", ""Размер резьбы"": ""1\"""", ""Cтроительная длина"": ""85мм"", ""Рабочая среда"": ""вода, воздух, углеводороды"", ""Исполнение"": ""с отверстием под пломбу"", ""Дренаж встроенный"": ""нет"", ""Артикул"": ""4001-03"", ""Пропускная способность"": ""9 м3/ч"", ""Материал корпуса"": ""латунь CW617N (ЛС 59-2)"", ""Материал сетки"": ""нержавеющая сталь"", ""Размер ячейки сетки"": ""0.42 мм"", ""Строительная высота"": ""56 мм"", ""Регламентирующий документ"": ""ТР ТС 010/2011""}"
filter,11176,"Фильтр сетчатый Y-образный латунь Ду 32 Ру20 1 1/4"" ВР 4001 с отверстием под пломбу Aquasfera 4001-04",036-0545,4001-04,,Aquasfera,4001,,,сетчатый,с отверстием под пломбу,,,внутренняя резьба,,,латунь CW617N (ЛС 59-2),,,,"вода, воздух, углеводороды","Водоснабжение, Отопление, Тепловые пункты, Пожаротушение",Китай,,6,30,1,https://www.santech.ru/catalog/353/359/i15217/,"{""Номенклатурный номер"": ""036-0545"", ""Бренд"": ""Aquasfera"", ""Инженерная система"": ""Водоснабжение, Отопление, Тепловые пункты, Пожаротушение"", ""Тип"": ""сетчатый"", ""Тип установки"": ""Y-образный"", ""Модель"": ""4001"", ""Материал"": ""латунь"", ""Тип присоединения"": ""внутренняя резьба"", ""Монтажное положение"": ""пробкой вниз"", ""Масса нетто"": ""0.58 кг"", ""Страна происхождения"": ""Китай"", ""Штрих-код на одну ТМЦ"": ""4606034164600"", ""Температура рабочей среды"": ""от -10 до +150 oC"", ""Область применения"": ""Для механической очистки рабочей среды: отопления, водоснабжения, сжатого воздуха, жидких углеводородов"", ""Гарантия"": ""5 лет"", ""Гарантия производителя"": ""5 лет"", ""Диаметр"": ""Ду 32"", ""Давление"": ""Ру20"", ""Размер резьбы"": ""1 1/4\"""", ""Cтроительная длина"": ""97мм"", ""Рабочая среда"": ""вода, воздух, углеводороды"", ""Исполнение"": ""с отверстием под пломбу"", ""Дренаж встроенный"": ""нет"", ""Артикул"": ""4001-04"", ""Пропускная способность"": ""14 м3/ч"", ""Материал корпуса"": ""латунь CW617N (ЛС 59-2)"", ""Материал сетки"": ""нержавеющая сталь"", ""Размер ячейки сетки"": ""0.595 мм"", ""Строительная высота"": ""67 мм"", ""Регламентирующий документ"": ""ТР ТС 010/2011""}"
filter,11177,"Фильтр сетчатый Y-образный латунь Ду 40 Ру20 1 1/2"" ВР 4001 с отверстием под пломбу Aquasfera 4001-05",036-0546,4001-05,,Aquasfera,4001,,,сетчатый,с отверстием под пломбу,,,внутренняя резьба,,,латунь CW617N (ЛС 59-2),,,,"вода, воздух, углеводороды","Водоснабжение, Отопление, Тепловые пункты, Пожаротушение",Китай,,6,30,1,https://www.santech.ru/catalog/353/359/i15217/,"{""Номенклатурный номер"": ""036-0546"", ""Бренд"": ""Aquasfera"", ""Инженерная система"": ""Водоснабжение, Отопление, Тепловые пункты, Пожаротушение"", ""Тип"": ""сетчатый"", ""Тип установки"": ""Y-образный"", ""Модель"": ""4001"", ""Материал"": ""латунь"", ""Тип присоединения"": ""внутренняя резьба"", ""Монтажное положение"": ""пробкой вниз"", ""Масса нетто"": ""0.78 кг"", ""Страна происхождения"": ""Китай"", ""Штрих-код на одну ТМЦ"": ""4606034164815"", ""Температура рабочей среды"": ""от -10 до +150 oC"", ""Область применения"": ""Для механической очистки рабочей среды: отопления, водоснабжения, сжатого воздуха, жидких углеводородов"", ""Гарантия"": ""5 лет"", ""Гарантия производителя"": ""5 лет"", ""Диаметр"": ""Ду 40"", ""Давление"": ""Ру20"", ""Размер резьбы"": ""1 1/2\"""", ""Cтроительная длина"": ""108мм"", ""Рабочая среда"": ""вода, воздух, углеводороды"", ""Исполнение"": ""с отверстием под пломбу"", ""Дренаж встроенный"": ""нет"", ""Артикул"": ""4001-05"", ""Пропускная способность"": ""20 м3/ч"", ""Материал корпуса"": ""латунь CW617N (ЛС 59-2)"", ""Материал сетки"": ""нержавеющая сталь"", ""Размер ячейки сетки"": ""0.595 мм"", ""Строительная высота"": ""77 мм"", ""Регламентирующий документ"": ""ТР ТС 010/2011""}"
filter,11178,"Фильтр сетчатый Y-образный латунь Ду 50 Ру20 2"" ВР 4001 с отверстием под пломбу Aquasfera 4001-06",036-0547,4001-06,,Aquasfera,4001,,,сетчатый,с отверстием под пломбу,,,внутренняя резьба,,,латунь CW617N (ЛС 59-2),,,,"вода, воздух, углеводороды","Водоснабжение, Отопление, Тепловые пункты, Пожаротушение",Китай,,6,30,1,https://www.santech.ru/catalog/353/359/i15217/,"{""Номенклатурный номер"": ""036-0547"", ""Бренд"": ""Aquasfera"", ""Инженерная система"": ""Водоснабжение, Отопление, Тепловые пункты, Пожаротушение"", ""Тип"": ""сетчатый"", ""Тип установки"": ""Y-образный"", ""Модель"": ""4001"", ""Материал"": ""латунь"", ""Тип присоединения"": ""внутренняя резьба"", ""Монтажное положение"": ""пробкой вниз"", ""Масса нетто"": ""1.345 кг"", ""Страна происхождения"": ""Китай"", ""Штрих-код на одну ТМЦ"": ""4606034164822"", ""Температура рабочей среды"": ""от -10 до +150 oC"", ""Область применения"": ""Для механической очистки рабочей среды: отопления, водоснабжения, сжатого воздуха, жидких углеводородов"", ""Гарантия"": ""5 лет"", ""Гарантия производителя"": ""5 лет"", ""Диаметр"": ""Ду 50"", ""Давление"": ""Ру20"", ""Размер резьбы"": ""2\"""", ""Cтроительная длина"": ""131мм"", ""Рабочая среда"": ""вода, воздух, углеводороды"", ""Исполнение"": ""с отверстием под пломбу"", ""Дренаж встроенный"": ""нет"", ""Артикул"": ""4001-06"", ""Пропускная способность"": ""30 м3/ч"", ""Материал корпуса"": ""латунь CW617N (ЛС 59-2)"", ""Материал сетки"": ""нержавеющая сталь"", ""Размер ячейки сетки"": ""0.595 мм"", ""Строительная высота"": ""95 мм"", ""Регламентирующий документ"": ""ТР ТС 010/2011""}"
filter,11179,"Фильтр сетчатый Y-образный латунь никель Ду 15 Ру25 1/2"" ВР 46Б5фт1 VALFEX VF.192.LN0.012",036-1286,VF.192.LN0.012,,VALFEX,46Б5фт1,,,сетчатый,,,,внутренняя резьба,,,латунь,,,,,"Водоснабжение, Санитарные узлы",Россия,,6,55,1,https://www.santech.ru/catalog/353/359/i494/,"{""Номенклатурный номер"": ""036-1286"", ""Бренд"": ""VALFEX"", ""Инженерная система"": ""Водоснабжение, Санитарные узлы"", ""Тип"": ""сетчатый"", ""Тип установки"": ""Y-образный"", ""Модель"": ""46Б5фт1"", ""Материал"": ""латунь"", ""Тип присоединения"": ""внутренняя резьба"", ""Покрытие"": ""никель"", ""Масса нетто"": ""0.153 кг"", ""Страна происхождения"": ""Россия"", ""Штрих-код на одну ТМЦ"": ""4660042578811"", ""Диаметр"": ""Ду 15"", ""Давление"": ""Ру25"", ""Размер резьбы"": ""1/2\"""", ""Cтроительная длина"": ""60мм"", ""Дренаж встроенный"": ""нет"", ""Артикул"": ""VF.192.LN0.012"", ""Размер ячейки сетки"": ""0.2 мм""}"
filter,11180,"Фильтр сетчатый Y-образный латунь никель Ду 20 Ру25 3/4"" ВР 46Б5фт1 VALFEX VF.192.LN0.034",036-1287,VF.192.LN0.034,,VALFEX,46Б5фт1,,,сетчатый,,,,внутренняя резьба,,,латунь,,,,,"Водоснабжение, Санитарные узлы",Россия,,6,55,1,https://www.santech.ru/catalog/353/359/i494/,"{""Номенклатурный номер"": ""036-1287"", ""Бренд"": ""VALFEX"", ""Инженерная система"": ""Водоснабжение, Санитарные узлы"", ""Тип"": ""сетчатый"", ""Тип установки"": ""Y-образный"", ""Модель"": ""46Б5фт1"", ""Материал"": ""латунь"", ""Тип присоединения"": ""внутренняя резьба"", ""Покрытие"": ""никель"", ""Масса нетто"": ""0.253 кг"", ""Страна происхождения"": ""Россия"", ""Штрих-код на одну ТМЦ"": ""4660042578835"", ""Диаметр"": ""Ду 20"", ""Давление"": ""Ру25"", ""Размер резьбы"": ""3/4\"""", ""Cтроительная длина"": ""70мм"", ""Дренаж встроенный"": ""нет"", ""Артикул"": ""VF.192.LN0.034"", ""Размер ячейки сетки"": ""0.2 мм""}"
filter,11181,"Фильтр сетчатый Y-образный латунь никель Ду 25 Ру25 1"" ВР 46Б5фт1 VALFEX VF.192.LN0.100",036-1257,VF.192.LN0.100,,VALFEX,46Б5фт1,,,сетчатый,,,,внутренняя резьба,,,латунь,,,,,"Водоснабжение, Санитарные узлы",Россия,,6,55,1,https://www.santech.ru/catalog/353/359/i494/,"{""Номенклатурный номер"": ""036-1257"", ""Бренд"": ""VALFEX"", ""Инженерная система"": ""Водоснабжение, Санитарные узлы"", ""Тип"": ""сетчатый"", ""Тип установки"": ""Y-образный"", ""Модель"": ""46Б5фт1"", ""Материал"": ""латунь"", ""Тип присоединения"": ""внутренняя резьба"", ""Покрытие"": ""никель"", ""Масса нетто"": ""0.307 кг"", ""Страна происхождения"": ""Россия"", ""Диаметр"": ""Ду 25"", ""Давление"": ""Ру25"", ""Размер резьбы"": ""1\"""", ""Cтроительная длина"": ""75мм"", ""Дренаж встроенный"": ""нет"", ""Артикул"": ""VF.192.LN0.100"", ""Размер ячейки сетки"": ""0.2 мм""}"
filter,11182,"Фильтр сетчатый Y-образный латунь Ду 15 Ру25 Тмакс=150 oC 1/2"" ВР 46Б5фт1 под пломбу VALFEX VF.192.L00.012",036-1289,VF.192.L00.012,,VALFEX,46Б5фт1,,,сетчатый,под пломбу,,,внутренняя резьба,,,латунь,,,,,"Водоснабжение, Отопление",Россия,,6,55,1,https://www.santech.ru/catalog/353/359/i482/,"{""Номенклатурный номер"": ""036-1289"", ""Бренд"": ""VALFEX"", ""Инженерная система"": ""Водоснабжение, Отопление"", ""Тип"": ""сетчатый"", ""Тип установки"": ""Y-образный"", ""Модель"": ""46Б5фт1"", ""Материал"": ""латунь"", ""Тип присоединения"": ""внутренняя резьба"", ""Масса нетто"": ""0.156 кг"", ""Страна происхождения"": ""Россия"", ""Штрих-код на одну ТМЦ"": ""4660042578699"", ""Диаметр"": ""Ду 15"", ""Давление"": ""Ру25"", ""Размер резьбы"": ""1/2\"""", ""Cтроительная длина"": ""60мм"", ""Исполнение"": ""под пломбу"", ""Дренаж встроенный"": ""нет"", ""Максимальная температура"": ""Тмакс=150 oC"", ""Артикул"": ""VF.192.L00.012"", ""Размер ячейки сетки"": ""0.2 мм""}"
filter,11183,"Фильтр сетчатый Y-образный латунь Ду 20 Ру25 Тмакс=150 oC 3/4"" ВР 46Б5фт1 под пломбу VALFEX VF.192.L00.034",036-1290,VF.192.L00.034,,VALFEX,46Б5фт1,,,сетчатый,под пломбу,,,внутренняя резьба,,,латунь,,,,,"Водоснабжение, Отопление",Россия,,6,55,1,https://www.santech.ru/catalog/353/359/i482/,"{""Номенклатурный номер"": ""036-1290"", ""Бренд"": ""VALFEX"", ""Инженерная система"": ""Водоснабжение, Отопление"", ""Тип"": ""сетчатый"", ""Тип установки"": ""Y-образный"", ""Модель"": ""46Б5фт1"", ""Материал"": ""латунь"", ""Тип присоединения"": ""внутренняя резьба"", ""Масса нетто"": ""0.25 кг"", ""Страна происхождения"": ""Россия"", ""Штрих-код на одну ТМЦ"": ""4660042578712"", ""Диаметр"": ""Ду 20"", ""Давление"": ""Ру25"", ""Размер резьбы"": ""3/4\"""", ""Cтроительная длина"": ""70мм"", ""Исполнение"": ""под пломбу"", ""Дренаж встроенный"": ""нет"", ""Максимальная температура"": ""Тмакс=150 oC"", ""Артикул"": ""VF.192.L00.034"", ""Размер ячейки сетки"": ""0.2 мм""}"
filter,11184,"Фильтр сетчатый Y-образный латунь Ду 25 Ру25 Тмакс=150 oC G1"" ВР 46Б5фт1 под пломбу VALFEX VF.192.L00.100",036-1226,VF.192.L00.100,,VALFEX,46Б5фт1,,,сетчатый,под пломбу,,,внутренняя резьба,,,латунь,,,,,"Водоснабжение, Отопление",Россия,,6,55,1,https://www.santech.ru/catalog/353/359/i482/,"{""Номенклатурный номер"": ""036-1226"", ""Бренд"": ""VALFEX"", ""Инженерная система"": ""Водоснабжение, Отопление"", ""Тип"": ""сетчатый"", ""Тип установки"": ""Y-образный"", ""Модель"": ""46Б5фт1"", ""Материал"": ""латунь"", ""Тип присоединения"": ""внутренняя резьба"", ""Масса нетто"": ""0.307 кг"", ""Страна происхождения"": ""Россия"", ""Штрих-код на одну ТМЦ"": ""4660042578736"", ""Диаметр"": ""Ду 25"", ""Давление"": ""Ру25"", ""Размер резьбы"": ""1\"""", ""Cтроительная длина"": ""75мм"", ""Исполнение"": ""под пломбу"", ""Дренаж встроенный"": ""нет"", ""Максимальная температура"": ""Тмакс=150 oC"", ""Артикул"": ""VF.192.L00.100"", ""Размер ячейки сетки"": ""0.2 мм""}"
filter,11185,"Фильтр сетчатый Y-образный латунь Ду 15 Ру16 1/2"" ВР ГАЛЛОП 118001",036-0706,118001,,ГАЛЛОП,,,,сетчатый,,,,внутренняя резьба,,,латунь ЛЦ40Сд,,,,вода,"Водоснабжение, Отопление, Тепловые пункты, Пожаротушение",Россия,,6,122,1,https://www.santech.ru/catalog/353/359/i29568/,"{""Номенклатурный номер"": ""036-0706"", ""Бренд"": ""ГАЛЛОП"", ""Инженерная система"": ""Водоснабжение, Отопление, Тепловые пункты, Пожаротушение"", ""Тип"": ""сетчатый"", ""Тип установки"": ""Y-образный"", ""Материал"": ""латунь"", ""Тип присоединения"": ""внутренняя резьба"", ""Монтажное положение"": ""пробкой вниз"", ""Масса нетто"": ""0.15 кг"", ""Страна происхождения"": ""Россия"", ""Штрих-код на одну ТМЦ"": ""4627104615334"", ""Температура рабочей среды"": ""до +110 oC"", ""Область применения"": ""Для предварительной очистки воды в системах холодного и горячего водоснабжения и рекомендуются для совместной установки со счетчиками воды"", ""Гарантия"": ""18 месяцев"", ""Гарантия производителя"": ""18 месяцев"", ""Срок службы"": ""10 лет"", ""Диаметр"": ""Ду 15"", ""Давление"": ""Ру16"", ""Размер резьбы"": ""1/2\"""", ""Cтроительная длина"": ""58мм"", ""Рабочая среда"": ""вода"", ""Дренаж встроенный"": ""нет"", ""Артикул"": ""118001"", ""Материал корпуса"": ""латунь ЛЦ40Сд"", ""Материал сетки"": ""нержавеющая сталь 12Х18Н9"", ""Размер ячейки сетки"": ""0.5 мм"", ""Строительная высота"": ""54.5 мм"", ""Регламентирующий документ"": ""ТУ 4145-002-26329312-2016"", ""Климатическое исполнение"": ""УХЛ4.2 по ГОСТ 15150-69""}"
filter,11186,Фильтр сетчатый Y-образный нерж SS304 Ду 8 Ру40 ВР 5022 Benarmo,036-1689,036-1689,,Benarmo,5022,,,сетчатый,,,,внутренняя резьба,,,нерж SS304,,,,,"Водоснабжение, Отопление, Тепловые пункты, Пожаротушение",Китай,,6,26,1,https://www.santech.ru/catalog/353/359/i619/,"{""Номенклатурный номер"": ""036-1689"", ""Бренд"": ""Benarmo"", ""Инженерная система"": ""Водоснабжение, Отопление, Тепловые пункты, Пожаротушение"", ""Тип"": ""сетчатый"", ""Тип установки"": ""Y-образный"", ""Модель"": ""5022"", ""Материал"": ""нерж SS304"", ""Тип присоединения"": ""внутренняя резьба"", ""Масса нетто"": ""0.135 кг"", ""Страна происхождения"": ""Китай"", ""Штрих-код на одну ТМЦ"": ""4606034218648"", ""Диаметр"": ""Ду 8"", ""Давление"": ""Ру40"", ""Cтроительная длина"": ""56мм"", ""Материал корпуса"": ""нерж SS304"", ""Размер ячейки сетки"": ""0.18 мм""}"
filter,11187,Фильтр сетчатый Y-образный нерж SS304 Ду 10 Ру40 ВР 5022 Benarmo,036-1690,036-1690,,Benarmo,5022,,,сетчатый,,,,внутренняя резьба,,,нерж SS304,,,,,"Водоснабжение, Отопление, Тепловые пункты, Пожаротушение",Китай,,6,26,1,https://www.santech.ru/catalog/353/359/i619/,"{""Номенклатурный номер"": ""036-1690"", ""Бренд"": ""Benarmo"", ""Инженерная система"": ""Водоснабжение, Отопление, Тепловые пункты, Пожаротушение"", ""Тип"": ""сетчатый"", ""Тип установки"": ""Y-образный"", ""Модель"": ""5022"", ""Материал"": ""нерж SS304"", ""Тип присоединения"": ""внутренняя резьба"", ""Масса нетто"": ""0.108 кг"", ""Страна происхождения"": ""Китай"", ""Штрих-код на одну ТМЦ"": ""4606034218631"", ""Диаметр"": ""Ду 10"", ""Давление"": ""Ру40"", ""Cтроительная длина"": ""56мм"", ""Материал корпуса"": ""нерж SS304"", ""Размер ячейки сетки"": ""0.18 мм""}"
filter,11188,"Фильтр сетчатый Y-образный нерж SS304 Ду 15 Ру40 1/2"" ВР 5022 Benarmo",036-1691,036-1691,,Benarmo,5022,,,сетчатый,,,,внутренняя резьба,,,нерж SS304,,,,,"Водоснабжение, Отопление, Тепловые пункты, Пожаротушение",Китай,,6,26,1,https://www.santech.ru/catalog/353/359/i619/,"{""Номенклатурный номер"": ""036-1691"", ""Бренд"": ""Benarmo"", ""Инженерная система"": ""Водоснабжение, Отопление, Тепловые пункты, Пожаротушение"", ""Тип"": ""сетчатый"", ""Тип установки"": ""Y-образный"", ""Модель"": ""5022"", ""Материал"": ""нерж SS304"", ""Тип присоединения"": ""внутренняя резьба"", ""Масса нетто"": ""0.154 кг"", ""Страна происхождения"": ""Китай"", ""Штрих-код на одну ТМЦ"": ""4606034218624"", ""Диаметр"": ""Ду 15"", ""Давление"": ""Ру40"", ""Размер резьбы"": ""1/2\"""", ""Cтроительная длина"": ""57мм"", ""Материал корпуса"": ""нерж SS304"", ""Размер ячейки сетки"": ""0.18 мм""}"
filter,11189,"Фильтр сетчатый Y-образный нерж SS304 Ду 20 Ру40 3/4"" ВР 5022 Benarmo",036-1692,036-1692,,Benarmo,5022,,,сетчатый,,,,внутренняя резьба,,,нерж SS304,,,,,"Водоснабжение, Отопление, Тепловые пункты, Пожаротушение",Китай,,6,26,1,https://www.santech.ru/catalog/353/359/i619/,"{""Номенклатурный номер"": ""036-1692"", ""Бренд"": ""Benarmo"", ""Инженерная система"": ""Водоснабжение, Отопление, Тепловые пункты, Пожаротушение"", ""Тип"": ""сетчатый"", ""Тип установки"": ""Y-образный"", ""Модель"": ""5022"", ""Материал"": ""нерж SS304"", ""Тип присоединения"": ""внутренняя резьба"", ""Масса нетто"": ""0.26 кг"", ""Страна происхождения"": ""Китай"", ""Штрих-код на одну ТМЦ"": ""4606034218600"", ""Диаметр"": ""Ду 20"", ""Давление"": ""Ру40"", ""Размер резьбы"": ""3/4\"""", ""Cтроительная длина"": ""73мм"", ""Материал корпуса"": ""нерж SS304"", ""Размер ячейки сетки"": ""0.18 мм""}"
filter,11190,"Фильтр сетчатый Y-образный нерж SS304 Ду 25 Ру40 1"" ВР 5022 Benarmo",036-1693,036-1693,,Benarmo,5022,,,сетчатый,,,,внутренняя резьба,,,нерж SS304,,,,,"Водоснабжение, Отопление, Тепловые пункты, Пожаротушение",Китай,,6,26,1,https://www.santech.ru/catalog/353/359/i619/,"{""Номенклатурный номер"": ""036-1693"", ""Бренд"": ""Benarmo"", ""Инженерная система"": ""Водоснабжение, Отопление, Тепловые пункты, Пожаротушение"", ""Тип"": ""сетчатый"", ""Тип установки"": ""Y-образный"", ""Модель"": ""5022"", ""Материал"": ""нерж SS304"", ""Тип присоединения"": ""внутренняя резьба"", ""Масса нетто"": ""0.388 кг"", ""Страна происхождения"": ""Китай"", ""Штрих-код на одну ТМЦ"": ""4606034218594"", ""Диаметр"": ""Ду 25"", ""Давление"": ""Ру40"", ""Размер резьбы"": ""1\"""", ""Cтроительная длина"": ""85мм"", ""Материал корпуса"": ""нерж SS304"", ""Размер ячейки сетки"": ""0.18 мм""}"
filter,11191,"Фильтр сетчатый Y-образный нерж SS304 Ду 32 Ру40 1 1/4"" ВР 5022 Benarmo",036-1694,036-1694,,Benarmo,5022,,,сетчатый,,,,внутренняя резьба,,,нерж SS304,,,,,"Водоснабжение, Отопление, Тепловые пункты, Пожаротушение",Китай,,6,26,1,https://www.santech.ru/catalog/353/359/i619/,"{""Номенклатурный номер"": ""036-1694"", ""Бренд"": ""Benarmo"", ""Инженерная система"": ""Водоснабжение, Отопление, Тепловые пункты, Пожаротушение"", ""Тип"": ""сетчатый"", ""Тип установки"": ""Y-образный"", ""Модель"": ""5022"", ""Материал"": ""нерж SS304"", ""Тип присоединения"": ""внутренняя резьба"", ""Масса нетто"": ""0.53 кг"", ""Страна происхождения"": ""Китай"", ""Штрих-код на одну ТМЦ"": ""4606034218587"", ""Диаметр"": ""Ду 32"", ""Давление"": ""Ру40"", ""Размер резьбы"": ""1 1/4\"""", ""Cтроительная длина"": ""94мм"", ""Материал корпуса"": ""нерж SS304"", ""Размер ячейки сетки"": ""0.18 мм""}"
filter,11192,"Фильтр сетчатый Y-образный нерж SS304 Ду 40 Ру40 1 1/2"" ВР 5022 Benarmo",036-1695,036-1695,,Benarmo,5022,,,сетчатый,,,,внутренняя резьба,,,нерж SS304,,,,,"Водоснабжение, Отопление, Тепловые пункты, Пожаротушение",Китай,,6,26,1,https://www.santech.ru/catalog/353/359/i619/,"{""Номенклатурный номер"": ""036-1695"", ""Бренд"": ""Benarmo"", ""Инженерная система"": ""Водоснабжение, Отопление, Тепловые пункты, Пожаротушение"", ""Тип"": ""сетчатый"", ""Тип установки"": ""Y-образный"", ""Модель"": ""5022"", ""Материал"": ""нерж SS304"", ""Тип присоединения"": ""внутренняя резьба"", ""Масса нетто"": ""0.76 кг"", ""Страна происхождения"": ""Китай"", ""Штрих-код на одну ТМЦ"": ""4606034218570"", ""Диаметр"": ""Ду 40"", ""Давление"": ""Ру40"", ""Размер резьбы"": ""1 1/2\"""", ""Cтроительная длина"": ""103мм"", ""Материал корпуса"": ""нерж SS304"", ""Размер ячейки сетки"": ""0.18 мм""}"
filter,11193,"Фильтр сетчатый Y-образный нерж SS304 Ду 50 Ру40 2"" ВР 5022 Benarmo",036-1696,036-1696,,Benarmo,5022,,,сетчатый,,,,внутренняя резьба,,,нерж SS304,,,,,"Водоснабжение, Отопление, Тепловые пункты, Пожаротушение",Китай,,6,26,1,https://www.santech.ru/catalog/353/359/i619/,"{""Номенклатурный номер"": ""036-1696"", ""Бренд"": ""Benarmo"", ""Инженерная система"": ""Водоснабжение, Отопление, Тепловые пункты, Пожаротушение"", ""Тип"": ""сетчатый"", ""Тип установки"": ""Y-образный"", ""Модель"": ""5022"", ""Материал"": ""нерж SS304"", ""Тип присоединения"": ""внутренняя резьба"", ""Масса нетто"": ""1.2 кг"", ""Страна происхождения"": ""Китай"", ""Штрих-код на одну ТМЦ"": ""4606034218723"", ""Диаметр"": ""Ду 50"", ""Давление"": ""Ру40"", ""Размер резьбы"": ""2\"""", ""Cтроительная длина"": ""137мм"", ""Материал корпуса"": ""нерж SS304"", ""Размер ячейки сетки"": ""0.18 мм""}"
filter,11194,Фильтр сетчатый Y-образный чугун Ду 50 Ру16 Тмакс=150 oC фл ФСФ 5010 с пробкой Benarmo,036-1298,036-1298,,Benarmo,ФСФ 5010,,,сетчатый,,,,фланцевое,,,чугун,,,,,"Водоснабжение, Водоотведение, Тепловые пункты, Пожаротушение",Китай,"Внешний вид изделия и количество присоединительных отверстий зависит от Ду, Pу и может отличаться от представленного на фото",6,26,1,https://www.santech.ru/catalog/353/359/i505/,"{""Номенклатурный номер"": ""036-1298"", ""Бренд"": ""Benarmo"", ""Описание"": ""Внешний вид изделия и количество присоединительных отверстий зависит от Ду, Pу и может отличаться от представленного на фото"", ""Инженерная система"": ""Водоснабжение, Водоотведение, Тепловые пункты, Пожаротушение"", ""Тип"": ""сетчатый"", ""Тип установки"": ""Y-образный"", ""Модель"": ""ФСФ 5010"", ""Материал"": ""чугун"", ""Тип присоединения"": ""фланцевое"", ""Масса нетто"": ""7.49 кг"", ""Страна происхождения"": ""Китай"", ""Штрих-код на одну ТМЦ"": ""4606034230855"", ""Диаметр"": ""Ду 50"", ""Давление"": ""Ру16"", ""Cтроительная длина"": ""230мм"", ""Дренаж встроенный"": ""с пробкой"", ""Максимальная температура"": ""Тмакс=150 oC""}"
filter,11195,Фильтр сетчатый Y-образный чугун Ду 65 Ру16 Тмакс=150 oC фл ФСФ 5010 с пробкой Benarmo,036-1299,036-1299,,Benarmo,ФСФ 5010,,,сетчатый,,,,фланцевое,,,чугун,,,,,"Водоснабжение, Водоотведение, Тепловые пункты, Пожаротушение",Китай,"Внешний вид изделия и количество присоединительных отверстий зависит от Ду, Pу и может отличаться от представленного на фото",6,26,1,https://www.santech.ru/catalog/353/359/i505/,"{""Номенклатурный номер"": ""036-1299"", ""Бренд"": ""Benarmo"", ""Описание"": ""Внешний вид изделия и количество присоединительных отверстий зависит от Ду, Pу и может отличаться от представленного на фото"", ""Инженерная система"": ""Водоснабжение, Водоотведение, Тепловые пункты, Пожаротушение"", ""Тип"": ""сетчатый"", ""Тип установки"": ""Y-образный"", ""Модель"": ""ФСФ 5010"", ""Материал"": ""чугун"", ""Тип присоединения"": ""фланцевое"", ""Масса нетто"": ""10.66 кг"", ""Страна происхождения"": ""Китай"", ""Штрих-код на одну ТМЦ"": ""4606034230862"", ""Диаметр"": ""Ду 65"", ""Давление"": ""Ру16"", ""Cтроительная длина"": ""290мм"", ""Дренаж встроенный"": ""с пробкой"", ""Максимальная температура"": ""Тмакс=150 oC""}"
filter,11196,Фильтр сетчатый Y-образный чугун Ду 80 Ру16 Тмакс=150 oC фл ФСФ 5010 с пробкой Benarmo,036-1300,036-1300,,Benarmo,ФСФ 5010,,,сетчатый,,,,фланцевое,,,чугун,,,,,"Водоснабжение, Водоотведение, Тепловые пункты, Пожаротушение",Китай,"Внешний вид изделия и количество присоединительных отверстий зависит от Ду, Pу и может отличаться от представленного на фото",6,26,1,https://www.santech.ru/catalog/353/359/i505/,"{""Номенклатурный номер"": ""036-1300"", ""Бренд"": ""Benarmo"", ""Описание"": ""Внешний вид изделия и количество присоединительных отверстий зависит от Ду, Pу и может отличаться от представленного на фото"", ""Инженерная система"": ""Водоснабжение, Водоотведение, Тепловые пункты, Пожаротушение"", ""Тип"": ""сетчатый"", ""Тип установки"": ""Y-образный"", ""Модель"": ""ФСФ 5010"", ""Материал"": ""чугун"", ""Тип присоединения"": ""фланцевое"", ""Масса нетто"": ""13.75 кг"", ""Страна происхождения"": ""Китай"", ""Штрих-код на одну ТМЦ"": ""4606034230879"", ""Диаметр"": ""Ду 80"", ""Давление"": ""Ру16"", ""Cтроительная длина"": ""310мм"", ""Дренаж встроенный"": ""с пробкой"", ""Максимальная температура"": ""Тмакс=150 oC""}"
filter,11197,Фильтр сетчатый Y-образный чугун Ду 100 Ру16 Тмакс=150 oC фл ФСФ 5010 с пробкой Benarmo,036-1301,036-1301,,Benarmo,ФСФ 5010,,,сетчатый,,,,фланцевое,,,чугун,,,,,"Водоснабжение, Водоотведение, Тепловые пункты, Пожаротушение",Китай,"Внешний вид изделия и количество присоединительных отверстий зависит от Ду, Pу и может отличаться от представленного на фото",6,26,1,https://www.santech.ru/catalog/353/359/i505/,"{""Номенклатурный номер"": ""036-1301"", ""Бренд"": ""Benarmo"", ""Описание"": ""Внешний вид изделия и количество присоединительных отверстий зависит от Ду, Pу и может отличаться от представленного на фото"", ""Инженерная система"": ""Водоснабжение, Водоотведение, Тепловые пункты, Пожаротушение"", ""Тип"": ""сетчатый"", ""Тип установки"": ""Y-образный"", ""Модель"": ""ФСФ 5010"", ""Материал"": ""чугун"", ""Тип присоединения"": ""фланцевое"", ""Масса нетто"": ""17.72 кг"", ""Страна происхождения"": ""Китай"", ""Штрих-код на одну ТМЦ"": ""4606034230886"", ""Диаметр"": ""Ду 100"", ""Давление"": ""Ру16"", ""Cтроительная длина"": ""350мм"", ""Дренаж встроенный"": ""с пробкой"", ""Максимальная температура"": ""Тмакс=150 oC""}"
filter,11198,Фильтр сетчатый Y-образный чугун Ду 125 Ру16 Тмакс=150 oC фл ФСФ 5010 с пробкой Benarmo,036-1302,036-1302,,Benarmo,ФСФ 5010,,,сетчатый,,,,фланцевое,,,чугун,,,,,"Водоснабжение, Водоотведение, Тепловые пункты, Пожаротушение",Китай,"Внешний вид изделия и количество присоединительных отверстий зависит от Ду, Pу и может отличаться от представленного на фото",6,26,1,https://www.santech.ru/catalog/353/359/i505/,"{""Номенклатурный номер"": ""036-1302"", ""Бренд"": ""Benarmo"", ""Описание"": ""Внешний вид изделия и количество присоединительных отверстий зависит от Ду, Pу и может отличаться от представленного на фото"", ""Инженерная система"": ""Водоснабжение, Водоотведение, Тепловые пункты, Пожаротушение"", ""Тип"": ""сетчатый"", ""Тип установки"": ""Y-образный"", ""Модель"": ""ФСФ 5010"", ""Материал"": ""чугун"", ""Тип присоединения"": ""фланцевое"", ""Масса нетто"": ""27.36 кг"", ""Страна происхождения"": ""Китай"", ""Штрих-код на одну ТМЦ"": ""4606034230893"", ""Диаметр"": ""Ду 125"", ""Давление"": ""Ру16"", ""Cтроительная длина"": ""400мм"", ""Дренаж встроенный"": ""с пробкой"", ""Максимальная температура"": ""Тмакс=150 oC""}"
filter,11199,Фильтр сетчатый Y-образный чугун Ду 150 Ру16 Тмакс=150 oC фл ФСФ 5010 с пробкой Benarmo,036-1303,036-1303,,Benarmo,ФСФ 5010,,,сетчатый,,,,фланцевое,,,чугун,,,,,"Водоснабжение, Водоотведение, Тепловые пункты, Пожаротушение",Китай,"Внешний вид изделия и количество присоединительных отверстий зависит от Ду, Pу и может отличаться от представленного на фото",6,26,1,https://www.santech.ru/catalog/353/359/i505/,"{""Номенклатурный номер"": ""036-1303"", ""Бренд"": ""Benarmo"", ""Описание"": ""Внешний вид изделия и количество присоединительных отверстий зависит от Ду, Pу и может отличаться от представленного на фото"", ""Инженерная система"": ""Водоснабжение, Водоотведение, Тепловые пункты, Пожаротушение"", ""Тип"": ""сетчатый"", ""Тип установки"": ""Y-образный"", ""Модель"": ""ФСФ 5010"", ""Материал"": ""чугун"", ""Тип присоединения"": ""фланцевое"", ""Масса нетто"": ""38 кг"", ""Страна происхождения"": ""Китай"", ""Штрих-код на одну ТМЦ"": ""4606034230909"", ""Диаметр"": ""Ду 150"", ""Давление"": ""Ру16"", ""Cтроительная длина"": ""480мм"", ""Дренаж встроенный"": ""с пробкой"", ""Максимальная температура"": ""Тмакс=150 oC""}"
filter,11200,Фильтр сетчатый Y-образный чугун Ду 200 Ру16 Тмакс=150 oC фл ФСФ 5010 с пробкой Benarmo,036-1304,036-1304,,Benarmo,ФСФ 5010,,,сетчатый,,,,фланцевое,,,чугун,,,,,"Водоснабжение, Водоотведение, Тепловые пункты, Пожаротушение",Китай,"Внешний вид изделия и количество присоединительных отверстий зависит от Ду, Pу и может отличаться от представленного на фото",6,26,1,https://www.santech.ru/catalog/353/359/i505/,"{""Номенклатурный номер"": ""036-1304"", ""Бренд"": ""Benarmo"", ""Описание"": ""Внешний вид изделия и количество присоединительных отверстий зависит от Ду, Pу и может отличаться от представленного на фото"", ""Инженерная система"": ""Водоснабжение, Водоотведение, Тепловые пункты, Пожаротушение"", ""Тип"": ""сетчатый"", ""Тип установки"": ""Y-образный"", ""Модель"": ""ФСФ 5010"", ""Материал"": ""чугун"", ""Тип присоединения"": ""фланцевое"", ""Масса нетто"": ""76.3 кг"", ""Страна происхождения"": ""Китай"", ""Штрих-код на одну ТМЦ"": ""4606034230916"", ""Диаметр"": ""Ду 200"", ""Давление"": ""Ру16"", ""Cтроительная длина"": ""600мм"", ""Дренаж встроенный"": ""с пробкой"", ""Максимальная температура"": ""Тмакс=150 oC""}"
filter,11201,Фильтр сетчатый Y-образный чугун Ду 250 Ру16 Тмакс=150 oC фл ФСФ 5010 с пробкой Benarmo,036-1305,036-1305,,Benarmo,ФСФ 5010,,,сетчатый,,,,фланцевое,,,чугун,,,,,"Водоснабжение, Водоотведение, Тепловые пункты, Пожаротушение",Китай,"Внешний вид изделия и количество присоединительных отверстий зависит от Ду, Pу и может отличаться от представленного на фото",6,26,1,https://www.santech.ru/catalog/353/359/i505/,"{""Номенклатурный номер"": ""036-1305"", ""Бренд"": ""Benarmo"", ""Описание"": ""Внешний вид изделия и количество присоединительных отверстий зависит от Ду, Pу и может отличаться от представленного на фото"", ""Инженерная система"": ""Водоснабжение, Водоотведение, Тепловые пункты, Пожаротушение"", ""Тип"": ""сетчатый"", ""Тип установки"": ""Y-образный"", ""Модель"": ""ФСФ 5010"", ""Материал"": ""чугун"", ""Тип присоединения"": ""фланцевое"", ""Масса нетто"": ""102.5 кг"", ""Страна происхождения"": ""Китай"", ""Штрих-код на одну ТМЦ"": ""4606034230923"", ""Диаметр"": ""Ду 250"", ""Давление"": ""Ру16"", ""Cтроительная длина"": ""730мм"", ""Дренаж встроенный"": ""с пробкой"", ""Максимальная температура"": ""Тмакс=150 oC""}"
filter,11202,Фильтр сетчатый Y-образный чугун Ду 300 Ру16 Тмакс=150 oC фл ФСФ 5010 с пробкой Benarmo,036-1306,036-1306,,Benarmo,ФСФ 5010,,,сетчатый,,,,фланцевое,,,чугун,,,,,"Водоснабжение, Водоотведение, Тепловые пункты, Пожаротушение",Китай,"Внешний вид изделия и количество присоединительных отверстий зависит от Ду, Pу и может отличаться от представленного на фото",6,26,1,https://www.santech.ru/catalog/353/359/i505/,"{""Номенклатурный номер"": ""036-1306"", ""Бренд"": ""Benarmo"", ""Описание"": ""Внешний вид изделия и количество присоединительных отверстий зависит от Ду, Pу и может отличаться от представленного на фото"", ""Инженерная система"": ""Водоснабжение, Водоотведение, Тепловые пункты, Пожаротушение"", ""Тип"": ""сетчатый"", ""Тип установки"": ""Y-образный"", ""Модель"": ""ФСФ 5010"", ""Материал"": ""чугун"", ""Тип присоединения"": ""фланцевое"", ""Масса нетто"": ""147 кг"", ""Страна происхождения"": ""Китай"", ""Штрих-код на одну ТМЦ"": ""4606034230930"", ""Диаметр"": ""Ду 300"", ""Давление"": ""Ру16"", ""Cтроительная длина"": ""850мм"", ""Дренаж встроенный"": ""с пробкой"", ""Максимальная температура"": ""Тмакс=150 oC""}"
filter,11203,Фильтр сетчатый Y-образный нерж SS304 Ду 15 Ру16 фл 5020 Benarmo,036-1697,036-1697,,Benarmo,5020,,,сетчатый,,,,фланцевое,,,нерж SS304,,,,,"Водоснабжение, Отопление, Тепловые пункты, Пожаротушение",Китай,"Внешний вид изделия и количество присоединительных отверстий зависит от Ду, Pу и может отличаться от представленного на фото",6,26,1,https://www.santech.ru/catalog/353/359/i620/,"{""Номенклатурный номер"": ""036-1697"", ""Бренд"": ""Benarmo"", ""Описание"": ""Внешний вид изделия и количество присоединительных отверстий зависит от Ду, Pу и может отличаться от представленного на фото"", ""Инженерная система"": ""Водоснабжение, Отопление, Тепловые пункты, Пожаротушение"", ""Тип"": ""сетчатый"", ""Тип установки"": ""Y-образный"", ""Модель"": ""5020"", ""Материал"": ""нерж SS304"", ""Тип присоединения"": ""фланцевое"", ""Масса нетто"": ""1.71 кг"", ""Страна происхождения"": ""Китай"", ""Диаметр"": ""Ду 15"", ""Давление"": ""Ру16"", ""Cтроительная длина"": ""131мм"", ""Материал корпуса"": ""нерж SS304"", ""Размер ячейки сетки"": ""0.425 мм""}"
filter,11204,Фильтр сетчатый Y-образный нерж SS304 Ду 20 Ру16 фл 5020 Benarmo,036-1698,036-1698,,Benarmo,5020,,,сетчатый,,,,фланцевое,,,нерж SS304,,,,,"Водоснабжение, Отопление, Тепловые пункты, Пожаротушение",Китай,"Внешний вид изделия и количество присоединительных отверстий зависит от Ду, Pу и может отличаться от представленного на фото",6,26,1,https://www.santech.ru/catalog/353/359/i620/,"{""Номенклатурный номер"": ""036-1698"", ""Бренд"": ""Benarmo"", ""Описание"": ""Внешний вид изделия и количество присоединительных отверстий зависит от Ду, Pу и может отличаться от представленного на фото"", ""Инженерная система"": ""Водоснабжение, Отопление, Тепловые пункты, Пожаротушение"", ""Тип"": ""сетчатый"", ""Тип установки"": ""Y-образный"", ""Модель"": ""5020"", ""Материал"": ""нерж SS304"", ""Тип присоединения"": ""фланцевое"", ""Масса нетто"": ""2.2 кг"", ""Страна происхождения"": ""Китай"", ""Диаметр"": ""Ду 20"", ""Давление"": ""Ру16"", ""Cтроительная длина"": ""140мм"", ""Материал корпуса"": ""нерж SS304"", ""Размер ячейки сетки"": ""0.425 мм""}"
filter,11205,Фильтр сетчатый Y-образный нерж SS304 Ду 25 Ру16 фл 5020 Benarmo,036-1699,036-1699,,Benarmo,5020,,,сетчатый,,,,фланцевое,,,нерж SS304,,,,,"Водоснабжение, Отопление, Тепловые пункты, Пожаротушение",Китай,"Внешний вид изделия и количество присоединительных отверстий зависит от Ду, Pу и может отличаться от представленного на фото",6,26,1,https://www.santech.ru/catalog/353/359/i620/,"{""Номенклатурный номер"": ""036-1699"", ""Бренд"": ""Benarmo"", ""Описание"": ""Внешний вид изделия и количество присоединительных отверстий зависит от Ду, Pу и может отличаться от представленного на фото"", ""Инженерная система"": ""Водоснабжение, Отопление, Тепловые пункты, Пожаротушение"", ""Тип"": ""сетчатый"", ""Тип установки"": ""Y-образный"", ""Модель"": ""5020"", ""Материал"": ""нерж SS304"", ""Тип присоединения"": ""фланцевое"", ""Масса нетто"": ""2.66 кг"", ""Страна происхождения"": ""Китай"", ""Диаметр"": ""Ду 25"", ""Давление"": ""Ру16"", ""Cтроительная длина"": ""150мм"", ""Материал корпуса"": ""нерж SS304"", ""Размер ячейки сетки"": ""0.425 мм""}"
flange,1281377,Фланец оцинкованный для баков(арт.VF.F.O.034.096),VF.F.O.034.096,,,,,,,,,,,,,,,,,,,,,,13,55,1,https://valfex.ru/catalog/membrannye-baki/flanets-otsinkovannyy-dlya-bakov/,"{""Назначение:"": ""предназначен для обеспечения возможности замены мембраны в баках и подключение этих устройств к магистрали"", ""Материал:"": ""оцинкованная сталь"", ""categories"": []}"
flange,1281378,Фланец оцинкованный для баков(арт.VF.F.O.100.156),VF.F.O.100.156,,,,,,,,,,,,,,,,,,,,,,13,55,1,https://valfex.ru/catalog/membrannye-baki/flanets-otsinkovannyy-dlya-bakov/,"{""Назначение:"": ""предназначен для обеспечения возможности замены мембраны в баках и подключение этих устройств к магистрали"", ""Материал:"": ""оцинкованная сталь"", ""categories"": []}"
flange,1281379,Фланец оцинкованный для баков(арт.VF.F.O.034.156),VF.F.O.034.156,,,,,,,,,,,,,,,,,,,,,,13,55,1,https://valfex.ru/catalog/membrannye-baki/flanets-otsinkovannyy-dlya-bakov/,"{""Назначение:"": ""предназначен для обеспечения возможности замены мембраны в баках и подключение этих устройств к магистрали"", ""Материал:"": ""оцинкованная сталь"", ""categories"": []}"
flange,1283364,Бурт под фланец(арт.10189040),10189040,,,,,,,,,,25,,,,,,,,,,,,9,55,1,https://valfex.ru/catalog/polipropilenovye-truby-i-fitingi/polipropilenovye-fitingi-i-komplektuyushchie-1/polipropilenovye-fitingi-seriya-standard/burt-polipropilenovyy-pod-flanets/,"{""Размер, мм"": ""40"", ""Количество (упак/пакет), шт"": ""150/30"", ""Цвет"": ""Белый"", ""Назначение:"": ""предназначен для фланцевого соединения,  с помощью которого полимерная труба стыкуется с металлическими трубами и запорной арматурой. При монтаже бурт напаивается на конец трубы из полипропилена"", ""Изготовлен:"": ""по ТУ 2248-001-21088915-2015 «Трубы напорные и соединительные детали к ним из полипропилена PP-R ТМ VALFEX» разработанные в соответствии с требованиями ГОСТ 32415-2013"", ""Материал:"": ""PPR"", ""Форма поставки:"": ""картонная коробка"", ""Класс эксплуатации:"": ""1, 2, 4, 5, ХВ"", ""Рабочая температура, °С:"": ""80"", ""Максимальная рабочая температура, °С:"": ""90"", ""Номинальное давление, PN, бар:"": ""25"", ""Технология монтажа:"": ""раструбная полифузионная сварка"", ""Цвет:"": ""белый/серый"", ""Гарантия:"": ""10 лет со дня производства"", ""categories"": [""Полипропиленовые фитинги и комплектующие"", ""Полипропиленовые фитинги серия STANDART""]}"
flange,1283365,Бурт под фланец(арт.10189050),10189050,,,,,,,,,,25,,,,,,,,,,,,9,55,1,https://valfex.ru/catalog/polipropilenovye-truby-i-fitingi/polipropilenovye-fitingi-i-komplektuyushchie-1/polipropilenovye-fitingi-seriya-standard/burt-polipropilenovyy-pod-flanets/,"{""Размер, мм"": ""50"", ""Количество (упак/пакет), шт"": ""80/20"", ""Цвет"": ""Белый"", ""Назначение:"": ""предназначен для фланцевого соединения,  с помощью которого полимерная труба стыкуется с металлическими трубами и запорной арматурой. При монтаже бурт напаивается на конец трубы из полипропилена"", ""Изготовлен:"": ""по ТУ 2248-001-21088915-2015 «Трубы напорные и соединительные детали к ним из полипропилена PP-R ТМ VALFEX» разработанные в соответствии с требованиями ГОСТ 32415-2013"", ""Материал:"": ""PPR"", ""Форма поставки:"": ""картонная коробка"", ""Класс эксплуатации:"": ""1, 2, 4, 5, ХВ"", ""Рабочая температура, °С:"": ""80"", ""Максимальная рабочая температура, °С:"": ""90"", ""Номинальное давление, PN, бар:"": ""25"", ""Технология монтажа:"": ""раструбная полифузионная сварка"", ""Цвет:"": ""белый/серый"", ""Гарантия:"": ""10 лет со дня производства"", ""categories"": [""Полипропиленовые фитинги и комплектующие"", ""Полипропиленовые фитинги серия STANDART""]}"
flange,1283366,Бурт под фланец(арт.10189110),10189110,,,,,,,,,,25,,,,,,,,,,,,9,55,1,https://valfex.ru/catalog/polipropilenovye-truby-i-fitingi/polipropilenovye-fitingi-i-komplektuyushchie-1/polipropilenovye-fitingi-seriya-standard/burt-polipropilenovyy-pod-flanets/,"{""Размер, мм"": ""110"", ""Количество (упак/пакет), шт"": ""12/4"", ""Цвет"": ""Белый"", ""Назначение:"": ""предназначен для фланцевого соединения,  с помощью которого полимерная труба стыкуется с металлическими трубами и запорной арматурой. При монтаже бурт напаивается на конец трубы из полипропилена"", ""Изготовлен:"": ""по ТУ 2248-001-21088915-2015 «Трубы напорные и соединительные детали к ним из полипропилена PP-R ТМ VALFEX» разработанные в соответствии с требованиями ГОСТ 32415-2013"", ""Материал:"": ""PPR"", ""Форма поставки:"": ""картонная коробка"", ""Класс эксплуатации:"": ""1, 2, 4, 5, ХВ"", ""Рабочая температура, °С:"": ""80"", ""Максимальная рабочая температура, °С:"": ""90"", ""Номинальное давление, PN, бар:"": ""25"", ""Технология монтажа:"": ""раструбная полифузионная сварка"", ""Цвет:"": ""белый/серый"", ""Гарантия:"": ""10 лет со дня производства"", ""categories"": [""Полипропиленовые фитинги и комплектующие"", ""Полипропиленовые фитинги серия STANDART""]}"
flange,1283367,Бурт под фланец(арт.10189063),10189063,,,,,,,,,,25,,,,,,,,,,,,9,55,1,https://valfex.ru/catalog/polipropilenovye-truby-i-fitingi/polipropilenovye-fitingi-i-komplektuyushchie-1/polipropilenovye-fitingi-seriya-standard/burt-polipropilenovyy-pod-flanets/,"{""Размер, мм"": ""63"", ""Количество (упак/пакет), шт"": ""50/10"", ""Цвет"": ""Белый"", ""Назначение:"": ""предназначен для фланцевого соединения,  с помощью которого полимерная труба стыкуется с металлическими трубами и запорной арматурой. При монтаже бурт напаивается на конец трубы из полипропилена"", ""Изготовлен:"": ""по ТУ 2248-001-21088915-2015 «Трубы напорные и соединительные детали к ним из полипропилена PP-R ТМ VALFEX» разработанные в соответствии с требованиями ГОСТ 32415-2013"", ""Материал:"": ""PPR"", ""Форма поставки:"": ""картонная коробка"", ""Класс эксплуатации:"": ""1, 2, 4, 5, ХВ"", ""Рабочая температура, °С:"": ""80"", ""Максимальная рабочая температура, °С:"": ""90"", ""Номинальное давление, PN, бар:"": ""25"", ""Технология монтажа:"": ""раструбная полифузионная сварка"", ""Цвет:"": ""белый/серый"", ""Гарантия:"": ""10 лет со дня производства"", ""categories"": [""Полипропиленовые фитинги и комплектующие"", ""Полипропиленовые фитинги серия STANDART""]}"
flange,1283368,Бурт под фланец(арт.10189090),10189090,,,,,,,,,,25,,,,,,,,,,,,9,55,1,https://valfex.ru/catalog/polipropilenovye-truby-i-fitingi/polipropilenovye-fitingi-i-komplektuyushchie-1/polipropilenovye-fitingi-seriya-standard/burt-polipropilenovyy-pod-flanets/,"{""Размер, мм"": ""90"", ""Количество (упак/пакет), шт"": ""25/5"", ""Цвет"": ""Белый"", ""Назначение:"": ""предназначен для фланцевого соединения,  с помощью которого полимерная труба стыкуется с металлическими трубами и запорной арматурой. При монтаже бурт напаивается на конец трубы из полипропилена"", ""Изготовлен:"": ""по ТУ 2248-001-21088915-2015 «Трубы напорные и соединительные детали к ним из полипропилена PP-R ТМ VALFEX» разработанные в соответствии с требованиями ГОСТ 32415-2013"", ""Материал:"": ""PPR"", ""Форма поставки:"": ""картонная коробка"", ""Класс эксплуатации:"": ""1, 2, 4, 5, ХВ"", ""Рабочая температура, °С:"": ""80"", ""Максимальная рабочая температура, °С:"": ""90"", ""Номинальное давление, PN, бар:"": ""25"", ""Технология монтажа:"": ""раструбная полифузионная сварка"", ""Цвет:"": ""белый/серый"", ""Гарантия:"": ""10 лет со дня производства"", ""categories"": [""Полипропиленовые фитинги и комплектующие"", ""Полипропиленовые фитинги серия STANDART""]}"
flange,1283369,Бурт под фланец(арт.10189075),10189075,,,,,,,,,,25,,,,,,,,,,,,9,55,1,https://valfex.ru/catalog/polipropilenovye-truby-i-fitingi/polipropilenovye-fitingi-i-komplektuyushchie-1/polipropilenovye-fitingi-seriya-standard/burt-polipropilenovyy-pod-flanets/,"{""Размер, мм"": ""75"", ""Количество (упак/пакет), шт"": ""40/10"", ""Цвет"": ""Белый"", ""Назначение:"": ""предназначен для фланцевого соединения,  с помощью которого полимерная труба стыкуется с металлическими трубами и запорной арматурой. При монтаже бурт напаивается на конец трубы из полипропилена"", ""Изготовлен:"": ""по ТУ 2248-001-21088915-2015 «Трубы напорные и соединительные детали к ним из полипропилена PP-R ТМ VALFEX» разработанные в соответствии с требованиями ГОСТ 32415-2013"", ""Материал:"": ""PPR"", ""Форма поставки:"": ""картонная коробка"", ""Класс эксплуатации:"": ""1, 2, 4, 5, ХВ"", ""Рабочая температура, °С:"": ""80"", ""Максимальная рабочая температура, °С:"": ""90"", ""Номинальное давление, PN, бар:"": ""25"", ""Технология монтажа:"": ""раструбная полифузионная сварка"", ""Цвет:"": ""белый/серый"", ""Гарантия:"": ""10 лет со дня производства"", ""categories"": [""Полипропиленовые фитинги и комплектующие"", ""Полипропиленовые фитинги серия STANDART""]}"
flange,1283918,Фланец для гидроаккумулятора для насосов-автомат(арт.VF.FGA.024050),VF.FGA.024050,,,,,,,,,,,,,,,,,,,,,,2,55,1,https://valfex.ru/catalog/nasosy/komplektuyushchie-dlya-nasosnogo-oborudovaniya/flanets-dlya-gidroakkumulyatora-dlya-nasosov-avtomat/,"{""Назначение:"": ""предназначен для фиксации мембраны гидроаккумулятора и подсоединения манометра, реле давления, гибкой подводки и сливной пробки"", ""Материал:"": ""пластик"", ""categories"": [""Комплектующие для насосного оборудования""]}"
flange,1285941,Фланец ДУ- 15 16 атм ГОСТ 33259-2015 LD,542203,,,,,,,,,15,,,,,Сталь,,,,,Водоснабжение/отопление,,,4,34,1,https://f58.ru/products/flanec_du_15_16_atm_gost_33259_2015_ld,"{""Код поставщика"": ""00151620**"", ""шт/фас/уп"": ""1/1/960"", ""Вес"": ""0.61 кг"", ""Объем"": ""0.00034 м3"", ""На складе"": ""Пенза"", ""Остаток"": """", ""Ширина, мм"": ""95"", ""Высота, мм"": ""12"", ""Длина, мм"": ""95"", ""Категория"": ""Фланцевая арматура"", ""Подкатегория"": ""Фланцы"", ""Диаметр присоединения, мм"": ""15"", ""Материал"": ""Сталь"", ""Применение"": ""Для стальной и чугунной задвижки"", ""Количество отверстий на фланце"": ""4"", ""Давление, бар"": ""16"", ""Внутренний диаметр, мм"": ""19"", ""Область применения"": ""Водоснабжение/отопление"", ""Диаметр крепежного отверстия"": ""14"", ""Наружный диаметр, мм"": ""95"", ""categories"": [""Задвижки, затворы, фланцы""]}"
flange,1287285,"Исо-фланец для Балломакс® Ду 10-32 (60/70 серия), Broen Ballomax F05",а0504,,,,,,,Прочее,,,,,,,,,,,,,Дания,,4,42,1,https://lunda.ru/catalog/category/c13085/product/flanec-ballomax-broen_1126/item/a0504.html,"{""Примечание"": ""ДУ: 10х32 мм."", ""Тип"": ""Прочее"", ""Страна-производитель"": ""Дания"", ""categories"": [""Шаровые краны"", ""Комплектующие для шаровых кранов""]}"
flange,1287292,Исо-фланец для Балломакс® Ду 40-50 (60/70 серия),а0505,,,,,,,Прочее,,,,,,,,,,,,,Дания,,4,42,1,https://lunda.ru/catalog/category/c13085/product/flanec-ballomax-broen_1126/item/a0505.html,"{""Примечание"": ""ДУ: 15х20 мм."", ""Тип"": ""Прочее"", ""Страна бренда"": ""Россия"", ""Страна-производитель"": ""Дания"", ""categories"": [""Шаровые краны"", ""Комплектующие для шаровых кранов""]}"
flange,1287303,Исо-фланец для Балломакс® Ду 65-80 (60/70 серия),а0506,,,,,,,Прочее,,,,,,,,,,,,,Дания,,4,42,1,https://lunda.ru/catalog/category/c13085/product/flanec-ballomax-broen_1126/item/a0506.html,"{""Примечание"": ""ДУ: 65х80 мм."", ""Тип"": ""Прочее"", ""Страна бренда"": ""Россия"", ""Страна-производитель"": ""Дания"", ""categories"": [""Шаровые краны"", ""Комплектующие для шаровых кранов""]}"
flange,1287311,Исо-фланец для Балломакс® Ду 100 (60/70 серия),а0507,,,,,,,Прочее,,,,,,,,,,,,,Дания,,4,42,1,https://lunda.ru/catalog/category/c13085/product/flanec-ballomax-broen_1126/item/a0507.html,"{""Примечание"": ""ДУ: 100 мм."", ""Тип"": ""Прочее"", ""Страна бренда"": ""Россия"", ""Страна-производитель"": ""Дания"", ""categories"": [""Шаровые краны"", ""Комплектующие для шаровых кранов""]}"
flange,1288025,Фланец ДУ- 25 16 атм ГОСТ 33259-2015 LD,542205,,,,,,,,,25,,,,,,,,,,,,,4,34,1,https://f58.ru/products/flanec_du_25_16_atm_gost_33259_2015_ld,"{""Код поставщика"": ""00251620**"", ""шт/фас/уп"": ""1/1/600"", ""Вес"": ""1.17 кг"", ""Объем"": ""0.00054 м3"", ""На складе"": ""Нет"", ""Ширина, мм"": ""115"", ""Высота, мм"": ""16"", ""Длина, мм"": ""115"", ""categories"": [""Задвижки, затворы, фланцы""]}"
flange,1288681,Фланец для баков (Гидроаккумуляторов) 3/4* Ø160,MB-01.16003,,,TIM,,,,,,,,,,,,,,,,,,,2,260,,https://tim-com.ru/katalog-tim/nasosy-i-nasosnoe-oborudovanie/komplektuyuschie-dlya-nasosov/zapchasti/flanets-dlya-bakov-gidroakkumulyatorov-3-4-c3160,"{""Страна производства"": ""Китай"", ""Производитель"": ""TIM"", ""Материал фланца"": ""оцинкованная сталь"", ""Диаметр фланца"": ""150мм"", ""Крепление к гидроаккумулятору"": ""6 отверстий"", ""Диаметр отверстий"": ""8мм"", ""Присоединительный размер"": ""1дюймы"", ""Конструктивное исполнение гидроаккумулятора"": ""мембранный"", ""categories"": [""Комплектующие для насосов"", ""Запчасти""]}"
flange,1289937,Фланец стальной плоский DN 900 PN10 тип 01 ряд 1 исполнение В ГОСТ 33259-2015,223100121,223100121,,,,,фланец,плоский,В,900,10,,,,сталь,,,,,,КНР,,6,9,1,https://proconsim.ru/product/223100121/,"{""Ду"": ""900"", ""Ру"": ""10"", ""Артикул"": ""223100121"", ""Страна происхождения"": ""КНР"", ""Тип"": ""плоский"", ""Исполнение"": ""В"", ""Наименование"": ""фланец"", ""Материал корпуса"": ""сталь"", ""Марка стали"": ""сталь 20"", ""Тип фланца"": ""Тип 01"", ""ГОСТ"": ""ГОСТ 33259-2015"", ""Количество крепежных отверстий"": ""28"", ""Вес нетто,кг"": ""94.13"", ""Вес брутто,кг"": ""94.13"", ""Объем м3"": ""0.0528""}"
flange,1291618,Фланец воротниковый Ду 125 Ру 6,,,,Россия,,,,,,,,,,,сталь,,,,,,,,9,9,1,https://adk22.ru/catalog/detali_truboprovodov_khomuty_i_krepezh/flantsy_stalnye/flanets_vorotnikovyy/ru6_1/flanets_vorotnikovyy_du_125_ru_6/,"{""Производитель"": ""Россия"", ""Материал"": ""сталь"", ""Условный проход, Ду"": ""125"", ""Условное давление, кгс/см2"": ""6"", ""categories"": [""Фланцы стальные"", ""Фланец воротниковый"", ""Ру6""]}"
flange,1291706,Бурт(штуцер) ПП DN 63 PN 10 белый под стальной фланец DN 50 варится через муфту РосТурПласт,251540517,251540517,,,,,бурт,,,63,10,внутренняя пайка,,,PP-R,,,,,,Россия,,9,67,1,,"{""Ду"": ""63"", ""Ру"": ""10"", ""Присоединение"": ""внутренняя пайка"", ""Артикул"": ""251540517"", ""Артикул производителя"": ""17260"", ""Страна происхождения"": ""Россия"", ""Наименование"": ""бурт"", ""Материал корпуса"": ""PP-R"", ""Конструктивные особенности"": ""варится через муфту"", ""Цвет"": ""белый""}"
flange,1291937,Фланец ДУ- 32 16 атм ГОСТ 33259-2015 LD,542207,,,,,,,,,32,,,,,Сталь,,,,,Водоснабжение/отопление,,,4,34,1,https://f58.ru/products/flanec_du_32_16_atm_gost_33259_2015_ld,"{""Код поставщика"": ""00321620**"", ""шт/фас/уп"": ""1/1/450"", ""Вес"": ""1.58 кг"", ""Объем"": ""0.00072 м3"", ""На складе"": ""Пенза"", ""Остаток"": """", ""Ширина, мм"": ""135"", ""Высота, мм"": ""16"", ""Длина, мм"": ""135"", ""Категория"": ""Фланцевая арматура"", ""Подкатегория"": ""Фланцы"", ""Диаметр присоединения, мм"": ""32"", ""Материал"": ""Сталь"", ""Применение"": ""Для стальной и чугунной задвижки"", ""Количество отверстий на фланце"": ""4"", ""Давление, бар"": ""16"", ""Диаметр крепежного отверстия"": ""18"", ""Наружный диаметр, мм"": ""135"", ""Внутренний диаметр, мм"": ""39"", ""Область применения"": ""Водоснабжение/отопление"", ""categories"": [""Задвижки, затворы, фланцы""]}"
flange,1291961,"Фланец Ру 16 LD (ЧФЗ, Россия) Ду 50 ГОСТ 33259",,,,"Россия, Челябинский фланцевый завод",,,,,,,,,,,сталь,,,,"вода, пар, масло, газ, нефтепродукты",,,,9,34,1,https://adk22.ru/catalog/detali_truboprovodov_khomuty_i_krepezh/flantsy_stalnye/flanets_ploskiy_privarnoy/ru16/flanets_ru_16_ld_chfz_rossiya_du_50_gost_33259/,"{""Производитель"": ""Россия, Челябинский фланцевый завод"", ""Материал"": ""сталь"", ""Условный проход, Ду"": ""50"", ""Условное давление, кгс/см2"": ""16"", ""Рабочая среда"": ""вода, пар, масло, газ, нефтепродукты"", ""Температура рабочей среды, °С"": ""от -40 до +425"", ""Вес"": ""2.58кг."", ""categories"": [""Фланцы стальные"", ""Фланец плоский приварной"", ""Ру16""]}"
flange,1292093,Фланец воротниковый Ду 20 Ру 16 ГОСТ 33259,,,,Россия,,,,,,,,,,,сталь 20,,,,"вода, пар, масло, нефтепродукты",,,,9,9,1,https://adk22.ru/catalog/detali_truboprovodov_khomuty_i_krepezh/flantsy_stalnye/flanets_vorotnikovyy/ru16_1/flanets_vorotnikovyy_du_20_ru_16_gost_33259/,"{""Производитель"": ""Россия"", ""Материал"": ""сталь 20"", ""Условный проход, Ду"": ""20"", ""Условное давление, кгс/см2"": ""16"", ""Рабочая среда"": ""вода, пар, масло, нефтепродукты"", ""Температура рабочей среды, °С"": ""от -30 до +300"", ""Вес"": ""0.87кг."", ""categories"": [""Фланцы стальные"", ""Фланец воротниковый"", ""Ру16""]}"
flange,1292101,Фланец воротниковый Ду 200 Ру 16 ГОСТ 33259,,,,Россия,,,,,,,,,,,сталь 20,,,,"вода, пар, масло, нефтепродукты",,,,9,9,1,https://adk22.ru/catalog/detali_truboprovodov_khomuty_i_krepezh/flantsy_stalnye/flanets_vorotnikovyy/ru16_1/flanets_vorotnikovyy_du_200_ru_16_gost_33259/,"{""Производитель"": ""Россия"", ""Форма"": ""воротниковый"", ""Материал"": ""сталь 20"", ""Условный проход, Ду"": ""200"", ""Условное давление, кгс/см2"": ""16"", ""Рабочая среда"": ""вода, пар, масло, нефтепродукты"", ""Температура рабочей среды, °С"": ""от -30 до +300"", ""Вес"": ""11.79кг."", ""categories"": [""Фланцы стальные"", ""Фланец воротниковый"", ""Ру16""]}"
flange,1292620,Фланец ДУ- 50 10 атм ГОСТ 33259-2015 LD,542210,,,,,,,,,50,,,,,,,,,,,,,4,34,1,https://f58.ru/products/flanec_du_50_10_atm_gost_33259_2015_ld,"{""Код поставщика"": ""00501020**"", ""шт/фас/уп"": ""1/1/340"", ""Вес"": ""2.06 кг"", ""Объем"": ""0.00141 м3"", ""На складе"": ""Пенза"", ""Остаток"": """", ""Ширина, мм"": ""160"", ""Высота, мм"": ""15"", ""Длина, мм"": ""160"", ""categories"": [""Задвижки, затворы, фланцы""]}"
flange,1292830,"Балансировачно-регулирующий вентиль Cocon QFC DN 50 PN 16, фланец, classic, 2,0-8,0 м³/ч, Oventrop 1146150",ц5110,,,,,Cocon,,,,50,16,Фланец,,,Чугун,,Под электропривод,,"Вода, водный раствор гликоля до 50%",,Германия,,4,147,1,https://lunda.ru/catalog/category/c13094/product/ventil-cocon-qfc-oventrop_118807/item/c5110.html,"{""Код Oventrop"": ""1146150"", ""Ду, мм"": ""50"", ""Kvs, м3/ч"": ""12,0"", ""Присоединение"": ""Фланец"", ""Применение"": ""Отопление, охлаждение"", ""Управление"": ""Под электропривод"", ""Рабочая среда"": ""Вода, водный раствор гликоля до 50%"", ""Макс. рабочее давление, бар"": ""16"", ""Макс. рабочая температура, °C"": ""+120"", ""Материал корпуса"": ""Чугун"", ""Мин. рабочая температура, °C"": ""-20"", ""Серия бренда"": ""Cocon"", ""Страна бренда"": ""Германия"", ""Страна-производитель"": ""Германия"", ""Особенности"": ""Наклонный"", ""categories"": [""Запорные вентили"", ""Чугунные запорные вентили""]}"
flange,1292835,"Балансировачно-регулирующий вентиль Cocon QFC DN 65 PN 16, фланец, classic, 5,0-20,0 м³/ч, Oventrop 1146151",ц5013,,,,,Cocon,,,,65,16,Фланец,,,Чугун,,Под электропривод,,"Вода, водный раствор гликоля до 50%",,Германия,,4,147,1,https://lunda.ru/catalog/category/c13094/product/ventil-cocon-qfc-oventrop_118807/item/c5013.html,"{""Код Oventrop"": ""1146151"", ""Ду, мм"": ""65"", ""Kvs, м3/ч"": ""36,0"", ""Присоединение"": ""Фланец"", ""Применение"": ""Отопление, охлаждение"", ""Управление"": ""Под электропривод"", ""Рабочая среда"": ""Вода, водный раствор гликоля до 50%"", ""Макс. рабочее давление, бар"": ""16"", ""Макс. рабочая температура, °C"": ""+120"", ""Материал корпуса"": ""Чугун"", ""Мин. рабочая температура, °C"": ""-20"", ""Серия бренда"": ""Cocon"", ""Страна бренда"": ""Германия"", ""Страна-производитель"": ""Германия"", ""Особенности"": ""Наклонный"", ""categories"": [""Запорные вентили"", ""Чугунные запорные вентили""]}"
flange,1293609,Фланец Ру 10 Ду 300 ГОСТ 33259,,,,Россия,,,,,,,,,,,сталь,,,,"вода, пар, масло, газ, нефтепродукты",,,,9,9,1,https://adk22.ru/catalog/detali_truboprovodov_khomuty_i_krepezh/flantsy_stalnye/flanets_ploskiy_privarnoy/ru10/flanets_ru_10_du_300_gost_33259/,"{""Производитель"": ""Россия"", ""Материал"": ""сталь"", ""Условный проход, Ду"": ""300"", ""Условное давление, кгс/см2"": ""10"", ""Рабочая среда"": ""вода, пар, масло, газ, нефтепродукты"", ""Температура рабочей среды, °С"": ""от -40 до +425"", ""Вес"": ""12.9кг."", ""categories"": [""Фланцы стальные"", ""Фланец плоский приварной"", ""Ру10""]}"
flange,1293739,"Фланец Ру 10 LD (ЧФЗ, Россия) Ду 50 ГОСТ 33259",,,,"Россия, Челябинский фланцевый завод",,,,,,,,,,,сталь,,,,"вода, пар, масло, газ, нефтепродукты",,,,9,34,1,https://adk22.ru/catalog/detali_truboprovodov_khomuty_i_krepezh/flantsy_stalnye/flanets_ploskiy_privarnoy/ru10/flanets_ru_10_ld_chfz_rossiya_du_50_gost_33259/,"{""Производитель"": ""Россия, Челябинский фланцевый завод"", ""Материал"": ""сталь"", ""Условный проход, Ду"": ""50"", ""Условное давление, кгс/см2"": ""10"", ""Рабочая среда"": ""вода, пар, масло, газ, нефтепродукты"", ""Температура рабочей среды, °С"": ""от -40 до +425"", ""Вес"": ""2.06кг."", ""categories"": [""Фланцы стальные"", ""Фланец плоский приварной"", ""Ру10""]}"
flange,1293892,Фланец для гидроаккумулятора,MB-01,,,TIM,,,,,,,,,,,,,,,,,,,2,260,,https://tim-com.ru/katalog-tim/nasosy-i-nasosnoe-oborudovanie/komplektuyuschie-dlya-nasosov/zapchasti/flanets-dlya-gidroakkumulyatora,"{""Страна производства"": ""Китай"", ""Производитель"": ""TIM"", ""Материал фланца"": ""оцинкованная сталь"", ""Диаметр фланца"": ""150мм"", ""Крепление к гидроаккумулятору"": ""6 отверстий"", ""Диаметр отверстий"": ""8мм"", ""Присоединительный размер"": ""1дюймы"", ""Конструктивное исполнение гидроаккумулятора"": ""мембранный"", ""categories"": [""Комплектующие для насосов"", ""Запчасти""]}"
flange,1294609,Фланец стальной DN 80 PN 10 с полимерным покрытием под втулку ПЭ под бурт ПП 90 БЛМЗ,223100187,223100187,,,,,фланец,расточенный,,80,10,,,,сталь,,,,,,Россия,,6,139,1,https://proconsim.ru/product/223100187/,"{""Ду"": ""80"", ""Ру"": ""10"", ""Артикул"": ""223100187"", ""Страна происхождения"": ""Россия"", ""Тип"": ""расточенный"", ""Наименование"": ""фланец"", ""Материал корпуса"": ""сталь"", ""Марка стали"": ""углеродистая сталь"", ""Диаметр расточенного фланца Dвн"": ""110"", ""Вес нетто,кг"": ""1.85"", ""Вес брутто,кг"": ""1.85"", ""Объем м3"": ""0.0006""}"
flange,1294664,Фланец для баков (Гидроаккумуляторов) 3/4* Ø110,MB-01.11003,,,TIM,,,,,,,,,,,,,,,,,,,2,260,,https://tim-com.ru/katalog-tim/nasosy-i-nasosnoe-oborudovanie/komplektuyuschie-dlya-nasosov/zapchasti/flanets-dlya-bakov-gidroakkumulyatorov-3-4-c3110,"{""Страна производства"": ""Китай"", ""Производитель"": ""TIM"", ""Материал фланца"": ""оцинкованная сталь"", ""Диаметр фланца"": ""150мм"", ""Крепление к гидроаккумулятору"": ""6 отверстий"", ""Диаметр отверстий"": ""8мм"", ""Присоединительный размер"": ""1дюймы"", ""Конструктивное исполнение гидроаккумулятора"": ""мембранный"", ""categories"": [""Комплектующие для насосов"", ""Запчасти""]}"
flange,1295001,Фланец Ру 25 Ду 150 ГОСТ 33259,,,,Россия,,,,,,,,,,,сталь,,,,"вода, пар, масло, газ, нефтепродукты",,,,9,9,1,https://adk22.ru/catalog/detali_truboprovodov_khomuty_i_krepezh/flantsy_stalnye/flanets_ploskiy_privarnoy/ru25/flanets_ru_25_du_150_gost_33259/,"{""Производитель"": ""Россия"", ""Материал"": ""сталь"", ""Условный проход, Ду"": ""150"", ""Условное давление, кгс/см2"": ""25"", ""Рабочая среда"": ""вода, пар, масло, газ, нефтепродукты"", ""Температура рабочей среды, °С"": ""от -40 до +425"", ""Вес"": ""10.1кг."", ""categories"": [""Фланцы стальные"", ""Фланец плоский приварной"", ""Ру25""]}"
flange,1295173,"Фланец Ру 16 LD (ЧФЗ, Россия) Ду 65 ГОСТ 33259",,,,"Россия, Челябинский фланцевый завод",,,,,,,,,,,сталь,,,,"вода, пар, масло, газ, нефтепродукты",,,,9,34,1,https://adk22.ru/catalog/detali_truboprovodov_khomuty_i_krepezh/flantsy_stalnye/flanets_ploskiy_privarnoy/ru16/flanets_ru_16_ld_chfz_rossiya_du_65_gost_33259/,"{""Производитель"": ""Россия, Челябинский фланцевый завод"", ""Материал"": ""сталь"", ""Условный проход, Ду"": ""65"", ""Условное давление, кгс/см2"": ""16"", ""Рабочая среда"": ""вода, пар, масло, газ, нефтепродукты"", ""Температура рабочей среды, °С"": ""от -40 до +425"", ""Вес"": ""3.42кг."", ""categories"": [""Фланцы стальные"", ""Фланец плоский приварной"", ""Ру16""]}"
flange,1295318,Фланец стальной плоский DN 25 PN25 тип 01 ряд 1 исполнение В ГОСТ 33259-2015,223100302,223100302,,,,,фланец,плоский,В,25,25,,,,сталь,,,,,,Россия,,6,9,1,https://proconsim.ru/product/223100302/,"{""Ду"": ""25"", ""Ру"": ""25"", ""Артикул"": ""223100302"", ""Страна происхождения"": ""Россия"", ""Тип"": ""плоский"", ""Исполнение"": ""В"", ""Наименование"": ""фланец"", ""Материал корпуса"": ""сталь"", ""Марка стали"": ""сталь 20"", ""Тип фланца"": ""Тип 01"", ""ГОСТ"": ""ГОСТ 33259-2015"", ""Количество крепежных отверстий"": ""4"", ""Вес нетто,кг"": ""1.17"", ""Вес брутто,кг"": ""1.17"", ""Объем м3"": ""0.0002""}"
flange,1295501,Фланец ДУ- 40 16 атм ГОСТ 33259-2015 LD,542209,,,,,,,,,40,,,,,Сталь,,,,,Водоснабжение/отопление,,,4,34,1,https://f58.ru/products/flanec_du_40_16_atm_gost_33259_2015_ld,"{""Код поставщика"": ""00401620**"", ""шт/фас/уп"": ""1/1/480"", ""Вес"": ""1.96 кг"", ""Объем"": ""0.001 м3"", ""На складе"": ""Пенза"", ""Остаток"": """", ""Ширина, мм"": ""145"", ""Высота, мм"": ""17"", ""Длина, мм"": ""145"", ""Категория"": ""Фланцевая арматура"", ""Подкатегория"": ""Фланцы"", ""Диаметр присоединения, мм"": ""40"", ""Материал"": ""Сталь"", ""Применение"": ""Для стальной и чугунной задвижки"", ""Количество отверстий на фланце"": ""4"", ""Давление, бар"": ""16"", ""Внутренний диаметр, мм"": ""46"", ""Область применения"": ""Водоснабжение/отопление"", ""Диаметр крепежного отверстия"": ""18"", ""Наружный диаметр, мм"": ""145"", ""categories"": [""Задвижки, затворы, фланцы""]}"
flange,1295968,"Вентиль запорный Hydrocontrol AFC DN 65 PN 16, чугун, фланец DIN, Oventrop 1062051",ц5009,,,,,Hydrocontrol,,,,65,16,Фланец,,,Чугун,,С вентилем,,"Вода, водный раствор гликоля до 50%",,Германия,,4,147,1,https://lunda.ru/catalog/category/c13094/product/klapan-hydrocontrol-afc-oventrop_34902/item/c5009.html,"{""Код Oventrop"": ""1062051"", ""Ду, мм"": ""65"", ""Kvs, м3/ч"": ""98"", ""Присоединение"": ""Фланец"", ""Применение"": ""Отопление, охлаждение"", ""Управление"": ""С вентилем"", ""Рабочая среда"": ""Вода, водный раствор гликоля до 50%"", ""Макс. рабочее давление, бар"": ""16"", ""Макс. рабочая температура, °C"": ""+150"", ""Материал корпуса"": ""Чугун"", ""Сплав"": ""GG25"", ""Мин. рабочая температура, °C"": ""-10"", ""Особенности"": ""Наклонный"", ""Серия бренда"": ""Hydrocontrol"", ""Страна бренда"": ""Германия"", ""Страна-производитель"": ""Германия"", ""categories"": [""Запорные вентили"", ""Чугунные запорные вентили""]}"
gate_valve,1000,Задвижка шиберная односторонняя чугун VG4400-001NI Ду 80 Ру10 межфл со штурвалом уплотнение: NBR Tecofi VG4400-001NI0080,109-1616,VG4400-001NI0080,,Tecofi,VG4400-001NI,,,,односторонняя,,10,межфланцевое,,,чугун,,,,вода,Водоотведение,Франция,"Внешний вид изделия и количество присоединительных отверстий зависит от Ду, Pу и может отличаться от представленного на фото",4,22,1,https://www.santech.ru/catalog/317/332/i259/,"{""Номенклатурный номер"": ""109-1616"", ""Бренд"": ""Tecofi"", ""Описание"": ""Внешний вид изделия и количество присоединительных отверстий зависит от Ду, Pу и может отличаться от представленного на фото"", ""Инженерная система"": ""Водоотведение"", ""Вид"": ""односторонняя"", ""Конструкция шпинделя"": ""невыдвижной"", ""Модель"": ""VG4400-001NI"", ""Материал"": ""чугун"", ""Рабочая среда"": ""вода"", ""Тип присоединения"": ""межфланцевое"", ""Седловое уплотнение"": ""уплотнение: NBR"", ""Нож"": ""нерж. сталь X5CrNI 18-10"", ""Масса нетто"": ""9.4 кг"", ""Страна происхождения"": ""Франция"", ""Диаметр"": ""Ду 80"", ""Максимальное рабочее давление, бар"": ""Ру10"", ""Номинальное давление фланцев, бар"": ""10"", ""Артикул"": ""VG4400-001NI0080"", ""Строительная длина"": ""50 мм""}"
gate_valve,1001,Задвижка шиберная односторонняя чугун VG4400-001NI Ду 100 Ру10 межфл со штурвалом уплотнение: NBR Tecofi VG4400-001NI0100,109-1617,VG4400-001NI0100,,Tecofi,VG4400-001NI,,,,односторонняя,,10,межфланцевое,,,чугун,,,,вода,Водоотведение,Франция,"Внешний вид изделия и количество присоединительных отверстий зависит от Ду, Pу и может отличаться от представленного на фото",4,22,1,https://www.santech.ru/catalog/317/332/i259/,"{""Номенклатурный номер"": ""109-1617"", ""Бренд"": ""Tecofi"", ""Описание"": ""Внешний вид изделия и количество присоединительных отверстий зависит от Ду, Pу и может отличаться от представленного на фото"", ""Инженерная система"": ""Водоотведение"", ""Вид"": ""односторонняя"", ""Конструкция шпинделя"": ""невыдвижной"", ""Модель"": ""VG4400-001NI"", ""Материал"": ""чугун"", ""Рабочая среда"": ""вода"", ""Тип присоединения"": ""межфланцевое"", ""Седловое уплотнение"": ""уплотнение: NBR"", ""Нож"": ""нерж. сталь X5CrNI 18-10"", ""Масса нетто"": ""11.5 кг"", ""Страна происхождения"": ""Франция"", ""Диаметр"": ""Ду 100"", ""Максимальное рабочее давление, бар"": ""Ру10"", ""Номинальное давление фланцев, бар"": ""10"", ""Артикул"": ""VG4400-001NI0100"", ""Строительная длина"": ""50 мм""}"
gate_valve,1002,Задвижка шиберная односторонняя чугун VG4400-001NI Ду 125 Ру10 межфл со штурвалом уплотнение: NBR Tecofi VG4400-001NI0125,109-1618,VG4400-001NI0125,,Tecofi,VG4400-001NI,,,,односторонняя,,10,межфланцевое,,,чугун,,,,вода,Водоотведение,Франция,"Внешний вид изделия и количество присоединительных отверстий зависит от Ду, Pу и может отличаться от представленного на фото",4,22,1,https://www.santech.ru/catalog/317/332/i259/,"{""Номенклатурный номер"": ""109-1618"", ""Бренд"": ""Tecofi"", ""Описание"": ""Внешний вид изделия и количество присоединительных отверстий зависит от Ду, Pу и может отличаться от представленного на фото"", ""Инженерная система"": ""Водоотведение"", ""Вид"": ""односторонняя"", ""Конструкция шпинделя"": ""невыдвижной"", ""Модель"": ""VG4400-001NI"", ""Материал"": ""чугун"", ""Рабочая среда"": ""вода"", ""Тип присоединения"": ""межфланцевое"", ""Седловое уплотнение"": ""уплотнение: NBR"", ""Нож"": ""нерж. сталь X5CrNI 18-10"", ""Масса нетто"": ""15.4 кг"", ""Страна происхождения"": ""Франция"", ""Диаметр"": ""Ду 125"", ""Максимальное рабочее давление, бар"": ""Ру10"", ""Номинальное давление фланцев, бар"": ""10"", ""Артикул"": ""VG4400-001NI0125"", ""Строительная длина"": ""50 мм""}"
gate_valve,1003,Задвижка шиберная односторонняя чугун VG4400-001NI Ду 150 Ру10 межфл со штурвалом уплотнение: NBR Tecofi VG4400-001NI0150,109-1619,VG4400-001NI0150,,Tecofi,VG4400-001NI,,,,односторонняя,,10,межфланцевое,,,чугун,,,,вода,Водоотведение,Франция,"Внешний вид изделия и количество присоединительных отверстий зависит от Ду, Pу и может отличаться от представленного на фото",4,22,1,https://www.santech.ru/catalog/317/332/i259/,"{""Номенклатурный номер"": ""109-1619"", ""Бренд"": ""Tecofi"", ""Описание"": ""Внешний вид изделия и количество присоединительных отверстий зависит от Ду, Pу и может отличаться от представленного на фото"", ""Инженерная система"": ""Водоотведение"", ""Вид"": ""односторонняя"", ""Конструкция шпинделя"": ""невыдвижной"", ""Модель"": ""VG4400-001NI"", ""Материал"": ""чугун"", ""Рабочая среда"": ""вода"", ""Тип присоединения"": ""межфланцевое"", ""Седловое уплотнение"": ""уплотнение: NBR"", ""Нож"": ""нерж. сталь X5CrNI 18-10"", ""Масса нетто"": ""18.5 кг"", ""Страна происхождения"": ""Франция"", ""Диаметр"": ""Ду 150"", ""Максимальное рабочее давление, бар"": ""Ру10"", ""Номинальное давление фланцев, бар"": ""10"", ""Артикул"": ""VG4400-001NI0150"", ""Строительная длина"": ""60 мм""}"
gate_valve,1004,Задвижка шиберная односторонняя чугун VG4400-001NI Ду 200 Ру10 межфл со штурвалом уплотнение: NBR Tecofi VG4400-001NI0200,109-1620,VG4400-001NI0200,,Tecofi,VG4400-001NI,,,,односторонняя,,10,межфланцевое,,,чугун,,,,вода,Водоотведение,Франция,"Внешний вид изделия и количество присоединительных отверстий зависит от Ду, Pу и может отличаться от представленного на фото",4,22,1,https://www.santech.ru/catalog/317/332/i259/,"{""Номенклатурный номер"": ""109-1620"", ""Бренд"": ""Tecofi"", ""Описание"": ""Внешний вид изделия и количество присоединительных отверстий зависит от Ду, Pу и может отличаться от представленного на фото"", ""Инженерная система"": ""Водоотведение"", ""Вид"": ""односторонняя"", ""Конструкция шпинделя"": ""невыдвижной"", ""Модель"": ""VG4400-001NI"", ""Материал"": ""чугун"", ""Рабочая среда"": ""вода"", ""Тип присоединения"": ""межфланцевое"", ""Седловое уплотнение"": ""уплотнение: NBR"", ""Нож"": ""нерж. сталь X5CrNI 18-10"", ""Масса нетто"": ""34.8 кг"", ""Страна происхождения"": ""Франция"", ""Диаметр"": ""Ду 200"", ""Максимальное рабочее давление, бар"": ""Ру10"", ""Номинальное давление фланцев, бар"": ""10"", ""Артикул"": ""VG4400-001NI0200"", ""Строительная длина"": ""60 мм""}"
gate_valve,1005,Задвижка шиберная односторонняя чугун VG4400-001NI Ду 250 Ру10 межфл со штурвалом уплотнение: NBR Tecofi VG4400-001NI0250,109-1621,VG4400-001NI0250,,Tecofi,VG4400-001NI,,,,односторонняя,,10,межфланцевое,,,чугун,,,,вода,Водоотведение,Франция,"Внешний вид изделия и количество присоединительных отверстий зависит от Ду, Pу и может отличаться от представленного на фото",4,22,1,https://www.santech.ru/catalog/317/332/i259/,"{""Номенклатурный номер"": ""109-1621"", ""Бренд"": ""Tecofi"", ""Описание"": ""Внешний вид изделия и количество присоединительных отверстий зависит от Ду, Pу и может отличаться от представленного на фото"", ""Инженерная система"": ""Водоотведение"", ""Вид"": ""односторонняя"", ""Конструкция шпинделя"": ""невыдвижной"", ""Модель"": ""VG4400-001NI"", ""Материал"": ""чугун"", ""Рабочая среда"": ""вода"", ""Тип присоединения"": ""межфланцевое"", ""Седловое уплотнение"": ""уплотнение: NBR"", ""Нож"": ""нерж. сталь X5CrNI 18-10"", ""Масса нетто"": ""47 кг"", ""Страна происхождения"": ""Франция"", ""Диаметр"": ""Ду 250"", ""Максимальное рабочее давление, бар"": ""Ру10"", ""Номинальное давление фланцев, бар"": ""10"", ""Артикул"": ""VG4400-001NI0250"", ""Строительная длина"": ""70 мм""}"
gate_valve,1006,Задвижка шиберная односторонняя чугун VG4400-001NI Ду 300 Ру7 межфл со штурвалом уплотнение: NBR Tecofi VG4400-001NI0300,109-1622,VG4400-001NI0300,,Tecofi,VG4400-001NI,,,,односторонняя,,7,межфланцевое,,,чугун,,,,вода,Водоотведение,Франция,"Внешний вид изделия и количество присоединительных отверстий зависит от Ду, Pу и может отличаться от представленного на фото",4,22,1,https://www.santech.ru/catalog/317/332/i259/,"{""Номенклатурный номер"": ""109-1622"", ""Бренд"": ""Tecofi"", ""Описание"": ""Внешний вид изделия и количество присоединительных отверстий зависит от Ду, Pу и может отличаться от представленного на фото"", ""Инженерная система"": ""Водоотведение"", ""Вид"": ""односторонняя"", ""Конструкция шпинделя"": ""невыдвижной"", ""Модель"": ""VG4400-001NI"", ""Материал"": ""чугун"", ""Рабочая среда"": ""вода"", ""Тип присоединения"": ""межфланцевое"", ""Седловое уплотнение"": ""уплотнение: NBR"", ""Нож"": ""нерж. сталь X5CrNI 18-10"", ""Масса нетто"": ""61 кг"", ""Страна происхождения"": ""Франция"", ""Диаметр"": ""Ду 300"", ""Максимальное рабочее давление, бар"": ""Ру7"", ""Номинальное давление фланцев, бар"": ""10"", ""Артикул"": ""VG4400-001NI0300"", ""Строительная длина"": ""70 мм""}"
gate_valve,1007,Задвижка шиберная односторонняя чугун VG4400-001NI Ду 350 Ру7 межфл со штурвалом уплотнение: NBR Tecofi VG4400-001NI0350,109-1623,VG4400-001NI0350,,Tecofi,VG4400-001NI,,,,односторонняя,,7,межфланцевое,,,чугун,,,,вода,Водоотведение,Франция,"Внешний вид изделия и количество присоединительных отверстий зависит от Ду, Pу и может отличаться от представленного на фото",4,22,1,https://www.santech.ru/catalog/317/332/i259/,"{""Номенклатурный номер"": ""109-1623"", ""Бренд"": ""Tecofi"", ""Описание"": ""Внешний вид изделия и количество присоединительных отверстий зависит от Ду, Pу и может отличаться от представленного на фото"", ""Инженерная система"": ""Водоотведение"", ""Вид"": ""односторонняя"", ""Конструкция шпинделя"": ""невыдвижной"", ""Модель"": ""VG4400-001NI"", ""Материал"": ""чугун"", ""Рабочая среда"": ""вода"", ""Тип присоединения"": ""межфланцевое"", ""Седловое уплотнение"": ""уплотнение: NBR"", ""Нож"": ""нерж. сталь X5CrNI 18-10"", ""Масса нетто"": ""117 кг"", ""Страна происхождения"": ""Франция"", ""Диаметр"": ""Ду 350"", ""Максимальное рабочее давление, бар"": ""Ру7"", ""Номинальное давление фланцев, бар"": ""10"", ""Артикул"": ""VG4400-001NI0350"", ""Строительная длина"": ""96 мм""}"
gate_valve,1008,Задвижка шиберная односторонняя чугун VG4400-001NI Ду 400 Ру7 межфл со штурвалом уплотнение: NBR Tecofi VG4400-001NI0400,109-1624,VG4400-001NI0400,,Tecofi,VG4400-001NI,,,,односторонняя,,7,межфланцевое,,,чугун,,,,вода,Водоотведение,Франция,"Внешний вид изделия и количество присоединительных отверстий зависит от Ду, Pу и может отличаться от представленного на фото",4,22,1,https://www.santech.ru/catalog/317/332/i259/,"{""Номенклатурный номер"": ""109-1624"", ""Бренд"": ""Tecofi"", ""Описание"": ""Внешний вид изделия и количество присоединительных отверстий зависит от Ду, Pу и может отличаться от представленного на фото"", ""Инженерная система"": ""Водоотведение"", ""Вид"": ""односторонняя"", ""Конструкция шпинделя"": ""невыдвижной"", ""Модель"": ""VG4400-001NI"", ""Материал"": ""чугун"", ""Рабочая среда"": ""вода"", ""Тип присоединения"": ""межфланцевое"", ""Седловое уплотнение"": ""уплотнение: NBR"", ""Нож"": ""нерж. сталь X5CrNI 18-10"", ""Масса нетто"": ""151 кг"", ""Страна происхождения"": ""Франция"", ""Диаметр"": ""Ду 400"", ""Максимальное рабочее давление, бар"": ""Ру7"", ""Номинальное давление фланцев, бар"": ""10"", ""Артикул"": ""VG4400-001NI0400"", ""Строительная длина"": ""100 мм""}"
gate_valve,1009,Задвижка шиберная односторонняя чугун VG4400-001NI Ду 450 Ру7 межфл со штурвалом уплотнение: NBR Tecofi VG4400-001NI0450,109-1625,VG4400-001NI0450,,Tecofi,VG4400-001NI,,,,односторонняя,,7,межфланцевое,,,чугун,,,,вода,Водоотведение,Франция,"Внешний вид изделия и количество присоединительных отверстий зависит от Ду, Pу и может отличаться от представленного на фото",4,22,1,https://www.santech.ru/catalog/317/332/i259/,"{""Номенклатурный номер"": ""109-1625"", ""Бренд"": ""Tecofi"", ""Описание"": ""Внешний вид изделия и количество присоединительных отверстий зависит от Ду, Pу и может отличаться от представленного на фото"", ""Инженерная система"": ""Водоотведение"", ""Вид"": ""односторонняя"", ""Конструкция шпинделя"": ""невыдвижной"", ""Модель"": ""VG4400-001NI"", ""Материал"": ""чугун"", ""Рабочая среда"": ""вода"", ""Тип присоединения"": ""межфланцевое"", ""Седловое уплотнение"": ""уплотнение: NBR"", ""Нож"": ""нерж. сталь X5CrNI 18-10"", ""Масса нетто"": ""187 кг"", ""Страна происхождения"": ""Франция"", ""Диаметр"": ""Ду 450"", ""Максимальное рабочее давление, бар"": ""Ру7"", ""Номинальное давление фланцев, бар"": ""10"", ""Артикул"": ""VG4400-001NI0450"", ""Строительная длина"": ""106 мм""}"
gate_valve,1010,Задвижка шиберная односторонняя чугун VG4400-001NI Ду 500 Ру4 межфл со штурвалом уплотнение: NBR Tecofi VG4400-001NI0500,109-1626,VG4400-001NI0500,,Tecofi,VG4400-001NI,,,,односторонняя,,4,межфланцевое,,,чугун,,,,вода,Водоотведение,Франция,"Внешний вид изделия и количество присоединительных отверстий зависит от Ду, Pу и может отличаться от представленного на фото",4,22,1,https://www.santech.ru/catalog/317/332/i259/,"{""Номенклатурный номер"": ""109-1626"", ""Бренд"": ""Tecofi"", ""Описание"": ""Внешний вид изделия и количество присоединительных отверстий зависит от Ду, Pу и может отличаться от представленного на фото"", ""Инженерная система"": ""Водоотведение"", ""Вид"": ""односторонняя"", ""Конструкция шпинделя"": ""невыдвижной"", ""Модель"": ""VG4400-001NI"", ""Материал"": ""чугун"", ""Рабочая среда"": ""вода"", ""Тип присоединения"": ""межфланцевое"", ""Седловое уплотнение"": ""уплотнение: NBR"", ""Нож"": ""нерж. сталь X5CrNI 18-10"", ""Масса нетто"": ""205 кг"", ""Страна происхождения"": ""Франция"", ""Диаметр"": ""Ду 500"", ""Максимальное рабочее давление, бар"": ""Ру4"", ""Номинальное давление фланцев, бар"": ""10"", ""Артикул"": ""VG4400-001NI0500"", ""Строительная длина"": ""110 мм""}"
gate_valve,1011,Задвижка шиберная односторонняя чугун VG4400-001NI Ду 600 Ру4 межфл со штурвалом уплотнение: NBR Tecofi VG4400-001NI0600,109-1627,VG4400-001NI0600,,Tecofi,VG4400-001NI,,,,односторонняя,,4,межфланцевое,,,чугун,,,,вода,Водоотведение,Франция,"Внешний вид изделия и количество присоединительных отверстий зависит от Ду, Pу и может отличаться от представленного на фото",4,22,1,https://www.santech.ru/catalog/317/332/i259/,"{""Номенклатурный номер"": ""109-1627"", ""Бренд"": ""Tecofi"", ""Описание"": ""Внешний вид изделия и количество присоединительных отверстий зависит от Ду, Pу и может отличаться от представленного на фото"", ""Инженерная система"": ""Водоотведение"", ""Вид"": ""односторонняя"", ""Конструкция шпинделя"": ""невыдвижной"", ""Модель"": ""VG4400-001NI"", ""Материал"": ""чугун"", ""Рабочая среда"": ""вода"", ""Тип присоединения"": ""межфланцевое"", ""Седловое уплотнение"": ""уплотнение: NBR"", ""Нож"": ""нерж. сталь X5CrNI 18-10"", ""Масса нетто"": ""292 кг"", ""Страна происхождения"": ""Франция"", ""Диаметр"": ""Ду 600"", ""Максимальное рабочее давление, бар"": ""Ру4"", ""Номинальное давление фланцев, бар"": ""10"", ""Артикул"": ""VG4400-001NI0600"", ""Строительная длина"": ""110 мм""}"
gate_valve,1012,Задвижка шиберная односторонняя нерж VG6400-00EP Ду 50 Ру10 межфл со штурвалом уплотнение: EPDM Tecofi VG6400-00EP0050,107-4061,VG6400-00EP0050,,Tecofi,VG6400-00EP,,,,односторонняя,,10,межфланцевое,,,нерж,,,,"вода, целлюлоза",Водоотведение,Франция,"Внешний вид изделия и количество присоединительных отверстий зависит от Ду, Pу и может отличаться от представленного на фото",4,22,1,https://www.santech.ru/catalog/317/332/i14981/,"{""Номенклатурный номер"": ""107-4061"", ""Бренд"": ""Tecofi"", ""Описание"": ""Внешний вид изделия и количество присоединительных отверстий зависит от Ду, Pу и может отличаться от представленного на фото"", ""Инженерная система"": ""Водоотведение"", ""Вид"": ""односторонняя"", ""Конструкция шпинделя"": ""выдвижной"", ""Модель"": ""VG6400-00EP"", ""Материал"": ""нерж"", ""Рабочая среда"": ""вода, целлюлоза"", ""Тип присоединения"": ""межфланцевое"", ""Седловое уплотнение"": ""уплотнение: EPDM"", ""Нож"": ""нерж. сталь X5CrNiMo 17-12-2"", ""Масса нетто"": ""7.5 кг"", ""Страна происхождения"": ""Франция"", ""Температура рабочей среды"": ""от -10 до +130 oC"", ""Область применения"": ""Используются в системах водоподготовки и очистки сточных вод в качестве запорной арматуры"", ""Гарантия"": ""14 месяцев"", ""Гарантия производителя"": ""14 месяцев"", ""Срок службы"": ""5 лет"", ""Диаметр"": ""Ду 50"", ""Максимальное рабочее давление, бар"": ""Ру10"", ""Номинальное давление фланцев, бар"": ""10"", ""Артикул"": ""VG6400-00EP0050"", ""Строительная длина"": ""40 мм""}"
gate_valve,1013,Задвижка шиберная односторонняя нерж VG6400-00EP Ду 65 Ру10 межфл со штурвалом уплотнение: EPDM Tecofi VG6400-00EP0065,107-4062,VG6400-00EP0065,,Tecofi,VG6400-00EP,,,,односторонняя,,10,межфланцевое,,,нерж,,,,"вода, целлюлоза",Водоотведение,Франция,"Внешний вид изделия и количество присоединительных отверстий зависит от Ду, Pу и может отличаться от представленного на фото",4,22,1,https://www.santech.ru/catalog/317/332/i14981/,"{""Номенклатурный номер"": ""107-4062"", ""Бренд"": ""Tecofi"", ""Описание"": ""Внешний вид изделия и количество присоединительных отверстий зависит от Ду, Pу и может отличаться от представленного на фото"", ""Инженерная система"": ""Водоотведение"", ""Вид"": ""односторонняя"", ""Конструкция шпинделя"": ""выдвижной"", ""Модель"": ""VG6400-00EP"", ""Материал"": ""нерж"", ""Рабочая среда"": ""вода, целлюлоза"", ""Тип присоединения"": ""межфланцевое"", ""Седловое уплотнение"": ""уплотнение: EPDM"", ""Нож"": ""нерж. сталь X5CrNiMo 17-12-2"", ""Масса нетто"": ""8.8 кг"", ""Страна происхождения"": ""Франция"", ""Температура рабочей среды"": ""от -10 до +130 oC"", ""Область применения"": ""Используются в системах водоподготовки и очистки сточных вод в качестве запорной арматуры"", ""Гарантия"": ""14 месяцев"", ""Гарантия производителя"": ""14 месяцев"", ""Срок службы"": ""5 лет"", ""Диаметр"": ""Ду 65"", ""Максимальное рабочее давление, бар"": ""Ру10"", ""Номинальное давление фланцев, бар"": ""10"", ""Артикул"": ""VG6400-00EP0065"", ""Строительная длина"": ""40 мм""}"
gate_valve,1014,Задвижка шиберная односторонняя нерж VG6400-00EP Ду 80 Ру10 межфл со штурвалом уплотнение: EPDM Tecofi VG6400-00EP0080,107-4060,VG6400-00EP0080,,Tecofi,VG6400-00EP,,,,односторонняя,,10,межфланцевое,,,нерж,,,,"вода, целлюлоза",Водоотведение,Франция,"Внешний вид изделия и количество присоединительных отверстий зависит от Ду, Pу и может отличаться от представленного на фото",4,22,1,https://www.santech.ru/catalog/317/332/i14981/,"{""Номенклатурный номер"": ""107-4060"", ""Бренд"": ""Tecofi"", ""Описание"": ""Внешний вид изделия и количество присоединительных отверстий зависит от Ду, Pу и может отличаться от представленного на фото"", ""Инженерная система"": ""Водоотведение"", ""Вид"": ""односторонняя"", ""Конструкция шпинделя"": ""выдвижной"", ""Модель"": ""VG6400-00EP"", ""Материал"": ""нерж"", ""Рабочая среда"": ""вода, целлюлоза"", ""Тип присоединения"": ""межфланцевое"", ""Седловое уплотнение"": ""уплотнение: EPDM"", ""Нож"": ""нерж. сталь X5CrNiMo 17-12-2"", ""Масса нетто"": ""9.4 кг"", ""Страна происхождения"": ""Франция"", ""Температура рабочей среды"": ""от -10 до +130 oC"", ""Область применения"": ""Используются в системах водоподготовки и очистки сточных вод в качестве запорной арматуры"", ""Гарантия"": ""14 месяцев"", ""Гарантия производителя"": ""14 месяцев"", ""Срок службы"": ""5 лет"", ""Диаметр"": ""Ду 80"", ""Максимальное рабочее давление, бар"": ""Ру10"", ""Номинальное давление фланцев, бар"": ""10"", ""Артикул"": ""VG6400-00EP0080"", ""Строительная длина"": ""50 мм""}"
gate_valve,1015,Задвижка шиберная односторонняя нерж VG6400-00EP Ду 100 Ру10 межфл со штурвалом уплотнение: EPDM Tecofi VG6400-00EP0100,107-4063,VG6400-00EP0100,,Tecofi,VG6400-00EP,,,,односторонняя,,10,межфланцевое,,,нерж,,,,"вода, целлюлоза",Водоотведение,Франция,"Внешний вид изделия и количество присоединительных отверстий зависит от Ду, Pу и может отличаться от представленного на фото",4,22,1,https://www.santech.ru/catalog/317/332/i14981/,"{""Номенклатурный номер"": ""107-4063"", ""Бренд"": ""Tecofi"", ""Описание"": ""Внешний вид изделия и количество присоединительных отверстий зависит от Ду, Pу и может отличаться от представленного на фото"", ""Инженерная система"": ""Водоотведение"", ""Вид"": ""односторонняя"", ""Конструкция шпинделя"": ""выдвижной"", ""Модель"": ""VG6400-00EP"", ""Материал"": ""нерж"", ""Рабочая среда"": ""вода, целлюлоза"", ""Тип присоединения"": ""межфланцевое"", ""Седловое уплотнение"": ""уплотнение: EPDM"", ""Нож"": ""нерж. сталь X5CrNiMo 17-12-2"", ""Масса нетто"": ""11.5 кг"", ""Страна происхождения"": ""Франция"", ""Температура рабочей среды"": ""от -10 до +130 oC"", ""Область применения"": ""Используются в системах водоподготовки и очистки сточных вод в качестве запорной арматуры"", ""Гарантия"": ""14 месяцев"", ""Гарантия производителя"": ""14 месяцев"", ""Срок службы"": ""5 лет"", ""Диаметр"": ""Ду 100"", ""Максимальное рабочее давление, бар"": ""Ру10"", ""Номинальное давление фланцев, бар"": ""10"", ""Артикул"": ""VG6400-00EP0100"", ""Строительная длина"": ""50 мм""}"
gate_valve,1016,Задвижка шиберная односторонняя нерж VG6400-00EP Ду 150 Ру10 межфл со штурвалом уплотнение: EPDM Tecofi VG6400-00EP0150,007-6733,VG6400-00EP0150,,Tecofi,VG6400-00EP,,,,односторонняя,,10,межфланцевое,,,нерж,,,,"вода, целлюлоза",Водоотведение,Франция,"Внешний вид изделия и количество присоединительных отверстий зависит от Ду, Pу и может отличаться от представленного на фото",4,22,1,https://www.santech.ru/catalog/317/332/i14981/,"{""Номенклатурный номер"": ""007-6733"", ""Бренд"": ""Tecofi"", ""Описание"": ""Внешний вид изделия и количество присоединительных отверстий зависит от Ду, Pу и может отличаться от представленного на фото"", ""Инженерная система"": ""Водоотведение"", ""Вид"": ""односторонняя"", ""Конструкция шпинделя"": ""выдвижной"", ""Модель"": ""VG6400-00EP"", ""Материал"": ""нерж"", ""Рабочая среда"": ""вода, целлюлоза"", ""Тип присоединения"": ""межфланцевое"", ""Седловое уплотнение"": ""уплотнение: EPDM"", ""Нож"": ""нерж. сталь X5CrNiMo 17-12-2"", ""Масса нетто"": ""18.5 кг"", ""Страна происхождения"": ""Франция"", ""Температура рабочей среды"": ""от -10 до +130 oC"", ""Область применения"": ""Используются в системах водоподготовки и очистки сточных вод в качестве запорной арматуры"", ""Гарантия"": ""14 месяцев"", ""Гарантия производителя"": ""14 месяцев"", ""Срок службы"": ""5 лет"", ""Диаметр"": ""Ду 150"", ""Максимальное рабочее давление, бар"": ""Ру10"", ""Номинальное давление фланцев, бар"": ""10"", ""Артикул"": ""VG6400-00EP0150"", ""Строительная длина"": ""60 мм""}"
gate_valve,1017,Задвижка шиберная односторонняя нерж VG6400-00EP Ду 200 Ру10 межфл со штурвалом уплотнение: EPDM Tecofi VG6400-00EP0200,007-4982,VG6400-00EP0200,,Tecofi,VG6400-00EP,,,,односторонняя,,10,межфланцевое,,,нерж,,,,"вода, целлюлоза",Водоотведение,Франция,"Внешний вид изделия и количество присоединительных отверстий зависит от Ду, Pу и может отличаться от представленного на фото",4,22,1,https://www.santech.ru/catalog/317/332/i14981/,"{""Номенклатурный номер"": ""007-4982"", ""Бренд"": ""Tecofi"", ""Описание"": ""Внешний вид изделия и количество присоединительных отверстий зависит от Ду, Pу и может отличаться от представленного на фото"", ""Инженерная система"": ""Водоотведение"", ""Вид"": ""односторонняя"", ""Конструкция шпинделя"": ""выдвижной"", ""Модель"": ""VG6400-00EP"", ""Материал"": ""нерж"", ""Рабочая среда"": ""вода, целлюлоза"", ""Тип присоединения"": ""межфланцевое"", ""Седловое уплотнение"": ""уплотнение: EPDM"", ""Нож"": ""нерж. сталь X5CrNiMo 17-12-2"", ""Масса нетто"": ""34.8 кг"", ""Страна происхождения"": ""Франция"", ""Температура рабочей среды"": ""от -10 до +130 oC"", ""Область применения"": ""Используются в системах водоподготовки и очистки сточных вод в качестве запорной арматуры"", ""Гарантия"": ""14 месяцев"", ""Гарантия производителя"": ""14 месяцев"", ""Срок службы"": ""5 лет"", ""Диаметр"": ""Ду 200"", ""Максимальное рабочее давление, бар"": ""Ру10"", ""Номинальное давление фланцев, бар"": ""10"", ""Артикул"": ""VG6400-00EP0200"", ""Строительная длина"": ""60 мм""}"
gate_valve,1018,Задвижка шиберная односторонняя нерж VG6400-00EP Ду 250 Ру10 межфл со штурвалом уплотнение: EPDM Tecofi VG6400-00EP0250,107-0046,VG6400-00EP0250,,Tecofi,VG6400-00EP,,,,односторонняя,,10,межфланцевое,,,нерж,,,,"вода, целлюлоза",Водоотведение,Франция,"Внешний вид изделия и количество присоединительных отверстий зависит от Ду, Pу и может отличаться от представленного на фото",4,22,1,https://www.santech.ru/catalog/317/332/i14981/,"{""Номенклатурный номер"": ""107-0046"", ""Бренд"": ""Tecofi"", ""Описание"": ""Внешний вид изделия и количество присоединительных отверстий зависит от Ду, Pу и может отличаться от представленного на фото"", ""Инженерная система"": ""Водоотведение"", ""Вид"": ""односторонняя"", ""Конструкция шпинделя"": ""выдвижной"", ""Модель"": ""VG6400-00EP"", ""Материал"": ""нерж"", ""Рабочая среда"": ""вода, целлюлоза"", ""Тип присоединения"": ""межфланцевое"", ""Седловое уплотнение"": ""уплотнение: EPDM"", ""Нож"": ""нерж. сталь X5CrNiMo 17-12-2"", ""Масса нетто"": ""49.12 кг"", ""Страна происхождения"": ""Франция"", ""Температура рабочей среды"": ""от -10 до +130 oC"", ""Область применения"": ""Используются в системах водоподготовки и очистки сточных вод в качестве запорной арматуры"", ""Гарантия"": ""14 месяцев"", ""Гарантия производителя"": ""14 месяцев"", ""Срок службы"": ""5 лет"", ""Диаметр"": ""Ду 250"", ""Максимальное рабочее давление, бар"": ""Ру10"", ""Номинальное давление фланцев, бар"": ""10"", ""Артикул"": ""VG6400-00EP0250"", ""Строительная длина"": ""70 мм""}"
gate_valve,1019,Задвижка шиберная односторонняя нерж VG6400-00EP Ду 300 Ру7 межфл со штурвалом уплотнение: EPDM Tecofi VG6400-00EP0300,109-1789,VG6400-00EP0300,,Tecofi,VG6400-00EP,,,,односторонняя,,7,межфланцевое,,,нерж,,,,"вода, целлюлоза",Водоотведение,Франция,"Внешний вид изделия и количество присоединительных отверстий зависит от Ду, Pу и может отличаться от представленного на фото",4,22,1,https://www.santech.ru/catalog/317/332/i14981/,"{""Номенклатурный номер"": ""109-1789"", ""Бренд"": ""Tecofi"", ""Описание"": ""Внешний вид изделия и количество присоединительных отверстий зависит от Ду, Pу и может отличаться от представленного на фото"", ""Инженерная система"": ""Водоотведение"", ""Вид"": ""односторонняя"", ""Конструкция шпинделя"": ""выдвижной"", ""Модель"": ""VG6400-00EP"", ""Материал"": ""нерж"", ""Рабочая среда"": ""вода, целлюлоза"", ""Тип присоединения"": ""межфланцевое"", ""Седловое уплотнение"": ""уплотнение: EPDM"", ""Нож"": ""нерж. сталь X5CrNiMo 17-12-2"", ""Масса нетто"": ""61 кг"", ""Страна происхождения"": ""Франция"", ""Диаметр"": ""Ду 300"", ""Максимальное рабочее давление, бар"": ""Ру7"", ""Номинальное давление фланцев, бар"": ""10"", ""Артикул"": ""VG6400-00EP0300"", ""Строительная длина"": ""70 мм""}"
gate_valve,1020,Задвижка шиберная односторонняя нерж VG6400-00EP Ду 350 Ру7 межфл со штурвалом уплотнение: EPDM Tecofi VG6400-00EP0350,109-1790,VG6400-00EP0350,,Tecofi,VG6400-00EP,,,,односторонняя,,7,межфланцевое,,,нерж,,,,"вода, целлюлоза",Водоотведение,Франция,"Внешний вид изделия и количество присоединительных отверстий зависит от Ду, Pу и может отличаться от представленного на фото",4,22,1,https://www.santech.ru/catalog/317/332/i14981/,"{""Номенклатурный номер"": ""109-1790"", ""Бренд"": ""Tecofi"", ""Описание"": ""Внешний вид изделия и количество присоединительных отверстий зависит от Ду, Pу и может отличаться от представленного на фото"", ""Инженерная система"": ""Водоотведение"", ""Вид"": ""односторонняя"", ""Конструкция шпинделя"": ""выдвижной"", ""Модель"": ""VG6400-00EP"", ""Материал"": ""нерж"", ""Рабочая среда"": ""вода, целлюлоза"", ""Тип присоединения"": ""межфланцевое"", ""Седловое уплотнение"": ""уплотнение: EPDM"", ""Нож"": ""нерж. сталь X5CrNiMo 17-12-2"", ""Масса нетто"": ""117 кг"", ""Страна происхождения"": ""Франция"", ""Диаметр"": ""Ду 350"", ""Максимальное рабочее давление, бар"": ""Ру7"", ""Номинальное давление фланцев, бар"": ""10"", ""Артикул"": ""VG6400-00EP0350"", ""Строительная длина"": ""96 мм""}"
gate_valve,1021,Задвижка шиберная односторонняя нерж VG6400-00EP Ду 400 Ру7 межфл со штурвалом уплотнение: EPDM Tecofi VG6400-00EP0400,109-1791,VG6400-00EP0400,,Tecofi,VG6400-00EP,,,,односторонняя,,7,межфланцевое,,,нерж,,,,"вода, целлюлоза",Водоотведение,Франция,"Внешний вид изделия и количество присоединительных отверстий зависит от Ду, Pу и может отличаться от представленного на фото",4,22,1,https://www.santech.ru/catalog/317/332/i14981/,"{""Номенклатурный номер"": ""109-1791"", ""Бренд"": ""Tecofi"", ""Описание"": ""Внешний вид изделия и количество присоединительных отверстий зависит от Ду, Pу и может отличаться от представленного на фото"", ""Инженерная система"": ""Водоотведение"", ""Вид"": ""односторонняя"", ""Конструкция шпинделя"": ""выдвижной"", ""Модель"": ""VG6400-00EP"", ""Материал"": ""нерж"", ""Рабочая среда"": ""вода, целлюлоза"", ""Тип присоединения"": ""межфланцевое"", ""Седловое уплотнение"": ""уплотнение: EPDM"", ""Нож"": ""нерж. сталь X5CrNiMo 17-12-2"", ""Масса нетто"": ""151 кг"", ""Страна происхождения"": ""Франция"", ""Диаметр"": ""Ду 400"", ""Максимальное рабочее давление, бар"": ""Ру7"", ""Номинальное давление фланцев, бар"": ""10"", ""Артикул"": ""VG6400-00EP0400"", ""Строительная длина"": ""100 мм""}"
gate_valve,1022,Задвижка шиберная односторонняя нерж VG6400-00EP Ду 450 Ру7 межфл со штурвалом уплотнение: EPDM Tecofi VG6400-00EP0450,109-1792,VG6400-00EP0450,,Tecofi,VG6400-00EP,,,,односторонняя,,7,межфланцевое,,,нерж,,,,"вода, целлюлоза",Водоотведение,Франция,"Внешний вид изделия и количество присоединительных отверстий зависит от Ду, Pу и может отличаться от представленного на фото",4,22,1,https://www.santech.ru/catalog/317/332/i14981/,"{""Номенклатурный номер"": ""109-1792"", ""Бренд"": ""Tecofi"", ""Описание"": ""Внешний вид изделия и количество присоединительных отверстий зависит от Ду, Pу и может отличаться от представленного на фото"", ""Инженерная система"": ""Водоотведение"", ""Вид"": ""односторонняя"", ""Конструкция шпинделя"": ""выдвижной"", ""Модель"": ""VG6400-00EP"", ""Материал"": ""нерж"", ""Рабочая среда"": ""вода, целлюлоза"", ""Тип присоединения"": ""межфланцевое"", ""Седловое уплотнение"": ""уплотнение: EPDM"", ""Нож"": ""нерж. сталь X5CrNiMo 17-12-2"", ""Масса нетто"": ""187 кг"", ""Страна происхождения"": ""Франция"", ""Диаметр"": ""Ду 450"", ""Максимальное рабочее давление, бар"": ""Ру7"", ""Номинальное давление фланцев, бар"": ""10"", ""Артикул"": ""VG6400-00EP0450"", ""Строительная длина"": ""106 мм""}"
gate_valve,1023,Задвижка шиберная односторонняя нерж VG6400-00EP Ду 500 Ру4 межфл со штурвалом уплотнение: EPDM Tecofi VG6400-00EP0500,109-1793,VG6400-00EP0500,,Tecofi,VG6400-00EP,,,,односторонняя,,4,межфланцевое,,,нерж,,,,"вода, целлюлоза",Водоотведение,Франция,"Внешний вид изделия и количество присоединительных отверстий зависит от Ду, Pу и может отличаться от представленного на фото",4,22,1,https://www.santech.ru/catalog/317/332/i14981/,"{""Номенклатурный номер"": ""109-1793"", ""Бренд"": ""Tecofi"", ""Описание"": ""Внешний вид изделия и количество присоединительных отверстий зависит от Ду, Pу и может отличаться от представленного на фото"", ""Инженерная система"": ""Водоотведение"", ""Вид"": ""односторонняя"", ""Конструкция шпинделя"": ""выдвижной"", ""Модель"": ""VG6400-00EP"", ""Материал"": ""нерж"", ""Рабочая среда"": ""вода, целлюлоза"", ""Тип присоединения"": ""межфланцевое"", ""Седловое уплотнение"": ""уплотнение: EPDM"", ""Нож"": ""нерж. сталь X5CrNiMo 17-12-2"", ""Масса нетто"": ""205 кг"", ""Страна происхождения"": ""Франция"", ""Диаметр"": ""Ду 500"", ""Максимальное рабочее давление, бар"": ""Ру4"", ""Номинальное давление фланцев, бар"": ""10"", ""Артикул"": ""VG6400-00EP0500"", ""Строительная длина"": ""110 мм""}"
gate_valve,1024,Задвижка шиберная односторонняя нерж VG6400-00EP Ду 600 Ру4 межфл со штурвалом уплотнение: EPDM Tecofi VG6400-00EP0600,109-1794,VG6400-00EP0600,,Tecofi,VG6400-00EP,,,,односторонняя,,4,межфланцевое,,,нерж,,,,"вода, целлюлоза",Водоотведение,Франция,"Внешний вид изделия и количество присоединительных отверстий зависит от Ду, Pу и может отличаться от представленного на фото",4,22,1,https://www.santech.ru/catalog/317/332/i14981/,"{""Номенклатурный номер"": ""109-1794"", ""Бренд"": ""Tecofi"", ""Описание"": ""Внешний вид изделия и количество присоединительных отверстий зависит от Ду, Pу и может отличаться от представленного на фото"", ""Инженерная система"": ""Водоотведение"", ""Вид"": ""односторонняя"", ""Конструкция шпинделя"": ""выдвижной"", ""Модель"": ""VG6400-00EP"", ""Материал"": ""нерж"", ""Рабочая среда"": ""вода, целлюлоза"", ""Тип присоединения"": ""межфланцевое"", ""Седловое уплотнение"": ""уплотнение: EPDM"", ""Нож"": ""нерж. сталь X5CrNiMo 17-12-2"", ""Масса нетто"": ""292 кг"", ""Страна происхождения"": ""Франция"", ""Диаметр"": ""Ду 600"", ""Максимальное рабочее давление, бар"": ""Ру4"", ""Номинальное давление фланцев, бар"": ""10"", ""Артикул"": ""VG6400-00EP0600"", ""Строительная длина"": ""110 мм""}"
gate_valve,1025,Задвижка шиберная односторонняя нерж VG6400-004EP Ду 100 Ру10 межфл под электропривод ISO F07/F10 уплотнение: EPDM Tecofi VG6400-004EP0100,007-4752,VG6400-004EP0100,,Tecofi,VG6400-004EP,,,,односторонняя,,10,межфланцевое,,,нерж,,,,"вода, порошок",Водоотведение,Франция,"Внешний вид изделия и количество присоединительных отверстий зависит от Ду, Pу и может отличаться от представленного на фото",4,22,1,https://www.santech.ru/catalog/317/332/i14982/,"{""Номенклатурный номер"": ""007-4752"", ""Бренд"": ""Tecofi"", ""Описание"": ""Внешний вид изделия и количество присоединительных отверстий зависит от Ду, Pу и может отличаться от представленного на фото"", ""Инженерная система"": ""Водоотведение"", ""Вид"": ""односторонняя"", ""Конструкция шпинделя"": ""выдвижной"", ""Модель"": ""VG6400-004EP"", ""Материал"": ""нерж"", ""Рабочая среда"": ""вода, порошок"", ""Тип присоединения"": ""межфланцевое"", ""Седловое уплотнение"": ""уплотнение: EPDM"", ""Нож"": ""нерж. сталь X5CrNiMo 17-12-2"", ""Масса нетто"": ""10 кг"", ""Страна происхождения"": ""Франция"", ""Температура рабочей среды"": ""от -10 до +130 oC"", ""Область применения"": ""Используются в системах водоподготовки и очистки сточных вод в качестве запорной арматуры"", ""Гарантия"": ""14 месяцев"", ""Гарантия производителя"": ""14 месяцев"", ""Срок службы"": ""5 лет"", ""Диаметр"": ""Ду 100"", ""Максимальное рабочее давление, бар"": ""Ру10"", ""Номинальное давление фланцев, бар"": ""10"", ""Тип присоединения привода ISO"": ""ISO F07/F10"", ""Размер штока"": ""Tr 20 x 4 левая"", ""Крутящий момент"": ""26 Н*м"", ""Артикул"": ""VG6400-004EP0100"", ""Строительная длина"": ""50 мм""}"
gate_valve,1026,Задвижка шиберная односторонняя нерж VG6400-004EP Ду 150 Ру10 межфл под электропривод ISO F07/F10 уплотнение: EPDM Tecofi VG6400-004EP0150,007-4672,VG6400-004EP0150,,Tecofi,VG6400-004EP,,,,односторонняя,,10,межфланцевое,,,нерж,,,,"вода, порошок",Водоотведение,Франция,"Внешний вид изделия и количество присоединительных отверстий зависит от Ду, Pу и может отличаться от представленного на фото",4,22,1,https://www.santech.ru/catalog/317/332/i14982/,"{""Номенклатурный номер"": ""007-4672"", ""Бренд"": ""Tecofi"", ""Описание"": ""Внешний вид изделия и количество присоединительных отверстий зависит от Ду, Pу и может отличаться от представленного на фото"", ""Инженерная система"": ""Водоотведение"", ""Вид"": ""односторонняя"", ""Конструкция шпинделя"": ""выдвижной"", ""Модель"": ""VG6400-004EP"", ""Материал"": ""нерж"", ""Рабочая среда"": ""вода, порошок"", ""Тип присоединения"": ""межфланцевое"", ""Седловое уплотнение"": ""уплотнение: EPDM"", ""Нож"": ""нерж. сталь X5CrNiMo 17-12-2"", ""Масса нетто"": ""19 кг"", ""Страна происхождения"": ""Франция"", ""Температура рабочей среды"": ""от -10 до +130 oC"", ""Область применения"": ""Используются в системах водоподготовки и очистки сточных вод в качестве запорной арматуры"", ""Гарантия"": ""14 месяцев"", ""Гарантия производителя"": ""14 месяцев"", ""Срок службы"": ""5 лет"", ""Диаметр"": ""Ду 150"", ""Максимальное рабочее давление, бар"": ""Ру10"", ""Номинальное давление фланцев, бар"": ""10"", ""Тип присоединения привода ISO"": ""ISO F07/F10"", ""Размер штока"": ""Tr 20 x 4 левая"", ""Крутящий момент"": ""29.9 Н*м"", ""Артикул"": ""VG6400-004EP0150"", ""Строительная длина"": ""60 мм""}"
gate_valve,1027,Задвижка шиберная односторонняя нерж VG6400-004EP Ду 250 Ру10 межфл под электропривод ISO F10 уплотнение: EPDM Tecofi VG6400-004EP0250,007-4673,VG6400-004EP0250,,Tecofi,VG6400-004EP,,,,односторонняя,,10,межфланцевое,,,нерж,,,,"вода, порошок",Водоотведение,Франция,"Внешний вид изделия и количество присоединительных отверстий зависит от Ду, Pу и может отличаться от представленного на фото",4,22,1,https://www.santech.ru/catalog/317/332/i14982/,"{""Номенклатурный номер"": ""007-4673"", ""Бренд"": ""Tecofi"", ""Описание"": ""Внешний вид изделия и количество присоединительных отверстий зависит от Ду, Pу и может отличаться от представленного на фото"", ""Инженерная система"": ""Водоотведение"", ""Вид"": ""односторонняя"", ""Конструкция шпинделя"": ""выдвижной"", ""Модель"": ""VG6400-004EP"", ""Материал"": ""нерж"", ""Рабочая среда"": ""вода, порошок"", ""Тип присоединения"": ""межфланцевое"", ""Седловое уплотнение"": ""уплотнение: EPDM"", ""Нож"": ""нерж. сталь X5CrNiMo 17-12-2"", ""Масса нетто"": ""47 кг"", ""Страна происхождения"": ""Франция"", ""Температура рабочей среды"": ""от -10 до +130 oC"", ""Область применения"": ""Используются в системах водоподготовки и очистки сточных вод в качестве запорной арматуры"", ""Гарантия"": ""14 месяцев"", ""Гарантия производителя"": ""14 месяцев"", ""Срок службы"": ""5 лет"", ""Диаметр"": ""Ду 250"", ""Максимальное рабочее давление, бар"": ""Ру10"", ""Номинальное давление фланцев, бар"": ""10"", ""Тип присоединения привода ISO"": ""ISO F10"", ""Размер штока"": ""Tr 25 x 5 левая"", ""Крутящий момент"": ""72.8 Н*м"", ""Артикул"": ""VG6400-004EP0250"", ""Строительная длина"": ""70 мм""}"
gate_valve,1028,Задвижка шиберная односторонняя нерж VG6400-004EP Ду 50 Ру10 межфл под электропривод ISO F07/F10 уплотнение: EPDM Tecofi VG6400-004EP0050,007-8367,VG6400-004EP0050,,Tecofi,VG6400-004EP,,,,односторонняя,,10,межфланцевое,,,нерж,,,,"вода, порошок",Водоотведение,Франция,"Внешний вид изделия и количество присоединительных отверстий зависит от Ду, Pу и может отличаться от представленного на фото",4,22,1,https://www.santech.ru/catalog/317/332/i14982/,"{""Номенклатурный номер"": ""007-8367"", ""Бренд"": ""Tecofi"", ""Описание"": ""Внешний вид изделия и количество присоединительных отверстий зависит от Ду, Pу и может отличаться от представленного на фото"", ""Инженерная система"": ""Водоотведение"", ""Вид"": ""односторонняя"", ""Конструкция шпинделя"": ""выдвижной"", ""Модель"": ""VG6400-004EP"", ""Материал"": ""нерж"", ""Рабочая среда"": ""вода, порошок"", ""Тип присоединения"": ""межфланцевое"", ""Седловое уплотнение"": ""уплотнение: EPDM"", ""Нож"": ""нерж. сталь X5CrNiMo 17-12-2"", ""Масса нетто"": ""6 кг"", ""Страна происхождения"": ""Франция"", ""Температура рабочей среды"": ""от -10 до +130 oC"", ""Область применения"": ""Используются в системах водоподготовки и очистки сточных вод в качестве запорной арматуры"", ""Гарантия"": ""14 месяцев"", ""Гарантия производителя"": ""14 месяцев"", ""Срок службы"": ""5 лет"", ""Диаметр"": ""Ду 50"", ""Максимальное рабочее давление, бар"": ""Ру10"", ""Номинальное давление фланцев, бар"": ""10"", ""Тип присоединения привода ISO"": ""ISO F07/F10"", ""Размер штока"": ""Tr 20 x 4 левая"", ""Крутящий момент"": ""13 Н*м"", ""Артикул"": ""VG6400-004EP0050"", ""Строительная длина"": ""40 мм""}"
gate_valve,1029,Задвижка шиберная односторонняя нерж VG6400-004EP Ду 65 Ру10 межфл под электропривод ISO F07/F10 уплотнение: EPDM Tecofi VG6400-004EP0065,007-8368,VG6400-004EP0065,,Tecofi,VG6400-004EP,,,,односторонняя,,10,межфланцевое,,,нерж,,,,"вода, порошок",Водоотведение,Франция,"Внешний вид изделия и количество присоединительных отверстий зависит от Ду, Pу и может отличаться от представленного на фото",4,22,1,https://www.santech.ru/catalog/317/332/i14982/,"{""Номенклатурный номер"": ""007-8368"", ""Бренд"": ""Tecofi"", ""Описание"": ""Внешний вид изделия и количество присоединительных отверстий зависит от Ду, Pу и может отличаться от представленного на фото"", ""Инженерная система"": ""Водоотведение"", ""Вид"": ""односторонняя"", ""Конструкция шпинделя"": ""выдвижной"", ""Модель"": ""VG6400-004EP"", ""Материал"": ""нерж"", ""Рабочая среда"": ""вода, порошок"", ""Тип присоединения"": ""межфланцевое"", ""Седловое уплотнение"": ""уплотнение: EPDM"", ""Нож"": ""нерж. сталь X5CrNiMo 17-12-2"", ""Масса нетто"": ""8 кг"", ""Страна происхождения"": ""Франция"", ""Температура рабочей среды"": ""от -10 до +130 oC"", ""Область применения"": ""Используются в системах водоподготовки и очистки сточных вод в качестве запорной арматуры"", ""Гарантия"": ""14 месяцев"", ""Гарантия производителя"": ""14 месяцев"", ""Срок службы"": ""5 лет"", ""Диаметр"": ""Ду 65"", ""Максимальное рабочее давление, бар"": ""Ру10"", ""Номинальное давление фланцев, бар"": ""10"", ""Тип присоединения привода ISO"": ""ISO F07/F10"", ""Размер штока"": ""Tr 20 x 4 левая"", ""Крутящий момент"": ""15.6 Н*м"", ""Артикул"": ""VG6400-004EP0065"", ""Строительная длина"": ""40 мм""}"
gate_valve,1030,Задвижка шиберная односторонняя нерж VG6400-004EP Ду 80 Ру10 межфл под электропривод ISO F07/F10 уплотнение: EPDM Tecofi VG6400-004EP0080,007-8369,VG6400-004EP0080,,Tecofi,VG6400-004EP,,,,односторонняя,,10,межфланцевое,,,нерж,,,,"вода, порошок",Водоотведение,Франция,"Внешний вид изделия и количество присоединительных отверстий зависит от Ду, Pу и может отличаться от представленного на фото",4,22,1,https://www.santech.ru/catalog/317/332/i14982/,"{""Номенклатурный номер"": ""007-8369"", ""Бренд"": ""Tecofi"", ""Описание"": ""Внешний вид изделия и количество присоединительных отверстий зависит от Ду, Pу и может отличаться от представленного на фото"", ""Инженерная система"": ""Водоотведение"", ""Вид"": ""односторонняя"", ""Конструкция шпинделя"": ""выдвижной"", ""Модель"": ""VG6400-004EP"", ""Материал"": ""нерж"", ""Рабочая среда"": ""вода, порошок"", ""Тип присоединения"": ""межфланцевое"", ""Седловое уплотнение"": ""уплотнение: EPDM"", ""Нож"": ""нерж. сталь X5CrNiMo 17-12-2"", ""Масса нетто"": ""9 кг"", ""Страна происхождения"": ""Франция"", ""Температура рабочей среды"": ""от -10 до +130 oC"", ""Область применения"": ""Используются в системах водоподготовки и очистки сточных вод в качестве запорной арматуры"", ""Гарантия"": ""14 месяцев"", ""Гарантия производителя"": ""14 месяцев"", ""Срок службы"": ""5 лет"", ""Диаметр"": ""Ду 80"", ""Максимальное рабочее давление, бар"": ""Ру10"", ""Номинальное давление фланцев, бар"": ""10"", ""Тип присоединения привода ISO"": ""ISO F07/F10"", ""Размер штока"": ""Tr 20 x 4 левая"", ""Крутящий момент"": ""27.3 Н*м"", ""Артикул"": ""VG6400-004EP0080"", ""Строительная длина"": ""50 мм""}"
gate_valve,1031,Задвижка шиберная односторонняя нерж VG6400-004EP Ду 125 Ру10 межфл под электропривод ISO F07/F10 уплотнение: EPDM Tecofi VG6400-004EP0125,007-8370,VG6400-004EP0125,,Tecofi,VG6400-004EP,,,,односторонняя,,10,межфланцевое,,,нерж,,,,"вода, порошок",Водоотведение,Франция,"Внешний вид изделия и количество присоединительных отверстий зависит от Ду, Pу и может отличаться от представленного на фото",4,22,1,https://www.santech.ru/catalog/317/332/i14982/,"{""Номенклатурный номер"": ""007-8370"", ""Бренд"": ""Tecofi"", ""Описание"": ""Внешний вид изделия и количество присоединительных отверстий зависит от Ду, Pу и может отличаться от представленного на фото"", ""Инженерная система"": ""Водоотведение"", ""Вид"": ""односторонняя"", ""Конструкция шпинделя"": ""выдвижной"", ""Модель"": ""VG6400-004EP"", ""Материал"": ""нерж"", ""Рабочая среда"": ""вода, порошок"", ""Тип присоединения"": ""межфланцевое"", ""Седловое уплотнение"": ""уплотнение: EPDM"", ""Нож"": ""нерж. сталь X5CrNiMo 17-12-2"", ""Масса нетто"": ""15 кг"", ""Страна происхождения"": ""Франция"", ""Температура рабочей среды"": ""от -10 до +130 oC"", ""Область применения"": ""Используются в системах водоподготовки и очистки сточных вод в качестве запорной арматуры"", ""Гарантия"": ""14 месяцев"", ""Гарантия производителя"": ""14 месяцев"", ""Срок службы"": ""5 лет"", ""Диаметр"": ""Ду 125"", ""Максимальное рабочее давление, бар"": ""Ру10"", ""Номинальное давление фланцев, бар"": ""10"", ""Тип присоединения привода ISO"": ""ISO F07/F10"", ""Размер штока"": ""Tr 20 x 4 левая"", ""Крутящий момент"": ""37.7 Н*м"", ""Артикул"": ""VG6400-004EP0125"", ""Строительная длина"": ""50 мм""}"
gate_valve,1032,Задвижка шиберная односторонняя нерж VG6400-004EP Ду 350 Ру7 межфл под электропривод ISO F10/F14 уплотнение: EPDM Tecofi VG6400-004EP0350,007-8371,VG6400-004EP0350,,Tecofi,VG6400-004EP,,,,односторонняя,,7,межфланцевое,,,нерж,,,,"вода, порошок",Водоотведение,Франция,"Внешний вид изделия и количество присоединительных отверстий зависит от Ду, Pу и может отличаться от представленного на фото",4,22,1,https://www.santech.ru/catalog/317/332/i14982/,"{""Номенклатурный номер"": ""007-8371"", ""Бренд"": ""Tecofi"", ""Описание"": ""Внешний вид изделия и количество присоединительных отверстий зависит от Ду, Pу и может отличаться от представленного на фото"", ""Инженерная система"": ""Водоотведение"", ""Вид"": ""односторонняя"", ""Конструкция шпинделя"": ""выдвижной"", ""Модель"": ""VG6400-004EP"", ""Материал"": ""нерж"", ""Рабочая среда"": ""вода, порошок"", ""Тип присоединения"": ""межфланцевое"", ""Седловое уплотнение"": ""уплотнение: EPDM"", ""Нож"": ""нерж. сталь X5CrNiMo 17-12-2"", ""Масса нетто"": ""107 кг"", ""Страна происхождения"": ""Франция"", ""Температура рабочей среды"": ""от -10 до +130 oC"", ""Область применения"": ""Используются в системах водоподготовки и очистки сточных вод в качестве запорной арматуры"", ""Гарантия"": ""14 месяцев"", ""Гарантия производителя"": ""14 месяцев"", ""Срок службы"": ""5 лет"", ""Диаметр"": ""Ду 350"", ""Максимальное рабочее давление, бар"": ""Ру7"", ""Номинальное давление фланцев, бар"": ""10"", ""Тип присоединения привода ISO"": ""ISO F10/F14"", ""Размер штока"": ""Tr 35 x 6 левая"", ""Крутящий момент"": ""91 Н*м"", ""Артикул"": ""VG6400-004EP0350"", ""Строительная длина"": ""96 мм""}"
gate_valve,1033,Задвижка шиберная односторонняя нерж VG6400-004EP Ду 450 Ру7 межфл под электропривод ISO F10/F14 уплотнение: EPDM Tecofi VG6400-004EP0450,007-8372,VG6400-004EP0450,,Tecofi,VG6400-004EP,,,,односторонняя,,7,межфланцевое,,,нерж,,,,"вода, порошок",Водоотведение,Франция,"Внешний вид изделия и количество присоединительных отверстий зависит от Ду, Pу и может отличаться от представленного на фото",4,22,1,https://www.santech.ru/catalog/317/332/i14982/,"{""Номенклатурный номер"": ""007-8372"", ""Бренд"": ""Tecofi"", ""Описание"": ""Внешний вид изделия и количество присоединительных отверстий зависит от Ду, Pу и может отличаться от представленного на фото"", ""Инженерная система"": ""Водоотведение"", ""Вид"": ""односторонняя"", ""Конструкция шпинделя"": ""выдвижной"", ""Модель"": ""VG6400-004EP"", ""Материал"": ""нерж"", ""Рабочая среда"": ""вода, порошок"", ""Тип присоединения"": ""межфланцевое"", ""Седловое уплотнение"": ""уплотнение: EPDM"", ""Нож"": ""нерж. сталь X5CrNiMo 17-12-2"", ""Масса нетто"": ""177 кг"", ""Страна происхождения"": ""Франция"", ""Температура рабочей среды"": ""от -10 до +130 oC"", ""Область применения"": ""Используются в системах водоподготовки и очистки сточных вод в качестве запорной арматуры"", ""Гарантия"": ""14 месяцев"", ""Гарантия производителя"": ""14 месяцев"", ""Срок службы"": ""5 лет"", ""Диаметр"": ""Ду 450"", ""Максимальное рабочее давление, бар"": ""Ру7"", ""Номинальное давление фланцев, бар"": ""10"", ""Тип присоединения привода ISO"": ""ISO F10/F14"", ""Размер штока"": ""Tr 35 x 6 левая"", ""Крутящий момент"": ""149.5 Н*м"", ""Артикул"": ""VG6400-004EP0450"", ""Строительная длина"": ""106 мм""}"
gate_valve,1034,Задвижка шиберная односторонняя нерж VG6400-004EP Ду 500 Ру6 межфл под электропривод ISO F10/F14 уплотнение: EPDM Tecofi VG6400-004EP0500,007-8373,VG6400-004EP0500,,Tecofi,VG6400-004EP,,,,односторонняя,,6,межфланцевое,,,нерж,,,,"вода, порошок",Водоотведение,Франция,"Внешний вид изделия и количество присоединительных отверстий зависит от Ду, Pу и может отличаться от представленного на фото",4,22,1,https://www.santech.ru/catalog/317/332/i14982/,"{""Номенклатурный номер"": ""007-8373"", ""Бренд"": ""Tecofi"", ""Описание"": ""Внешний вид изделия и количество присоединительных отверстий зависит от Ду, Pу и может отличаться от представленного на фото"", ""Инженерная система"": ""Водоотведение"", ""Вид"": ""односторонняя"", ""Конструкция шпинделя"": ""выдвижной"", ""Модель"": ""VG6400-004EP"", ""Материал"": ""нерж"", ""Рабочая среда"": ""вода, порошок"", ""Тип присоединения"": ""межфланцевое"", ""Седловое уплотнение"": ""уплотнение: EPDM"", ""Нож"": ""нерж. сталь X5CrNiMo 17-12-2"", ""Масса нетто"": ""212 кг"", ""Страна происхождения"": ""Франция"", ""Температура рабочей среды"": ""от -10 до +130 oC"", ""Область применения"": ""Используются в системах водоподготовки и очистки сточных вод в качестве запорной арматуры"", ""Гарантия"": ""14 месяцев"", ""Гарантия производителя"": ""14 месяцев"", ""Срок службы"": ""5 лет"", ""Диаметр"": ""Ду 500"", ""Максимальное рабочее давление, бар"": ""Ру6"", ""Номинальное давление фланцев, бар"": ""10"", ""Тип присоединения привода ISO"": ""ISO F10/F14"", ""Размер штока"": ""Tr 35 x 6 левая"", ""Крутящий момент"": ""143 Н*м"", ""Артикул"": ""VG6400-004EP0500"", ""Строительная длина"": ""110 мм""}"
gate_valve,1035,Задвижка шиберная односторонняя нерж VG6400-004EP Ду 600 Ру6 межфл под электропривод ISO F10/F14 уплотнение: EPDM Tecofi VG6400-004EP0600,007-8374,VG6400-004EP0600,,Tecofi,VG6400-004EP,,,,односторонняя,,6,межфланцевое,,,нерж,,,,"вода, порошок",Водоотведение,Франция,"Внешний вид изделия и количество присоединительных отверстий зависит от Ду, Pу и может отличаться от представленного на фото",4,22,1,https://www.santech.ru/catalog/317/332/i14982/,"{""Номенклатурный номер"": ""007-8374"", ""Бренд"": ""Tecofi"", ""Описание"": ""Внешний вид изделия и количество присоединительных отверстий зависит от Ду, Pу и может отличаться от представленного на фото"", ""Инженерная система"": ""Водоотведение"", ""Вид"": ""односторонняя"", ""Конструкция шпинделя"": ""выдвижной"", ""Модель"": ""VG6400-004EP"", ""Материал"": ""нерж"", ""Рабочая среда"": ""вода, порошок"", ""Тип присоединения"": ""межфланцевое"", ""Седловое уплотнение"": ""уплотнение: EPDM"", ""Нож"": ""нерж. сталь X5CrNiMo 17-12-2"", ""Масса нетто"": ""258 кг"", ""Страна происхождения"": ""Франция"", ""Температура рабочей среды"": ""от -10 до +130 oC"", ""Область применения"": ""Используются в системах водоподготовки и очистки сточных вод в качестве запорной арматуры"", ""Гарантия"": ""14 месяцев"", ""Гарантия производителя"": ""14 месяцев"", ""Срок службы"": ""5 лет"", ""Диаметр"": ""Ду 600"", ""Максимальное рабочее давление, бар"": ""Ру6"", ""Номинальное давление фланцев, бар"": ""10"", ""Тип присоединения привода ISO"": ""ISO F10/F14"", ""Размер штока"": ""Tr 35 x 6 левая"", ""Крутящий момент"": ""175.5 Н*м"", ""Артикул"": ""VG6400-004EP0600"", ""Строительная длина"": ""110 мм""}"
gate_valve,1036,Задвижка шиберная односторонняя нерж VG6400-004EP Ду 300 Ру10 межфл под электропривод ISO F10 уплотнение: EPDM Tecofi VG6400-004EP0300,107-6152,VG6400-004EP0300,,Tecofi,VG6400-004EP,,,,односторонняя,,10,межфланцевое,,,нерж,,,,"вода, порошок",Водоотведение,Франция,"Внешний вид изделия и количество присоединительных отверстий зависит от Ду, Pу и может отличаться от представленного на фото",4,22,1,https://www.santech.ru/catalog/317/332/i14982/,"{""Номенклатурный номер"": ""107-6152"", ""Бренд"": ""Tecofi"", ""Описание"": ""Внешний вид изделия и количество присоединительных отверстий зависит от Ду, Pу и может отличаться от представленного на фото"", ""Инженерная система"": ""Водоотведение"", ""Вид"": ""односторонняя"", ""Конструкция шпинделя"": ""выдвижной"", ""Модель"": ""VG6400-004EP"", ""Материал"": ""нерж"", ""Рабочая среда"": ""вода, порошок"", ""Тип присоединения"": ""межфланцевое"", ""Седловое уплотнение"": ""уплотнение: EPDM"", ""Нож"": ""нерж. сталь X5CrNiMo 17-12-2"", ""Масса нетто"": ""29.5 кг"", ""Страна происхождения"": ""Франция"", ""Область применения"": ""Используются в системах водоподготовки и очистки сточных вод в качестве запорной арматуры"", ""Диаметр"": ""Ду 300"", ""Максимальное рабочее давление, бар"": ""Ру10"", ""Номинальное давление фланцев, бар"": ""10"", ""Тип присоединения привода ISO"": ""ISO F10"", ""Размер штока"": ""Tr 25 x 5 левая"", ""Крутящий момент"": ""54.6 Н*м"", ""Артикул"": ""VG6400-004EP0300"", ""Строительная длина"": ""60 мм""}"
gearbox,1280669,Редуктор давления(арт.VF.086.N.012),VF.086.N.012,,,,,,,,,15,,,,,,,,,,,,,3,55,1,https://valfex.ru/catalog/armatura-bezopasnosti/reduktor-davleniya/,"{""Присоединительная резьба, дюйм"": ""1/2\"""", ""Количество (упак./пакет), шт"": ""80/1"", ""Назначение:"": ""предназначен для регулируемого снижения давления транспортируемой среды в сетях холодного и горячего водоснабжения, пневмопроводах сжатого воздуха, а также на технологических трубопроводах, транспортирующих жидкости, неагрессивные к материалам изделия"", ""Температура рабочей среды, °C:"": ""от 5 до 80"", ""Максимальное давление, бар:"": ""16"", ""Диапазон регулирования давления, бар:"": ""1 - 5,5"", ""categories"": []}"
gearbox,1280670,Редуктор давления(арт.VF.086.N.034),VF.086.N.034,,,,,,,,,20,,,,,,,,,,,,,3,55,1,https://valfex.ru/catalog/armatura-bezopasnosti/reduktor-davleniya/,"{""Присоединительная резьба, дюйм"": ""3/4\"""", ""Количество (упак./пакет), шт"": ""80/1"", ""Назначение:"": ""предназначен для регулируемого снижения давления транспортируемой среды в сетях холодного и горячего водоснабжения, пневмопроводах сжатого воздуха, а также на технологических трубопроводах, транспортирующих жидкости, неагрессивные к материалам изделия"", ""Температура рабочей среды, °C:"": ""от 5 до 80"", ""Максимальное давление, бар:"": ""16"", ""Диапазон регулирования давления, бар:"": ""1 - 5,5"", ""categories"": []}"
gearbox,1287091,Редуктор давления под манометр (компактный) 1/2'',BL2802std,,,TIM,,,,редуктор давления,,,,муфтовый (НР/НР),,,латунь,,рукоятка,,,,,,8,260,,https://tim-com.ru/katalog-tim/komplektuyuschie-otopleniya/reduktor-davleniya-pod-manometr-kompaktnyy-1-2,"{""Производитель"": ""TIM"", ""Тип"": ""редуктор давления"", ""Тип открытия/закрытия клапана"": ""ручной"", ""Материал корпуса"": ""латунь"", ""Тип присоединения"": ""муфтовый (НР/НР)"", ""Управление"": ""рукоятка"", ""Условное давление"": ""16бар"", ""Диаметр"": ""Ду 15 (1/2\"")"", ""Минимальное давление настройки клапана"": ""1.5МПа"", ""Максимальное давление настройки клапана"": ""6МПа"", ""Опции"": ""измерительные штуцеры"", ""Температура минимальная"": ""2°C"", ""Температура максимальная"": ""70°C"", ""Строительная высота"": ""150мм""}"
gearbox,1287237,"Редуктор давления с манометром, 3/4 НР-ВР ZS",ZSr.701.0105N,,,ZEISSLER,,,,,,,,,,,,,,,,,,,5,268,,https://tim-com.ru/katalog-tim/komplektuyuschie-dlya-kollektornyh-grupp/reduktor-davl-vody-v-sis-vodosnabj-s-manometrom-prisoedinenie-vr---amerikanki-3-4zeissler,"{""Производитель"": ""ZEISSLER""}"
gearbox,1287612,"Червячный редуктор для затвора DN200, Ридан 082X4474R",а2349,082X4474R,082X4474R,,,Не указано,,Редуктор,,200,,,,,,,,,,,Китай,,4,21,1,https://lunda.ru/catalog/category/c13080/product/reduktor-ridan_70202/item/a2349.html,"{""Код производителя"": ""082X4474R"", ""Ду, мм"": ""200"", ""Серия бренда"": ""Не указано"", ""Страна бренда"": ""Россия"", ""Страна-производитель"": ""Китай"", ""Тип"": ""Редуктор"", ""categories"": [""Дисковые поворотные затворы"", ""Комплектующие для дисковых поворотных затворов""]}"
gearbox,1287622,"Червячный редуктор для затвора DN40-150, Ридан 082X4473R",а6230,082X4473R,082X4473R,,,Не указано,,Редуктор,,40-150,,,,,,,,,,,Китай,,4,21,1,https://lunda.ru/catalog/category/c13080/product/reduktor-ridan_70202/item/a6230.html,"{""Код производителя"": ""082X4473R"", ""Ду, мм"": ""40-150"", ""Серия бренда"": ""Не указано"", ""Страна бренда"": ""Россия"", ""Страна-производитель"": ""Китай"", ""Тип"": ""Редуктор"", ""categories"": [""Дисковые поворотные затворы"", ""Комплектующие для дисковых поворотных затворов""]}"
gearbox,1288769,"Редуктор давления 1"" под манометр (горизонтальное подключение)",BL2804B,,,TIM,,,,редуктор давления,,,,муфтовый (НР/НР),,,латунь,,рукоятка,,,,,,8,260,,https://tim-com.ru/katalog-tim/komplektuyuschie-otopleniya/reduktor-davleniya-1-pod-manometr-gorizontalnoe-podklyuchenie,"{""Производитель"": ""TIM"", ""Тип"": ""редуктор давления"", ""Тип открытия/закрытия клапана"": ""ручной"", ""Материал корпуса"": ""латунь"", ""Тип присоединения"": ""муфтовый (НР/НР)"", ""Управление"": ""рукоятка"", ""Условное давление"": ""16бар"", ""Диаметр"": ""Ду 25 (1\"")"", ""Минимальное давление настройки клапана"": ""1.5МПа"", ""Максимальное давление настройки клапана"": ""6МПа"", ""Опции"": ""измерительные штуцеры"", ""Температура минимальная"": ""2°C"", ""Температура максимальная"": ""70°C"", ""Строительная высота"": ""150мм""}"
gearbox,1290406,"Редуктор снижение давления с манометром 1/2""г -1/2""г и 3/4""ш",BL6823A,,,TIM,,,,редуктор давления,,,,муфтовый (НР/НР),,,латунь,,рукоятка,,,,,,8,260,,https://tim-com.ru/katalog-tim/komplektuyuschie-otopleniya/reduktor-davleniya-s-filtrom-i-manometrom-3-4_29410,"{""Производитель"": ""TIM"", ""Тип"": ""редуктор давления"", ""Тип открытия/закрытия клапана"": ""ручной"", ""Материал корпуса"": ""латунь"", ""Тип присоединения"": ""муфтовый (НР/НР)"", ""Управление"": ""рукоятка"", ""Условное давление"": ""16бар"", ""Диаметр"": ""Ду 15 (1/2\"")"", ""Минимальное давление настройки клапана"": ""1.5МПа"", ""Максимальное давление настройки клапана"": ""6МПа"", ""Опции"": ""измерительные штуцеры"", ""Температура минимальная"": ""2°C"", ""Температура максимальная"": ""70°C"", ""Строительная высота"": ""150мм""}"
gearbox,1291321,"Редуктор давления 3/4'' диап регул: 0,5 - 7,0 бар с отв 1/4 под рад манометр РДП 21б7р",532584,,,,,,,,,3/4,,,Внутренняя,,Латунь,,,,,Водоснабжение,,,4,9,1,https://f58.ru/products/reduktor_davlenija_34_diap_regul_0_5__7_0_bar_s_otv_14_pod_rad_manometr_rdp_21b7r,"{""шт/фас/уп"": ""1/1/30"", ""Вес"": ""0.223 кг"", ""Объем"": ""0.00055 м3"", ""На складе"": ""Пенза"", ""Остаток"": """", ""Категория"": ""Редукторы давления"", ""Подкатегория"": ""Редукторы давления"", ""Диаметр резьбы, дюйм"": ""3/4"", ""Выход для манометра"": ""Да"", ""Покрытие"": ""Нет"", ""Диапозон регулирования давления, бар"": ""0,5 - 7"", ""Материал"": ""Латунь"", ""Область применения"": ""Водоснабжение"", ""Вид соединения"": ""Резьбовое"", ""Тип редуктора"": ""Поршневой"", ""Резьба"": ""Внутренняя"", ""categories"": [""Клапаны предохранительные, редукторы давления""]}"
gearbox,1291349,"Ручной редуктор ZD6N-S100, Belimo",а4223,ZD6N-S100,ZD6N-S100,,,ZDN6N-S,,Редуктор,,,,,,,Чугун,,,,,,Швейцария,,4,325,1,https://lunda.ru/catalog/category/c13080/product/reduktor-zdn6n-belimo_29668/item/a4223.html,"{""Код производителя"": ""ZD6N-S100"", ""Подходит для"": ""D650N(L), D665N(L), D680N(L), D6100N(L)"", ""Серия бренда"": ""ZDN6N-S"", ""Материал"": ""Чугун"", ""Страна бренда"": ""Швейцария"", ""Страна-производитель"": ""Швейцария"", ""Тип"": ""Редуктор"", ""categories"": [""Дисковые поворотные затворы"", ""Комплектующие для дисковых поворотных затворов""]}"
gearbox,1291365,"Ручной редуктор ZD6N-S150, Belimo",а4224,ZD6N-S150,ZD6N-S150,,,ZDN6N-S,,Редуктор,,,,,,,Чугун,,,,,,Швейцария,,4,325,1,https://lunda.ru/catalog/category/c13080/product/reduktor-zdn6n-belimo_29668/item/a4224.html,"{""Код производителя"": ""ZD6N-S150"", ""Подходит для"": ""D6125N(L), D6150N(L), D6200W(L), D6250W(L), D6300W(L)"", ""Серия бренда"": ""ZDN6N-S"", ""Материал"": ""Чугун"", ""Страна бренда"": ""Швейцария"", ""Страна-производитель"": ""Швейцария"", ""Тип"": ""Редуктор"", ""categories"": [""Дисковые поворотные затворы"", ""Комплектующие для дисковых поворотных затворов""]}"
gearbox,1291383,"Ручной редуктор ZD6N-S350, Belimo",а4225,ZD6N-S350,ZD6N-S350,,,ZDN6N-S,,Редуктор,,,,,,,Чугун,,,,,,Швейцария,,4,325,1,https://lunda.ru/catalog/category/c13080/product/reduktor-zdn6n-belimo_29668/item/a4225.html,"{""Код производителя"": ""ZD6N-S350"", ""Подходит для"": ""D6350N(L)"", ""Серия бренда"": ""ZDN6N-S"", ""Материал"": ""Чугун"", ""Страна бренда"": ""Швейцария"", ""Страна-производитель"": ""Швейцария"", ""Тип"": ""Редуктор"", ""categories"": [""Дисковые поворотные затворы"", ""Комплектующие для дисковых поворотных затворов""]}"
gearbox,1291396,"Ручной редуктор ZD6N-S400, Belimo",а4226,ZD6N-S400,ZD6N-S400,,,ZDN6N-S,,Редуктор,,,,,,,Чугун,,,,,,Швейцария,,4,325,1,https://lunda.ru/catalog/category/c13080/product/reduktor-zdn6n-belimo_29668/item/a4226.html,"{""Код производителя"": ""ZD6N-S400"", ""Подходит для"": ""D6400N(L)"", ""Серия бренда"": ""ZDN6N-S"", ""Материал"": ""Чугун"", ""Страна бренда"": ""Швейцария"", ""Страна-производитель"": ""Швейцария"", ""Тип"": ""Редуктор"", ""categories"": [""Дисковые поворотные затворы"", ""Комплектующие для дисковых поворотных затворов""]}"
gearbox,1291407,"Ручной редуктор ZD6N-S450, Belimo",а4227,ZD6N-S450,ZD6N-S450,,,ZDN6N-S,,Редуктор,,,,,,,Чугун,,,,,,Швейцария,,4,325,1,https://lunda.ru/catalog/category/c13080/product/reduktor-zdn6n-belimo_29668/item/a4227.html,"{""Код производителя"": ""ZD6N-S450"", ""Подходит для"": ""D6450N(L)"", ""Серия бренда"": ""ZDN6N-S"", ""Материал"": ""Чугун"", ""Страна бренда"": ""Швейцария"", ""Страна-производитель"": ""Швейцария"", ""Тип"": ""Редуктор"", ""categories"": [""Дисковые поворотные затворы"", ""Комплектующие для дисковых поворотных затворов""]}"
gearbox,1291420,"Ручной редуктор ZD6N-S500, Belimo",а4228,ZD6N-S500,ZD6N-S500,,,ZDN6N-S,,Редуктор,,,,,,,Чугун,,,,,,Швейцария,,4,325,1,https://lunda.ru/catalog/category/c13080/product/reduktor-zdn6n-belimo_29668/item/a4228.html,"{""Код производителя"": ""ZD6N-S500"", ""Подходит для"": ""D6500N(L)"", ""Серия бренда"": ""ZDN6N-S"", ""Материал"": ""Чугун"", ""Страна бренда"": ""Швейцария"", ""Страна-производитель"": ""Швейцария"", ""Тип"": ""Редуктор"", ""categories"": [""Дисковые поворотные затворы"", ""Комплектующие для дисковых поворотных затворов""]}"
gearbox,1291426,"Ручной редуктор ZD6N-S600, Belimo",а4229,ZD6N-S600,ZD6N-S600,,,ZDN6N-S,,Редуктор,,,,,,,Чугун,,,,,,Швейцария,,4,325,1,https://lunda.ru/catalog/category/c13080/product/reduktor-zdn6n-belimo_29668/item/a4229.html,"{""Код производителя"": ""ZD6N-S600"", ""Подходит для"": ""D6600N(L)"", ""Серия бренда"": ""ZDN6N-S"", ""Материал"": ""Чугун"", ""Страна бренда"": ""Швейцария"", ""Страна-производитель"": ""Швейцария"", ""Тип"": ""Редуктор"", ""categories"": [""Дисковые поворотные затворы"", ""Комплектующие для дисковых поворотных затворов""]}"
gearbox,1291435,"Ручной редуктор ZD6N-S700, Belimo",а4230,ZD6N-S700,ZD6N-S700,,,ZDN6N-S,,Редуктор,,,,,,,Чугун,,,,,,Швейцария,,4,325,1,https://lunda.ru/catalog/category/c13080/product/reduktor-zdn6n-belimo_29668/item/a4230.html,"{""Код производителя"": ""ZD6N-S700"", ""Подходит для"": ""D6700N(L)"", ""Серия бренда"": ""ZDN6N-S"", ""Материал"": ""Чугун"", ""Страна бренда"": ""Швейцария"", ""Страна-производитель"": ""Швейцария"", ""Тип"": ""Редуктор"", ""categories"": [""Дисковые поворотные затворы"", ""Комплектующие для дисковых поворотных затворов""]}"
gearbox,1292527,"Редуктор давления мембранный 1 1/2""",BL2806B,,,TIM,,,,редуктор давления,,,,муфтовый (НР/НР),,,латунь,,рукоятка,,,,,,8,260,,https://tim-com.ru/katalog-tim/komplektuyuschie-otopleniya/reduktor-davleniya-membrannyy-1-1-2,"{""Производитель"": ""TIM"", ""Тип"": ""редуктор давления"", ""Тип открытия/закрытия клапана"": ""ручной"", ""Материал корпуса"": ""латунь"", ""Тип присоединения"": ""муфтовый (НР/НР)"", ""Управление"": ""рукоятка"", ""Условное давление"": ""16бар"", ""Диаметр"": ""Ду 40 (1 1/2\"")"", ""Минимальное давление настройки клапана"": ""1.5МПа"", ""Максимальное давление настройки клапана"": ""6МПа"", ""Опции"": ""измерительные штуцеры"", ""Температура минимальная"": ""2°C"", ""Температура максимальная"": ""70°C"", ""Строительная высота"": ""150мм""}"
gearbox,1292984,"Редуктор давления мембранный 1/2'' диап регул: 1,0 - 7,0 бар  с отв 1/4"" под рад манометр VALTEC",526396,,,,,,,,,1/2,,,Внутренняя,,Латунь,,,,,Водоснабжение,,,4,235,1,https://f58.ru/products/reduktor_davlenija_membrannyj_12_diap_regul_1_0__7_0_bar_s_otv_14_pod_rad_manometr_valtec,"{""Код поставщика"": ""VT.085.N.0407"", ""шт/фас/уп"": ""1/1/30"", ""Вес"": ""0.71 кг"", ""Объем"": ""0.00057 м3"", ""На складе"": ""Нет"", ""Категория"": ""Редукторы давления"", ""Подкатегория"": ""Редукторы давления"", ""Диаметр резьбы, дюйм"": ""1/2"", ""Выход для манометра"": ""Да"", ""Диапозон регулирования давления, бар"": ""1,0 - 7,0"", ""Материал"": ""Латунь"", ""Область применения"": ""Водоснабжение"", ""Вид соединения"": ""Резьбовое"", ""Тип редуктора"": ""Мембранный"", ""Резьба"": ""Внутренняя"", ""categories"": [""Клапаны предохранительные, редукторы давления""]}"
gearbox,1293733,"Редуктор давления поршневой 1/2'' диап регул: 1,0 - 5,5 бар  с отв 1/4"" под рад манометр OR(Италия)",548228,,,,,,,,,1/2,,,Внутренняя,,Латунь,,,,,Водоснабжение,,,4,114,1,https://f58.ru/products/reduktor_davlenija_porshnevoj_12_diap_regul_1_0__5_5_bar_s_otv_14_pod_rad_manometr_oritalija,"{""Код поставщика"": ""022-3290"", ""шт/фас/уп"": ""1/1/1"", ""Вес"": ""0.3 кг"", ""Объем"": ""0.0003 м3"", ""На складе"": ""Пенза"", ""Остаток"": """", ""Категория"": ""Редукторы давления"", ""Подкатегория"": ""Редукторы давления"", ""Диаметр резьбы, дюйм"": ""1/2"", ""Выход для манометра"": ""Да"", ""Покрытие"": ""Никель"", ""Диапозон регулирования давления, бар"": ""1,0 - 5,5"", ""Материал"": ""Латунь"", ""Область применения"": ""Водоснабжение"", ""Вид соединения"": ""Резьбовое"", ""Резьба"": ""Внутренняя"", ""Тип редуктора"": ""Поршневой"", ""categories"": [""Клапаны предохранительные, редукторы давления""]}"
gearbox,1293735,"Редуктор снижения давления под манометр 1/2""г-г + 3/4"" ш-ш",BL6823,,,TIM,,,,редуктор давления,,,,муфтовый (НР/НР),,,латунь,,рукоятка,,,,,,8,260,,https://tim-com.ru/katalog-tim/komplektuyuschie-otopleniya/reduktor-snijeniya-davleniya-pod-manometr-1-2g-g-3-4-sh-sh,"{""Производитель"": ""TIM"", ""Тип"": ""редуктор давления"", ""Тип открытия/закрытия клапана"": ""ручной"", ""Материал корпуса"": ""латунь"", ""Тип присоединения"": ""муфтовый (НР/НР)"", ""Управление"": ""рукоятка"", ""Условное давление"": ""16бар"", ""Диаметр"": ""Ду 15 (1/2\"")"", ""Минимальное давление настройки клапана"": ""1.5МПа"", ""Максимальное давление настройки клапана"": ""6МПа"", ""Опции"": ""измерительные штуцеры"", ""Температура минимальная"": ""2°C"", ""Температура максимальная"": ""70°C"", ""Строительная высота"": ""150мм""}"
gearbox,1293743,"Червячный редуктор для затвора тип Ридан-ЗДМ DN40-150, Danfoss 082X4473",а6231,082X4473,082X4473,,,Не указано,,Редуктор,,40-150,,,,,,,,,,,,,4,21,1,https://lunda.ru/catalog/category/c13080/product/reduktor-ridan-danfoss_84630/item/a6231.html,"{""Код производителя"": ""082X4473"", ""Ду, мм"": ""40-150"", ""Серия бренда"": ""Не указано"", ""Тип"": ""Редуктор"", ""Страна бренда"": ""Россия"", ""categories"": [""Дисковые поворотные затворы"", ""Комплектующие для дисковых поворотных затворов""]}"
gearbox,1293746,"Червячный редуктор для затвора тип Ридан-ЗДМ DN250-400, Danfoss 082X4475",а6356,082X4475,082X4475,,,Не указано,,Редуктор,,250-400,,,,,,,,,,,,,4,21,1,https://lunda.ru/catalog/category/c13080/product/reduktor-ridan-danfoss_84630/item/a6356.html,"{""Код производителя"": ""082X4475"", ""Ду, мм"": ""250-400"", ""Серия бренда"": ""Не указано"", ""Тип"": ""Редуктор"", ""Страна бренда"": ""Россия"", ""categories"": [""Дисковые поворотные затворы"", ""Комплектующие для дисковых поворотных затворов""]}"
gearbox,1293910,"Переходник для червячного редуктора тип Ридан-ЗДМ, 9/17 мм (DN40-65), Danfoss 082X4478",з7747,082X4478,082X4478,,,Не указано,,Переходник,,40-65,,,,,,,,,,,Китай,,4,21,1,https://lunda.ru/catalog/category/c13080/product/perehodnik-danfoss_70205/item/z7747.html,"{""Код производителя"": ""082X4478"", ""Ду, мм"": ""40-65"", ""Размер, мм"": ""9/17"", ""Серия бренда"": ""Не указано"", ""Страна бренда"": ""Россия"", ""Страна-производитель"": ""Китай"", ""Тип"": ""Переходник"", ""categories"": [""Дисковые поворотные затворы"", ""Комплектующие для дисковых поворотных затворов""]}"
gearbox,1293913,"Переходник для червячного редуктора тип Ридан-ЗДМ, 11/17 мм (DN80-100), Danfoss 082X4479",з7749,082X4479,082X4479,,,Не указано,,Переходник,,80-100,,,,,,,,,,,Китай,,4,21,1,https://lunda.ru/catalog/category/c13080/product/perehodnik-danfoss_70205/item/z7749.html,"{""Код производителя"": ""082X4479"", ""Ду, мм"": ""80-100"", ""Размер, мм"": ""11/17"", ""Серия бренда"": ""Не указано"", ""Страна бренда"": ""Россия"", ""Страна-производитель"": ""Китай"", ""Тип"": ""Переходник"", ""categories"": [""Дисковые поворотные затворы"", ""Комплектующие для дисковых поворотных затворов""]}"
gearbox,1293917,"Переходник для червячного редуктора тип Ридан-ЗДМ, 14/17 мм (DN125-150), Danfoss 082X4480",з7750,082X4480,082X4480,,,Не указано,,Переходник,,125-150,,,,,,,,,,,Китай,,4,21,1,https://lunda.ru/catalog/category/c13080/product/perehodnik-danfoss_70205/item/z7750.html,"{""Код производителя"": ""082X4480"", ""Ду, мм"": ""125-150"", ""Размер, мм"": ""14/17"", ""Серия бренда"": ""Не указано"", ""Страна бренда"": ""Россия"", ""Страна-производитель"": ""Китай"", ""Тип"": ""Переходник"", ""categories"": [""Дисковые поворотные затворы"", ""Комплектующие для дисковых поворотных затворов""]}"
gearbox,1294821,"Переходник для червячного редуктора тип ЗДМ, 17/22 мм (DN40-65), Ридан 082X4481R",з7748,082X4481R,082X4481R,,,Не указано,,Переходник,,40-65,,,,,,,,,,,Китай,,4,21,1,https://lunda.ru/catalog/category/c13080/product/perehodnik-danfoss_84631/item/z7748.html,"{""Код производителя"": ""082X4481R"", ""Ду, мм"": ""40-65"", ""Размер, мм"": ""17/22"", ""Серия бренда"": ""Не указано"", ""Страна бренда"": ""Россия"", ""Страна-производитель"": ""Китай"", ""Тип"": ""Переходник"", ""categories"": [""Дисковые поворотные затворы"", ""Комплектующие для дисковых поворотных затворов""]}"
gearbox,1294824,"Переходник для червячного редуктора тип ЗДМ, 14/17 мм (DN125-150), Ридан 082X4480R",з6931,082X4480R,082X4480R,,,Не указано,,Переходник,,125-150,,,,,,,,,,,Китай,,4,21,1,https://lunda.ru/catalog/category/c13080/product/perehodnik-danfoss_84631/item/z6931.html,"{""Код производителя"": ""082X4480R"", ""Ду, мм"": ""125-150"", ""Размер, мм"": ""14/17"", ""Серия бренда"": ""Не указано"", ""Страна бренда"": ""Россия"", ""Страна-производитель"": ""Китай"", ""Тип"": ""Переходник"", ""categories"": [""Дисковые поворотные затворы"", ""Комплектующие для дисковых поворотных затворов""]}"
gearbox,1295209,"Т-ключ 32 мм для стационарных редукторов и кранов серий 79/69 Ду 20-150 (КШГК Ду 32-125), Broen Ballomax",а0119,,,,,Не указано,,Прочее,,32,,,,,,,,,,,Россия,,4,42,1,https://lunda.ru/catalog/category/c13085/product/klyuch-broen-ballomax_1125/item/a0119.html,"{""Ду, мм"": ""32"", ""Тип"": ""Прочее"", ""Страна бренда"": ""Россия"", ""Страна-производитель"": ""Россия"", ""Серия бренда"": ""Не указано"", ""categories"": [""Шаровые краны"", ""Комплектующие для шаровых кранов""]}"
gearbox,1296087,"Редуктор давления поршневой регулируемый 1/2"" диап регул: 1,0 - 6,0 бар VALTEC",555860,,,,,,,,,1/2,,,,,Латунь,,,,,Водоснабжение,,,4,235,1,https://f58.ru/products/reduktor_davlenija_porshnevoj_reguliruemyj_12_diap_regul_1_0__6_0_bar_valtec,"{""Код поставщика"": ""VT.083.N.04"", ""шт/фас/уп"": ""1/1/50"", ""Вес"": ""0.38 кг"", ""Объем"": ""0.00052 м3"", ""На складе"": ""Нет"", ""Категория"": ""Редукторы давления"", ""Подкатегория"": ""Редукторы давления"", ""Диаметр резьбы, дюйм"": ""1/2\"""", ""Покрытие"": ""Никель"", ""Диапозон регулирования давления, бар"": ""2,0 - 5,0"", ""Материал"": ""Латунь"", ""Область применения"": ""Водоснабжение"", ""Вид соединения"": ""Резьбовое"", ""Тип редуктора"": ""Поршневой"", ""categories"": [""Клапаны предохранительные, редукторы давления""]}"
gearbox,1296759,"Редуктор давления 1/2""",BL2802,,,TIM,,,,редуктор давления,,,,муфтовый (НР/НР),,,латунь,,рукоятка,,,,,,8,260,,https://tim-com.ru/katalog-tim/komplektuyuschie-otopleniya/reduktor-davleniya-1-2,"{""Производитель"": ""TIM"", ""Тип"": ""редуктор давления"", ""Тип открытия/закрытия клапана"": ""ручной"", ""Материал корпуса"": ""латунь"", ""Тип присоединения"": ""муфтовый (НР/НР)"", ""Управление"": ""рукоятка"", ""Условное давление"": ""16бар"", ""Диаметр"": ""Ду 15 (1/2\"")"", ""Минимальное давление настройки клапана"": ""1.5МПа"", ""Максимальное давление настройки клапана"": ""6МПа"", ""Опции"": ""измерительные штуцеры"", ""Температура минимальная"": ""2°C"", ""Температура максимальная"": ""70°C"", ""Строительная высота"": ""150мм""}"
gearbox,1296780,"Червячный редуктор FAF 3700 Ду 40-80, для межфланцевого затвора, 3700-24F0711",а5611,3700-24F0711,3700-24F0711,,,3700,,Редуктор,,40-80,,,,,Чугун,,,,,,Турция,,4,303,1,https://lunda.ru/catalog/category/c13080/product/reduktor-faf_33425/item/a5611.html,"{""Код производителя"": ""3700-24F0711"", ""Ду, мм"": ""40-80"", ""Серия бренда"": ""3700"", ""Материал"": ""Чугун"", ""Страна бренда"": ""Турция"", ""Страна-производитель"": ""Турция"", ""Тип"": ""Редуктор"", ""categories"": [""Дисковые поворотные затворы"", ""Комплектующие для дисковых поворотных затворов""]}"
gearbox,1296793,"Червячный редуктор FAF 3700 Ду 100-125, для межфланцевого затвора, 3700-24F0714",а5612,3700-24F0714,3700-24F0714,,,3700,,Редуктор,,100-125,,,,,Чугун,,,,,,Турция,,4,303,1,https://lunda.ru/catalog/category/c13080/product/reduktor-faf_33425/item/a5612.html,"{""Код производителя"": ""3700-24F0714"", ""Ду, мм"": ""100-125"", ""Серия бренда"": ""3700"", ""Материал"": ""Чугун"", ""Страна бренда"": ""Турция"", ""Страна-производитель"": ""Турция"", ""Тип"": ""Редуктор"", ""categories"": [""Дисковые поворотные затворы"", ""Комплектующие для дисковых поворотных затворов""]}"
gearbox,1296802,"Червячный редуктор FAF 3700 Ду 150, для межфланцевого затвора, 3700-24F0717",а4934,3700-24F071,3700-24F071,,,3700,,Редуктор,,150,,,,,Чугун,,,,,,Турция,,4,303,1,https://lunda.ru/catalog/category/c13080/product/reduktor-faf_33425/item/a4934.html,"{""Код производителя"": ""3700-24F071"", ""Ду, мм"": ""150"", ""Серия бренда"": ""3700"", ""Материал"": ""Чугун"", ""Страна бренда"": ""Турция"", ""Страна-производитель"": ""Турция"", ""Тип"": ""Редуктор"", ""categories"": [""Дисковые поворотные затворы"", ""Комплектующие для дисковых поворотных затворов""]}"
gearbox,1296807,"Червячный редуктор FAF 3700 Ду 200, для межфланцевого затвора, 3700-30F1017",а4935,3700-30F101,3700-30F101,,,3700,,Редуктор,,200,,,,,Чугун,,,,,,Турция,,4,303,1,https://lunda.ru/catalog/category/c13080/product/reduktor-faf_33425/item/a4935.html,"{""Код производителя"": ""3700-30F101"", ""Ду, мм"": ""200"", ""Серия бренда"": ""3700"", ""Материал"": ""Чугун"", ""Страна бренда"": ""Турция"", ""Страна-производитель"": ""Турция"", ""Тип"": ""Редуктор"", ""categories"": [""Дисковые поворотные затворы"", ""Комплектующие для дисковых поворотных затворов""]}"
gearbox,1296812,"Червячный редуктор FAF 3700 Ду 250, для межфланцевого затвора, 3700-30F1022",а4936,3700-30F102,3700-30F102,,,3700,,Редуктор,,250,,,,,Чугун,,,,,,Турция,,4,303,1,https://lunda.ru/catalog/category/c13080/product/reduktor-faf_33425/item/a4936.html,"{""Код производителя"": ""3700-30F102"", ""Ду, мм"": ""250"", ""Серия бренда"": ""3700"", ""Материал"": ""Чугун"", ""Страна бренда"": ""Турция"", ""Страна-производитель"": ""Турция"", ""Тип"": ""Редуктор"", ""categories"": [""Дисковые поворотные затворы"", ""Комплектующие для дисковых поворотных затворов""]}"
gearbox,1296820,"Червячный редуктор FAF 3700 Ду 300, для межфланцевого затвора, 3700-50F1022",а4937,3700-50F102,3700-50F102,,,3700,,Редуктор,,300,,,,,Чугун,,,,,,Турция,,4,303,1,https://lunda.ru/catalog/category/c13080/product/reduktor-faf_33425/item/a4937.html,"{""Код производителя"": ""3700-50F102"", ""Ду, мм"": ""300"", ""Серия бренда"": ""3700"", ""Материал"": ""Чугун"", ""Страна бренда"": ""Турция"", ""Страна-производитель"": ""Турция"", ""Тип"": ""Редуктор"", ""categories"": [""Дисковые поворотные затворы"", ""Комплектующие для дисковых поворотных затворов""]}"
