product_id,name,article,description,pn,dn,category_id,brand_id,unit_id,url
4203,Конвектор внутрипольный рулонная решетка анодированный алюминий шаг 12 мм с рамкой U - образный профиль COMFORT Heaton 150/300/2800-DG-U-NA,218-0677,"{""Номенклатурный номер"": ""218-0677"", ""Бренд"": ""Heaton"", ""Инженерная система"": ""Отопление"", ""Монтаж"": ""внутрипольный"", ""Модель"": ""COMFORT"", ""Тип решетки"": ""рулонная решетка"", ""Материал решетки"": ""анодированный алюминий"", ""Ширина просвета между планками"": ""шаг 12 мм"", ""Тип рамки"": ""с рамкой U - образный профиль"", ""Тип конвекции"": ""естественная"", ""Исполнение"": ""концевое исполнение"", ""Подключение"": ""внутренняя резьба G 1/2\"""", ""Теплообменник"": ""медно-алюминиевый теплообменник, окрашенный в черный цвет с воздухоотводчиком"", ""Корпус"": ""корпус из оцинкованной стали, окрашенный в черный цвет (RAL9005 муар)"", ""Высота"": ""150 мм"", ""Ширина"": ""300 мм"", ""Давление рабочее"": ""10 бар"", ""Давление опрессовки"": ""15 бар"", ""Масса нетто"": ""35.92 кг"", ""Страна происхождения"": ""Россия"", ""Штрих-код на одну ТМЦ"": ""4606034283127"", ""Температура рабочей среды"": ""до +120 oC"", ""Комплект поставки"": ""конвектор в сборе (корпус - 1 шт., рулонная решётка поперечная - 1 шт., медно-алюминиевый теплообменник - 1 шт., декоративная рамка U - образный профиль, воздухоотводчик - 1 шт., комплект крепёжно-регулировочных ножек - 1 шт.), упаковка, технический паспорт, инструкция по монтажу"", ""Гарантия"": ""10 лет"", ""Гарантия производителя"": ""3 года"", ""Длина"": ""2800 мм"", ""Ширина Высота Длина"": ""300.150.2800"", ""Номинальный тепловой поток при dT=70 oC 105/75/20 oC"": ""2446 Вт"", ""Артикул"": ""150/300/2800-DG-U-NA""}",,,8,57,1,https://www.santech.ru/catalog/434/1072/i1305/
4306,Конвектор внутрипольный рулонная решетка анодированный алюминий шаг 12 мм с рамкой U - образный профиль COMFORT Heaton 190/400/1600-DG-U-NA,218-1785,"{""Номенклатурный номер"": ""218-1785"", ""Бренд"": ""Heaton"", ""Инженерная система"": ""Отопление"", ""Монтаж"": ""внутрипольный"", ""Модель"": ""COMFORT"", ""Тип решетки"": ""рулонная решетка"", ""Материал решетки"": ""анодированный алюминий"", ""Ширина просвета между планками"": ""шаг 12 мм"", ""Тип рамки"": ""с рамкой U - образный профиль"", ""Тип конвекции"": ""естественная"", ""Исполнение"": ""концевое исполнение"", ""Подключение"": ""внутренняя резьба G 1/2\"""", ""Теплообменник"": ""медно-алюминиевый теплообменник, окрашенный в черный цвет с воздухоотводчиком"", ""Корпус"": ""корпус из оцинкованной стали, окрашенный в черный цвет (RAL9005 муар)"", ""Высота"": ""190 мм"", ""Ширина"": ""400 мм"", ""Давление рабочее"": ""10 бар"", ""Давление опрессовки"": ""15 бар"", ""Масса нетто"": ""27.44 кг"", ""Страна происхождения"": ""Россия"", ""Штрих-код на одну ТМЦ"": ""4606034289792"", ""Температура рабочей среды"": ""до +120 oC"", ""Комплект поставки"": ""конвектор в сборе (корпус - 1 шт., рулонная решётка поперечная - 1 шт., медно-алюминиевый теплообменник - 1 шт., декоративная рамка U - образный профиль, воздухоотводчик - 1 шт., комплект крепёжно-регулировочных ножек - 1 шт.), упаковка, технический паспорт, инструкция по монтажу"", ""Гарантия"": ""10 лет"", ""Гарантия производителя"": ""3 года"", ""Длина"": ""1600 мм"", ""Ширина Высота Длина"": ""400.190.1600"", ""Номинальный тепловой поток при dT=70 oC 105/75/20 oC"": ""1969 Вт"", ""Артикул"": ""190/400/1600-DG-U-NA""}",,,8,57,1,https://www.santech.ru/catalog/434/1072/i1365/
4342,Конвектор внутрипольный рулонная решетка анодированный алюминий шаг 12 мм с рамкой U - образный профиль с вентилятором 220В COMFORT TURBO Heaton 80/250/2900-DG-U-NA,218-7729,"{""Номенклатурный номер"": ""218-7729"", ""Бренд"": ""Heaton"", ""Инженерная система"": ""Отопление"", ""Монтаж"": ""внутрипольный"", ""Модель"": ""COMFORT TURBO"", ""Тип решетки"": ""рулонная решетка"", ""Материал решетки"": ""анодированный алюминий"", ""Ширина просвета между планками"": ""шаг 12 мм"", ""Тип рамки"": ""с рамкой U - образный профиль"", ""Тип конвекции"": ""принудительная"", ""Напряжение питания вентилятора"": ""220В"", ""Исполнение"": ""концевое исполнение"", ""Подключение"": ""внутренняя резьба G 1/2\"""", ""Высота"": ""80 мм"", ""Ширина"": ""250 мм"", ""Давление рабочее"": ""10 бар"", ""Давление опрессовки"": ""15 бар"", ""Масса нетто"": ""23.58 кг"", ""Страна происхождения"": ""Россия"", ""Штрих-код на одну ТМЦ"": ""4606034360057"", ""Длина"": ""2900 мм"", ""Ширина Высота Длина"": ""250.80.2900"", ""Номинальный тепловой поток при dT=70 oC 105/75/20 oC"": ""6302 Вт"", ""Тепловая мощность при dT=70 oC 95/85/20 oC"": ""6302 Вт"", ""Артикул"": ""80/250/2900-DG-U-NA""}",,,8,57,1,https://www.santech.ru/catalog/434/1072/i1432/
4528,Конвектор внутрипольный рулонная решетка анодированный алюминий шаг 12 мм с рамкой U - образный профиль с вентилятором 220В COMFORT TURBO Heaton 150/250/800-DG-U-NA,218-7581,"{""Номенклатурный номер"": ""218-7581"", ""Бренд"": ""Heaton"", ""Инженерная система"": ""Отопление"", ""Монтаж"": ""внутрипольный"", ""Модель"": ""COMFORT TURBO"", ""Тип решетки"": ""рулонная решетка"", ""Материал решетки"": ""анодированный алюминий"", ""Ширина просвета между планками"": ""шаг 12 мм"", ""Тип рамки"": ""с рамкой U - образный профиль"", ""Тип конвекции"": ""принудительная"", ""Напряжение питания вентилятора"": ""220В"", ""Исполнение"": ""концевое исполнение"", ""Подключение"": ""внутренняя резьба G 1/2\"""", ""Высота"": ""150 мм"", ""Ширина"": ""250 мм"", ""Давление рабочее"": ""10 бар"", ""Давление опрессовки"": ""15 бар"", ""Масса нетто"": ""9.39 кг"", ""Страна происхождения"": ""Россия"", ""Штрих-код на одну ТМЦ"": ""4606034361788"", ""Длина"": ""800 мм"", ""Ширина Высота Длина"": ""250.150.800"", ""Номинальный тепловой поток при dT=70 oC 105/75/20 oC"": ""1441 Вт"", ""Тепловая мощность при dT=70 oC 95/85/20 oC"": ""1441 Вт"", ""Артикул"": ""150/250/800-DG-U-NA""}",,,8,57,1,https://www.santech.ru/catalog/434/1072/i1602/
4536,Конвектор внутрипольный рулонная решетка анодированный алюминий шаг 12 мм с рамкой U - образный профиль с вентилятором 220В COMFORT TURBO Heaton 150/250/1600-DG-U-NA,218-7589,"{""Номенклатурный номер"": ""218-7589"", ""Бренд"": ""Heaton"", ""Инженерная система"": ""Отопление"", ""Монтаж"": ""внутрипольный"", ""Модель"": ""COMFORT TURBO"", ""Тип решетки"": ""рулонная решетка"", ""Материал решетки"": ""анодированный алюминий"", ""Ширина просвета между планками"": ""шаг 12 мм"", ""Тип рамки"": ""с рамкой U - образный профиль"", ""Тип конвекции"": ""принудительная"", ""Напряжение питания вентилятора"": ""220В"", ""Исполнение"": ""концевое исполнение"", ""Подключение"": ""внутренняя резьба G 1/2\"""", ""Высота"": ""150 мм"", ""Ширина"": ""250 мм"", ""Давление рабочее"": ""10 бар"", ""Давление опрессовки"": ""15 бар"", ""Масса нетто"": ""18.81 кг"", ""Страна происхождения"": ""Россия"", ""Штрих-код на одну ТМЦ"": ""4606034363164"", ""Длина"": ""1600 мм"", ""Ширина Высота Длина"": ""250.150.1600"", ""Номинальный тепловой поток при dT=70 oC 105/75/20 oC"": ""4087 Вт"", ""Тепловая мощность при dT=70 oC 95/85/20 oC"": ""4087 Вт"", ""Артикул"": ""150/250/1600-DG-U-NA""}",,,8,57,1,https://www.santech.ru/catalog/434/1072/i1602/
4544,Конвектор внутрипольный рулонная решетка анодированный алюминий шаг 12 мм с рамкой U - образный профиль с вентилятором 220В COMFORT TURBO Heaton 150/250/2400-DG-U-NA,218-7597,"{""Номенклатурный номер"": ""218-7597"", ""Бренд"": ""Heaton"", ""Инженерная система"": ""Отопление"", ""Монтаж"": ""внутрипольный"", ""Модель"": ""COMFORT TURBO"", ""Тип решетки"": ""рулонная решетка"", ""Материал решетки"": ""анодированный алюминий"", ""Ширина просвета между планками"": ""шаг 12 мм"", ""Тип рамки"": ""с рамкой U - образный профиль"", ""Тип конвекции"": ""принудительная"", ""Напряжение питания вентилятора"": ""220В"", ""Исполнение"": ""концевое исполнение"", ""Подключение"": ""внутренняя резьба G 1/2\"""", ""Высота"": ""150 мм"", ""Ширина"": ""250 мм"", ""Давление рабочее"": ""10 бар"", ""Давление опрессовки"": ""15 бар"", ""Масса нетто"": ""27.88 кг"", ""Страна происхождения"": ""Россия"", ""Штрих-код на одну ТМЦ"": ""4606034361931"", ""Длина"": ""2400 мм"", ""Ширина Высота Длина"": ""250.150.2400"", ""Номинальный тепловой поток при dT=70 oC 105/75/20 oC"": ""6422 Вт"", ""Тепловая мощность при dT=70 oC 95/85/20 oC"": ""6422 Вт"", ""Артикул"": ""150/250/2400-DG-U-NA""}",,,8,57,1,https://www.santech.ru/catalog/434/1072/i1602/
4567,Конвектор внутрипольный рулонная решетка анодированный алюминий шаг 12 мм с рамкой U - образный профиль с вентилятором 220В COMFORT TURBO Heaton 150/300/2400-DG-U-NA,218-7620,"{""Номенклатурный номер"": ""218-7620"", ""Бренд"": ""Heaton"", ""Инженерная система"": ""Отопление"", ""Монтаж"": ""внутрипольный"", ""Модель"": ""COMFORT TURBO"", ""Тип решетки"": ""рулонная решетка"", ""Материал решетки"": ""анодированный алюминий"", ""Ширина просвета между планками"": ""шаг 12 мм"", ""Тип рамки"": ""с рамкой U - образный профиль"", ""Тип конвекции"": ""принудительная"", ""Напряжение питания вентилятора"": ""220В"", ""Исполнение"": ""концевое исполнение"", ""Подключение"": ""внутренняя резьба G 1/2\"""", ""Высота"": ""150 мм"", ""Ширина"": ""300 мм"", ""Давление рабочее"": ""10 бар"", ""Давление опрессовки"": ""15 бар"", ""Масса нетто"": ""32.54 кг"", ""Страна происхождения"": ""Россия"", ""Штрих-код на одну ТМЦ"": ""4606034362167"", ""Длина"": ""2400 мм"", ""Ширина Высота Длина"": ""300.150.2400"", ""Номинальный тепловой поток при dT=70 oC 105/75/20 oC"": ""8097 Вт"", ""Тепловая мощность при dT=70 oC 95/85/20 oC"": ""8097 Вт"", ""Артикул"": ""150/300/2400-DG-U-NA""}",,,8,57,1,https://www.santech.ru/catalog/434/1072/i1603/
4595,Конвектор внутрипольный рулонная решетка анодированный алюминий шаг 12 мм с рамкой U - образный профиль с вентилятором 220В COMFORT TURBO Heaton 190/250/2900-DG-U-NA,218-7671,"{""Номенклатурный номер"": ""218-7671"", ""Бренд"": ""Heaton"", ""Инженерная система"": ""Отопление"", ""Монтаж"": ""внутрипольный"", ""Модель"": ""COMFORT TURBO"", ""Тип решетки"": ""рулонная решетка"", ""Материал решетки"": ""анодированный алюминий"", ""Ширина просвета между планками"": ""шаг 12 мм"", ""Тип рамки"": ""с рамкой U - образный профиль"", ""Тип конвекции"": ""принудительная"", ""Напряжение питания вентилятора"": ""220В"", ""Исполнение"": ""концевое исполнение"", ""Подключение"": ""внутренняя резьба G 1/2\"""", ""Высота"": ""190 мм"", ""Ширина"": ""250 мм"", ""Давление рабочее"": ""10 бар"", ""Давление опрессовки"": ""15 бар"", ""Масса нетто"": ""37.31 кг"", ""Страна происхождения"": ""Россия"", ""Штрих-код на одну ТМЦ"": ""4606034362679"", ""Длина"": ""2900 мм"", ""Ширина Высота Длина"": ""250.190.2900"", ""Номинальный тепловой поток при dT=70 oC 105/75/20 oC"": ""8194 Вт"", ""Тепловая мощность при dT=70 oC 95/85/20 oC"": ""8194 Вт"", ""Артикул"": ""190/250/2900-DG-U-NA""}",,,8,57,1,https://www.santech.ru/catalog/434/1072/i1605/
4616,Конвектор внутрипольный рулонная решетка анодированный алюминий шаг 12 мм с рамкой U - образный профиль с вентилятором 220В COMFORT TURBO Heaton 150/400/2700-DG-U-NA,218-7646,"{""Номенклатурный номер"": ""218-7646"", ""Бренд"": ""Heaton"", ""Инженерная система"": ""Отопление"", ""Монтаж"": ""внутрипольный"", ""Модель"": ""COMFORT TURBO"", ""Тип решетки"": ""рулонная решетка"", ""Материал решетки"": ""анодированный алюминий"", ""Ширина просвета между планками"": ""шаг 12 мм"", ""Тип рамки"": ""с рамкой U - образный профиль"", ""Тип конвекции"": ""принудительная"", ""Напряжение питания вентилятора"": ""220В"", ""Исполнение"": ""концевое исполнение"", ""Подключение"": ""внутренняя резьба G 1/2\"""", ""Высота"": ""150 мм"", ""Ширина"": ""400 мм"", ""Давление рабочее"": ""10 бар"", ""Давление опрессовки"": ""15 бар"", ""Масса нетто"": ""44.25 кг"", ""Страна происхождения"": ""Россия"", ""Штрих-код на одну ТМЦ"": ""4606034362426"", ""Длина"": ""2700 мм"", ""Ширина Высота Длина"": ""400.150.2700"", ""Номинальный тепловой поток при dT=70 oC 105/75/20 oC"": ""11266 Вт"", ""Тепловая мощность при dT=70 oC 95/85/20 oC"": ""11266 Вт"", ""Артикул"": ""150/400/2700-DG-U-NA""}",,,8,57,1,https://www.santech.ru/catalog/434/1072/i1604/
4619,Конвектор внутрипольный рулонная решетка анодированный алюминий шаг 12 мм с рамкой U - образный профиль с вентилятором 220В COMFORT TURBO Heaton 150/400/3000-DG-U-NA,218-7649,"{""Номенклатурный номер"": ""218-7649"", ""Бренд"": ""Heaton"", ""Инженерная система"": ""Отопление"", ""Монтаж"": ""внутрипольный"", ""Модель"": ""COMFORT TURBO"", ""Тип решетки"": ""рулонная решетка"", ""Материал решетки"": ""анодированный алюминий"", ""Ширина просвета между планками"": ""шаг 12 мм"", ""Тип рамки"": ""с рамкой U - образный профиль"", ""Тип конвекции"": ""принудительная"", ""Напряжение питания вентилятора"": ""220В"", ""Исполнение"": ""концевое исполнение"", ""Подключение"": ""внутренняя резьба G 1/2\"""", ""Высота"": ""150 мм"", ""Ширина"": ""400 мм"", ""Давление рабочее"": ""10 бар"", ""Давление опрессовки"": ""15 бар"", ""Масса нетто"": ""48.85 кг"", ""Страна происхождения"": ""Россия"", ""Штрих-код на одну ТМЦ"": ""4606034362457"", ""Длина"": ""3000 мм"", ""Ширина Высота Длина"": ""400.150.3000"", ""Номинальный тепловой поток при dT=70 oC 105/75/20 oC"": ""12054 Вт"", ""Тепловая мощность при dT=70 oC 95/85/20 oC"": ""12054 Вт"", ""Артикул"": ""150/400/3000-DG-U-NA""}",,,8,57,1,https://www.santech.ru/catalog/434/1072/i1604/
4630,Конвектор внутрипольный рулонная решетка анодированный алюминий шаг 12 мм с рамкой U - образный профиль с вентилятором 220В COMFORT TURBO Heaton 190/300/1800-DG-U-NA,218-7683,"{""Номенклатурный номер"": ""218-7683"", ""Бренд"": ""Heaton"", ""Инженерная система"": ""Отопление"", ""Монтаж"": ""внутрипольный"", ""Модель"": ""COMFORT TURBO"", ""Тип решетки"": ""рулонная решетка"", ""Материал решетки"": ""анодированный алюминий"", ""Ширина просвета между планками"": ""шаг 12 мм"", ""Тип рамки"": ""с рамкой U - образный профиль"", ""Тип конвекции"": ""принудительная"", ""Напряжение питания вентилятора"": ""220В"", ""Исполнение"": ""концевое исполнение"", ""Подключение"": ""внутренняя резьба G 1/2\"""", ""Высота"": ""190 мм"", ""Ширина"": ""300 мм"", ""Давление рабочее"": ""10 бар"", ""Давление опрессовки"": ""15 бар"", ""Масса нетто"": ""26.74 кг"", ""Страна происхождения"": ""Россия"", ""Штрих-код на одну ТМЦ"": ""4606034362792"", ""Длина"": ""1800 мм"", ""Ширина Высота Длина"": ""300.190.1800"", ""Номинальный тепловой поток при dT=70 oC 105/75/20 oC"": ""6569 Вт"", ""Тепловая мощность при dT=70 oC 95/85/20 oC"": ""6569 Вт"", ""Артикул"": ""190/300/1800-DG-U-NA""}",,,8,57,1,https://www.santech.ru/catalog/434/1072/i1606/
4746,Затвор дисковый поворотный чугун 2010A Ду 150 Ру16 межфл с электроприводом Q-170 380В диск чугун манжета EPDM Benarmo,109-0465,"{""Номенклатурный номер"": ""109-0465"", ""Бренд"": ""Benarmo"", ""Описание"": ""Внешний вид изделия и количество присоединительных отверстий зависит от Ду, Pу и может отличаться от представленного на фото"", ""Инженерная система"": ""Водоснабжение, Отопление, Тепловые пункты"", ""Тип"": ""дисковый"", ""Модель"": ""2010A"", ""Тип устройства"": ""поворотный"", ""Тип присоединения"": ""межфланцевое"", ""Материал седлового уплотнения"": ""манжета EPDM"", ""Материал"": ""чугун"", ""Напряжение питания"": ""380В"", ""Масса нетто"": ""12.18 кг"", ""Страна происхождения"": ""Китай"", ""Штрих-код на одну ТМЦ"": ""4606034355107"", ""Диаметр"": ""Ду 150"", ""Максимальное рабочее давление, бар"": ""16"", ""Номинальное давление фланцев, бар"": ""16"", ""Модель привода"": ""Q-170""}",16,,4,26,1,
4805,Затвор дисковый поворотный чугун 2050HA Ду 250 Ру10/16 межфл с рукояткой диск чугун манжета EPDM Рус Benarmo,109-2455,"{""Номенклатурный номер"": ""109-2455"", ""Бренд"": ""Benarmo"", ""Инженерная система"": ""Водоснабжение, Отопление, Тепловые пункты"", ""Тип"": ""дисковый"", ""Модель"": ""2050HA"", ""Тип устройства"": ""поворотный"", ""Тип присоединения"": ""межфланцевое"", ""Материал седлового уплотнения"": ""манжета EPDM"", ""Материал"": ""чугун"", ""Фланцы"": ""ГОСТ 33259-2015"", ""Рабочая среда"": ""вода"", ""Особенность конструкции"": ""Рус"", ""Масса нетто"": ""17.42 кг"", ""Страна происхождения"": ""Китай"", ""Диаметр"": ""Ду 250"", ""Максимальное рабочее давление, бар"": ""16"", ""Номинальное давление фланцев, бар"": ""10/16""}",16,,4,26,1,https://www.santech.ru/catalog/317/320/i611/
4966,Затвор дисковый поворотный чугун FBV-A Ду 125 Ру10/16 межфл с рукояткой диск чугун манжета EPDM с концевыми выключателями EURO Benarmo,109-1477,"{""Номенклатурный номер"": ""109-1477"", ""Бренд"": ""Benarmo"", ""Описание"": ""Внешний вид изделия и количество присоединительных отверстий зависит от Ду, Pу и может отличаться от представленного на фото"", ""Инженерная система"": ""Водоснабжение, Отопление, Тепловые пункты"", ""Тип"": ""дисковый"", ""Модель"": ""FBV-A"", ""Тип устройства"": ""поворотный"", ""Тип присоединения"": ""межфланцевое"", ""Концевые выключатели"": ""с концевыми выключателями"", ""Материал седлового уплотнения"": ""манжета EPDM"", ""Материал"": ""чугун"", ""Особенность конструкции"": ""EURO"", ""Масса нетто"": ""7.36 кг"", ""Страна происхождения"": ""Китай"", ""Штрих-код на одну ТМЦ"": ""4606034353936"", ""Диаметр"": ""Ду 125"", ""Максимальное рабочее давление, бар"": ""16"", ""Номинальное давление фланцев, бар"": ""10/16""}",16,,4,26,1,https://www.santech.ru/catalog/317/320/i615/
5126,Затвор дисковый поворотный чугун VPI4448R-08EP Ду 40 Ру16 межфл с редуктором диск чугун манжета EPDM Tecofi VPI4448R-08EP0040,107-7916,"{""Номенклатурный номер"": ""107-7916"", ""Бренд"": ""Tecofi"", ""Описание"": ""Внешний вид изделия и количество присоединительных отверстий зависит от Ду, Pу и может отличаться от представленного на фото"", ""Инженерная система"": ""Пожаротушение"", ""Тип"": ""дисковый"", ""Модель"": ""VPI4448R-08EP"", ""Тип устройства"": ""поворотный"", ""Тип присоединения"": ""межфланцевое"", ""Тип затвора"": ""редуктор"", ""Материал седлового уплотнения"": ""манжета EPDM"", ""Материал"": ""чугун"", ""Никелированное покрытие диска"": ""Нет"", ""Рабочая среда"": ""вода, жидкие слабоагрессивные среды"", ""Масса нетто"": ""4.8 кг"", ""Страна происхождения"": ""Франция"", ""Температура рабочей среды"": ""от -15 до +130 oC"", ""Диаметр"": ""Ду 40"", ""Максимальное рабочее давление, бар"": ""16"", ""Номинальное давление фланцев, бар"": ""16"", ""Артикул"": ""VPI4448R-08EP0040"", ""Материал корпуса"": ""ковкий чугун GGG50"", ""Материал диска"": ""ковкий чугун GGG50"", ""Строительная длина"": ""33 мм""}",16,,4,22,1,https://www.santech.ru/catalog/317/320/i337/
5135,Затвор дисковый поворотный чугун VPI4448R-08EP Ду 300 Ру16 межфл с редуктором диск чугун манжета EPDM Tecofi VPI4448R-08EP0300,107-7925,"{""Номенклатурный номер"": ""107-7925"", ""Бренд"": ""Tecofi"", ""Описание"": ""Внешний вид изделия и количество присоединительных отверстий зависит от Ду, Pу и может отличаться от представленного на фото"", ""Инженерная система"": ""Пожаротушение"", ""Тип"": ""дисковый"", ""Модель"": ""VPI4448R-08EP"", ""Тип устройства"": ""поворотный"", ""Тип присоединения"": ""межфланцевое"", ""Тип затвора"": ""редуктор"", ""Материал седлового уплотнения"": ""манжета EPDM"", ""Материал"": ""чугун"", ""Никелированное покрытие диска"": ""Нет"", ""Рабочая среда"": ""вода, жидкие слабоагрессивные среды"", ""Масса нетто"": ""36.5 кг"", ""Страна происхождения"": ""Франция"", ""Температура рабочей среды"": ""от -15 до +130 oC"", ""Диаметр"": ""Ду 300"", ""Максимальное рабочее давление, бар"": ""16"", ""Номинальное давление фланцев, бар"": ""16"", ""Артикул"": ""VPI4448R-08EP0300"", ""Материал корпуса"": ""ковкий чугун GGG50"", ""Материал диска"": ""ковкий чугун GGG50"", ""Строительная длина"": ""78 мм""}",16,,4,22,1,https://www.santech.ru/catalog/317/320/i337/
5150,Затвор дисковый поворотный чугун VPI4448R-N24EP Ду 125 Ру16 межфл с электроприводом 230В диск чугун манжета EPDM Tecofi VPI4448R-N24EP0125,107-7941,"{""Номенклатурный номер"": ""107-7941"", ""Бренд"": ""Tecofi"", ""Описание"": ""Внешний вид изделия и количество присоединительных отверстий зависит от Ду, Pу и может отличаться от представленного на фото"", ""Инженерная система"": ""Пожаротушение"", ""Тип"": ""дисковый"", ""Модель"": ""VPI4448R-N24EP"", ""Тип устройства"": ""поворотный"", ""Тип присоединения"": ""межфланцевое"", ""Материал седлового уплотнения"": ""манжета EPDM"", ""Материал"": ""чугун"", ""Напряжение питания"": ""230В"", ""Рабочая среда"": ""вода, жидкие слабоагрессивные среды"", ""Масса нетто"": ""9.7 кг"", ""Страна происхождения"": ""Франция"", ""Температура рабочей среды"": ""от -15 до +130 oC"", ""Диаметр"": ""Ду 125"", ""Максимальное рабочее давление, бар"": ""16"", ""Номинальное давление фланцев, бар"": ""16"", ""Артикул"": ""VPI4448R-N24EP0125"", ""Материал корпуса"": ""ковкий чугун GGG50"", ""Материал диска"": ""ковкий чугун GGG50"", ""Строительная длина"": ""56 мм""}",16,,4,22,1,https://www.santech.ru/catalog/317/320/i339/
5186,Затвор дисковый поворотный чугун VPG4449-N24EP Ду 125 Ру16 межфл с электроприводом TEA-10 230В диск нерж манжета EPDM Tecofi VPG4449-N24EP0125,109-2111,"{""Номенклатурный номер"": ""109-2111"", ""Бренд"": ""Tecofi"", ""Описание"": ""Внешний вид изделия и количество присоединительных отверстий зависит от Ду, Pу и может отличаться от представленного на фото"", ""Инженерная система"": ""Водоснабжение, Отопление, Тепловые пункты"", ""Тип"": ""дисковый"", ""Модель"": ""VPG4449-N24EP"", ""Тип устройства"": ""поворотный"", ""Тип присоединения"": ""межфланцевое"", ""Материал седлового уплотнения"": ""манжета EPDM"", ""Материал"": ""чугун"", ""Напряжение питания"": ""230В"", ""Масса нетто"": ""9.5 кг"", ""Страна происхождения"": ""Франция"", ""Диаметр"": ""Ду 125"", ""Максимальное рабочее давление, бар"": ""16"", ""Номинальное давление фланцев, бар"": ""16"", ""Артикул"": ""VPG4449-N24EP0125"", ""Модель привода"": ""TEA-10""}",16,,4,22,1,https://www.santech.ru/catalog/317/320/i591/
5197,Затвор дисковый поворотный чугун ЗПВЛ-FLN(w)-5-100-MN-Е Ду 100 Ру16 межфл с рукояткой диск нерж манжета EPDM Гранвэл ADL BD01A12815,107-0102,"{""Номенклатурный номер"": ""107-0102"", ""Бренд"": ""ADL"", ""Описание"": ""Внешний вид изделия и количество присоединительных отверстий зависит от Ду, Pу и может отличаться от представленного на фото"", ""Инженерная система"": ""Водоснабжение, Отопление, Тепловые пункты"", ""Тип"": ""дисковый"", ""Торговая марка"": ""Гранвэл"", ""Модель"": ""ЗПВЛ"", ""Тип устройства"": ""поворотный"", ""Тип присоединения"": ""межфланцевое"", ""Материал седлового уплотнения"": ""манжета EPDM"", ""Материал"": ""чугун"", ""Рабочая среда"": ""вода, неагрессивные среды"", ""Климатическое исполнение"": ""У3.1 по ГОСТ 15150-69"", ""Масса нетто"": ""4.5 кг"", ""Страна происхождения"": ""Россия"", ""Температура рабочей среды"": ""от -15 до +95 oC"", ""Гарантия"": ""18 месяцев"", ""Гарантия производителя"": ""18 месяцев"", ""Срок службы"": ""30 лет"", ""Диаметр"": ""Ду 100"", ""Максимальное рабочее давление, бар"": ""16"", ""Номинальное давление фланцев, бар"": ""16"", ""Артикул"": ""BD01A12815"", ""Материал корпуса"": ""высокопрочный чугун GGG40"", ""Материал диска"": ""нерж. сталь СF8M"", ""Строительная длина"": ""52 мм"", ""Строительная высота"": ""225"", ""Типоразмер"": ""-FLN(w)-5-100-MN-Е""}",16,,4,45,1,https://www.santech.ru/catalog/317/320/i10819/
5343,"Радиатор биметаллический Корвет 500*100 7 секций Qну=1386 Вт с т/клапаном М30х1,5 ниж/п прав RAL 9016 (белый) Русский Радиатор RRC500*100BM07NP",120-7583,"{""Номенклатурный номер"": ""120-7583"", ""Бренд"": ""Русский Радиатор"", ""Инженерная система"": ""Отопление"", ""Тип"": ""секционный"", ""Материал"": ""биметалл"", ""Серия"": ""Корвет 500*100"", ""Межосевое расстояние"": ""500 мм"", ""Терморегулятор"": ""термостатический клапан М30х1,5"", ""Цвет"": ""RAL 9016 (белый)"", ""Ширина секции"": ""82 мм"", ""Высота секции"": ""570 мм"", ""Глубина секции"": ""100 мм"", ""Объем секции внутренний"": ""0.205 л"", ""Вес секции"": ""1.95 кг"", ""Диаметр боковых присоединительных отверстий"": ""внутренняя резьба G 1\"""", ""Диаметр нижних присоединительных отверстий"": ""внутренняя резьба G 1/2\"""", ""Межосевое расстояние нижние подключение"": ""50 мм"", ""Теплоотдача секции"": ""198 Вт"", ""Водородный показатель теплоносителя рН"": ""6.5-9.5"", ""Температура теплоносителя мах"": ""110 oC"", ""Давление рабочее"": ""30 бар"", ""Испытательное давление"": ""45 бар"", ""Масса нетто"": ""14.35 кг"", ""Страна происхождения"": ""Россия"", ""Количество секций"": ""7 секций"", ""Номинальный тепловой поток, Вт"": ""1386"", ""Артикул"": ""RRC500*100BM07NP"", ""Строительная длина"": ""574 мм"", ""Объем воды радиатора"": ""1.44 л"", ""Отапливаемая площадь"": ""13.9 м2""}",,,8,62,1,https://www.santech.ru/catalog/434/440/i578/
5378,Радиатор биметаллический серия Ultra Plus модель S500B1 9 секций Qну=1467 Вт RAL 9016 (белый) Ogint,122-0776,"{""Номенклатурный номер"": ""122-0776"", ""Бренд"": ""Ogint"", ""Инженерная система"": ""Отопление"", ""Тип"": ""секционный"", ""Материал"": ""биметалл"", ""Модель"": ""серия Ultra Plus модель S500B1"", ""Межосевое расстояние"": ""500 мм"", ""Терморегулятор"": ""без термостатического клапана"", ""Цвет"": ""RAL 9016 (белый)"", ""Масса нетто"": ""13.5 кг"", ""Страна происхождения"": ""Беларусь"", ""Штрих-код на одну ТМЦ"": ""4606034371251"", ""Количество секций"": ""9 секций"", ""Номинальный тепловой поток, Вт"": ""1467""}",,,8,12,1,
5415,Радиатор биметаллический Base 200 8 секций Qну=800 Вт RAL 9016 (белый) RIFAR R-BA-200-08 .,118-3668,"{""Номенклатурный номер"": ""118-3668"", ""Бренд"": ""RIFAR"", ""Инженерная система"": ""Отопление"", ""Тип"": ""секционный"", ""Материал"": ""биметалл"", ""Серия"": ""Base"", ""Межосевое расстояние"": ""200 мм"", ""Терморегулятор"": ""без термостатического клапана"", ""Цвет"": ""RAL 9016 (белый)"", ""Ширина секции"": ""80 мм"", ""Высота секции"": ""261 мм"", ""Глубина секции"": ""100 мм"", ""Объем секции внутренний"": ""0.16 л"", ""Вес секции"": ""0.9 кг"", ""Диаметр боковых присоединительных отверстий"": ""внутренняя резьба G 1\"""", ""Теплоотдача секции"": ""100 Вт"", ""Температура теплоносителя мах"": ""135 oC"", ""Давление рабочее"": ""20 бар"", ""Испытательное давление"": ""30 бар"", ""Комплект монтажный"": ""заказывается отдельно"", ""Масса нетто"": ""8.16 кг"", ""Страна происхождения"": ""Россия"", ""Комплект поставки"": ""Радиатор в сборе (упаковка, паспорт)."", ""Количество секций"": ""8 секций"", ""Номинальный тепловой поток, Вт"": ""800"", ""Артикул"": ""R-BA-200-08"", ""Строительная длина"": ""640 мм"", ""Объем воды радиатора"": ""1.28 л""}",,,8,58,1,https://www.santech.ru/catalog/434/440/i5357/
5419,Радиатор биметаллический Base 200 10 секций Qну=1000 Вт RAL 9016 (белый) RIFAR R-BA-200-10 .,118-3669,"{""Номенклатурный номер"": ""118-3669"", ""Бренд"": ""RIFAR"", ""Инженерная система"": ""Отопление"", ""Тип"": ""секционный"", ""Материал"": ""биметалл"", ""Серия"": ""Base"", ""Межосевое расстояние"": ""200 мм"", ""Терморегулятор"": ""без термостатического клапана"", ""Цвет"": ""RAL 9016 (белый)"", ""Ширина секции"": ""80 мм"", ""Высота секции"": ""261 мм"", ""Глубина секции"": ""100 мм"", ""Объем секции внутренний"": ""0.16 л"", ""Вес секции"": ""0.9 кг"", ""Диаметр боковых присоединительных отверстий"": ""внутренняя резьба G 1\"""", ""Теплоотдача секции"": ""100 Вт"", ""Температура теплоносителя мах"": ""135 oC"", ""Давление рабочее"": ""20 бар"", ""Испытательное давление"": ""30 бар"", ""Комплект монтажный"": ""заказывается отдельно"", ""Масса нетто"": ""10.2 кг"", ""Страна происхождения"": ""Россия"", ""Комплект поставки"": ""Радиатор в сборе (упаковка, паспорт)."", ""Количество секций"": ""10 секций"", ""Номинальный тепловой поток, Вт"": ""1000"", ""Артикул"": ""R-BA-200-10"", ""Строительная длина"": ""800 мм"", ""Объем воды радиатора"": ""1.6 л""}",,,8,58,1,https://www.santech.ru/catalog/434/440/i5357/
5560,"Радиатор биметаллический Корвет 500*80 13 секций Qну=2119 Вт с т/клапаном М30х1,5 ниж/п прав RAL 9016 (белый) Русский Радиатор RRC500*80BM13NP",120-7611,"{""Номенклатурный номер"": ""120-7611"", ""Бренд"": ""Русский Радиатор"", ""Инженерная система"": ""Отопление"", ""Тип"": ""секционный"", ""Материал"": ""биметалл"", ""Серия"": ""Корвет 500*80"", ""Межосевое расстояние"": ""500 мм"", ""Терморегулятор"": ""термостатический клапан М30х1,5"", ""Цвет"": ""RAL 9016 (белый)"", ""Ширина секции"": ""80 мм"", ""Высота секции"": ""570 мм"", ""Глубина секции"": ""80 мм"", ""Объем секции внутренний"": ""0.205 л"", ""Вес секции"": ""1.6 кг"", ""Диаметр боковых присоединительных отверстий"": ""внутренняя резьба G 1\"""", ""Межосевое расстояние нижние подключение"": ""50 мм"", ""Теплоотдача секции"": ""163 Вт"", ""Водородный показатель теплоносителя рН"": ""6.5-9.5"", ""Температура теплоносителя мах"": ""110 oC"", ""Давление рабочее"": ""30 бар"", ""Испытательное давление"": ""40 бар"", ""Масса нетто"": ""20.8 кг"", ""Страна происхождения"": ""Россия"", ""Количество секций"": ""13 секций"", ""Номинальный тепловой поток, Вт"": ""2119"", ""Артикул"": ""RRC500*80BM13NP"", ""Строительная длина"": ""1040 мм"", ""Объем воды радиатора"": ""2.67 л"", ""Отапливаемая площадь"": ""21.2 м2""}",,,8,62,1,https://www.santech.ru/catalog/434/440/i580/
5591,"Группа безопасности водонагревателя латунь KV 30 для SH, HFA, SHZ, SHD 1/2"" НР Рср= 4.8бар Stiebel Eltron 238957",003-2515,"{""Номенклатурный номер"": ""003-2515"", ""Бренд"": ""Stiebel Eltron"", ""Инженерная система"": ""Водоснабжение"", ""Тип продукции"": ""для электрических накопительных водонагревателей"", ""Материал"": ""латунь"", ""Тип присоединения"": ""НР"", ""Масса нетто"": ""1.7 кг"", ""Страна происхождения"": ""Германия"", ""Штрих-код на одну ТМЦ"": ""4017210008265"", ""Артикул"": ""238957"", ""Диаметр"": ""1/2\"""", ""Присоединение к водонагревателю (бойлеру)"": ""1/2\"" ВР"", ""Модель"": ""KV 30""}",,,10,61,1,https://www.santech.ru/catalog/508/515/i28518/
5719,"Труба PP-R белая Дн 90х8,2 Ру10 SDR11 Т<20С L=4м RTP (РосТурПласт) 15657 .",129-7637,"{""Номенклатурный номер"": ""129-7637"", ""Бренд"": ""Ростурпласт-RTP"", ""Инженерная система"": ""Водоснабжение, Отопление"", ""Материал"": ""PP-R"", ""Масса нетто"": ""8.215 кг"", ""Страна происхождения"": ""Россия"", ""Штрих-код на одну ТМЦ"": ""4640017666286"", ""Диаметр, мм"": ""90"", ""Максимальная температура"": ""Т<20С"", ""Артикул"": ""15657""}",,,9,67,1,https://www.santech.ru/catalog/259/264/i1713/
5879,"Труба PP-R белая арм алюминием Дн 40х6,7 Ру25 SDR6 Т<95С L=2м RTP (РосТурПласт) 16204 .",129-7719,"{""Номенклатурный номер"": ""129-7719"", ""Бренд"": ""Ростурпласт-RTP"", ""Инженерная система"": ""Водоснабжение, Отопление"", ""Материал"": ""PP-R"", ""Масса нетто"": ""1.407 кг"", ""Страна происхождения"": ""Россия"", ""Штрих-код на одну ТМЦ"": ""4640017660840"", ""Диаметр, мм"": ""40"", ""Максимальная температура"": ""Т<95С"", ""Артикул"": ""16204""}",,,9,67,1,https://www.santech.ru/catalog/259/264/i23695/
6002,Муфта PP-R переходная белая Дн 63х25 внутренняя пайка RTP (РосТурПласт) 28119,128-8907,"{""Номенклатурный номер"": ""128-8907"", ""Бренд"": ""Ростурпласт-RTP"", ""Инженерная система"": ""Водоснабжение, Отопление"", ""Материал"": ""PP-R"", ""Масса нетто"": ""0.113 кг"", ""Страна происхождения"": ""Россия"", ""Штрих-код на одну ТМЦ"": ""4660028386928"", ""Диаметр, мм"": ""63"", ""Переход на диаметр, мм"": ""25"", ""Артикул"": ""28119""}",,,9,67,1,https://www.santech.ru/catalog/259/264/i15533/
6097,Муфта PP-R белая Дн 110 внутренняя пайка VALFEX 10113110,127-0271,"{""Номенклатурный номер"": ""127-0271"", ""Бренд"": ""VALFEX"", ""Инженерная система"": ""Водоснабжение, Отопление"", ""Материал"": ""PP-R"", ""Масса нетто"": ""0.614 кг"", ""Страна происхождения"": ""Россия"", ""Штрих-код на одну ТМЦ"": ""4640017893705"", ""Гарантия"": ""7 лет"", ""Гарантия производителя"": ""7 лет"", ""Срок службы"": ""50 лет"", ""Диаметр, мм"": ""110"", ""Артикул"": ""10113110""}",,,9,55,1,https://www.santech.ru/catalog/259/264/i19614/
6110,Муфта PP-R переходная белая Дн 63х32 внутр/наруж пайка VALFEX 10006332,127-0287,"{""Номенклатурный номер"": ""127-0287"", ""Бренд"": ""VALFEX"", ""Инженерная система"": ""Водоснабжение, Отопление"", ""Материал"": ""PP-R"", ""Масса нетто"": ""0.079 кг"", ""Страна происхождения"": ""Россия"", ""Штрих-код на одну ТМЦ"": ""4640017893422"", ""Гарантия"": ""7 лет"", ""Гарантия производителя"": ""7 лет"", ""Срок службы"": ""50 лет"", ""Диаметр, мм"": ""63"", ""Переход на диаметр, мм"": ""32"", ""Артикул"": ""10006332""}",,,9,55,1,https://www.santech.ru/catalog/259/264/i19616/
6337,Угольник PP-R белый Дн 40х45гр внутренняя пайка VALFEX 10107040,127-0568,"{""Номенклатурный номер"": ""127-0568"", ""Бренд"": ""VALFEX"", ""Инженерная система"": ""Водоснабжение, Отопление"", ""Материал"": ""PP-R"", ""Масса нетто"": ""0.067 кг"", ""Страна происхождения"": ""Россия"", ""Штрих-код на одну ТМЦ"": ""4640017894504"", ""Гарантия"": ""7 лет"", ""Гарантия производителя"": ""7 лет"", ""Срок службы"": ""50 лет"", ""Диаметр, мм"": ""40"", ""Артикул"": ""10107040""}",,,9,55,1,https://www.santech.ru/catalog/259/264/i19753/
6381,"Угольник PP-R комбинированный серый Дн 25х3/4"" с накидной гайкой VALFEX 10138025Г",127-1635,"{""Номенклатурный номер"": ""127-1635"", ""Бренд"": ""VALFEX"", ""Инженерная система"": ""Водоснабжение, Отопление"", ""Материал"": ""PP-R"", ""Масса нетто"": ""0.086 кг"", ""Страна происхождения"": ""Россия"", ""Штрих-код на одну ТМЦ"": ""4680019385440"", ""Гарантия"": ""7 лет"", ""Гарантия производителя"": ""7 лет"", ""Срок службы"": ""50 лет"", ""Диаметр, мм"": ""25"", ""Артикул"": ""10138025Г""}",,,9,55,1,https://www.santech.ru/catalog/259/264/i22178/
6389,"Угольник PP-R комбинированный разъемный белый Дн 20х3/4"" НР для радиатора VALFEX 10238112",129-0662,"{""Номенклатурный номер"": ""129-0662"", ""Бренд"": ""VALFEX"", ""Инженерная система"": ""Водоснабжение"", ""Материал"": ""PP-R"", ""Масса нетто"": ""0.14 кг"", ""Страна происхождения"": ""Россия"", ""Штрих-код на одну ТМЦ"": ""4680086703499"", ""Диаметр, мм"": ""20"", ""Артикул"": ""10238112""}",,,9,55,1,https://www.santech.ru/catalog/259/264/i1453/
6417,"Угольник PP-R комбинированный белый Дн 25х3/4"" ВР с креплением PRO VALFEX 10120125-PRO",129-0797,"{""Номенклатурный номер"": ""129-0797"", ""Бренд"": ""VALFEX"", ""Инженерная система"": ""Водоснабжение"", ""Материал"": ""PP-R"", ""Масса нетто"": ""0.06 кг"", ""Страна происхождения"": ""Россия"", ""Штрих-код на одну ТМЦ"": ""4680086701778"", ""Диаметр, мм"": ""25"", ""Исполнение"": ""с креплением"", ""Артикул"": ""10120125-PRO""}",,,9,55,1,https://www.santech.ru/catalog/259/264/i1495~1/
6639,Крестовина PP-R белая Дн 40 внутренняя пайка RTP (РосТурПласт) 28081,128-8885,"{""Номенклатурный номер"": ""128-8885"", ""Бренд"": ""Ростурпласт-RTP"", ""Инженерная система"": ""Водоснабжение, Отопление"", ""Материал"": ""PP-R"", ""Масса нетто"": ""0.11 кг"", ""Страна происхождения"": ""Россия"", ""Штрих-код на одну ТМЦ"": ""4640014212158"", ""Диаметр, мм"": ""40"", ""Артикул"": ""28081""}",,,9,67,1,https://www.santech.ru/catalog/259/264/i1515/
6685,"Заглушка (пробка) PP-R белая Дн 20х1/2"" НР VALFEX 10163020",127-0175,"{""Номенклатурный номер"": ""127-0175"", ""Бренд"": ""VALFEX"", ""Материал"": ""PP-R"", ""Масса нетто"": ""0.005 кг"", ""Страна происхождения"": ""Россия"", ""Штрих-код на одну ТМЦ"": ""4640017892333"", ""Гарантия"": ""7 лет"", ""Гарантия производителя"": ""7 лет"", ""Срок службы"": ""50 лет"", ""Диаметр, мм"": ""20"", ""Артикул"": ""10163020""}",,,9,55,1,https://www.santech.ru/catalog/259/264/i19579/
6781,Опора PP-R серая Дн 25 RTP (РосТурПласт) 10974,013-1283,"{""Номенклатурный номер"": ""013-1283"", ""Бренд"": ""Ростурпласт-RTP"", ""Инженерная система"": ""Водоснабжение, Отопление"", ""Материал"": ""PP-R"", ""Масса нетто"": ""0.007 кг"", ""Страна происхождения"": ""Россия"", ""Штрих-код на одну ТМЦ"": ""4640014214794"", ""Гарантия"": ""5 лет"", ""Гарантия производителя"": ""5 лет"", ""Срок службы"": ""50 лет"", ""Диаметр, мм"": ""25"", ""Артикул"": ""10974""}",,,9,67,1,https://www.santech.ru/catalog/259/264/i23167/
6842,Фильтр PP-R сетчатый белый Дн 25х90гр внутренняя пайка RTP (РосТурПласт) 32787,129-3606,"{""Номенклатурный номер"": ""129-3606"", ""Бренд"": ""Ростурпласт-RTP"", ""Инженерная система"": ""Водоснабжение, Отопление"", ""Материал"": ""PP-R"", ""Масса нетто"": ""0.106 кг"", ""Страна происхождения"": ""Россия"", ""Штрих-код на одну ТМЦ"": ""4610095003280"", ""Диаметр, мм"": ""25"", ""Артикул"": ""32787""}",,,9,67,1,https://www.santech.ru/catalog/259/264/i14285/
6852,Фильтр PP-R сетчатый серый Дн 25х45гр внутр/наруж пайка VALFEX 10142025Г,036-0611,"{""Номенклатурный номер"": ""036-0611"", ""Бренд"": ""VALFEX"", ""Инженерная система"": ""Водоснабжение, Отопление"", ""Материал"": ""PP-R"", ""Масса нетто"": ""0.128 кг"", ""Страна происхождения"": ""Россия"", ""Штрих-код на одну ТМЦ"": ""4680019385563"", ""Гарантия"": ""7 лет"", ""Гарантия производителя"": ""7 лет"", ""Срок службы"": ""50 лет"", ""Диаметр, мм"": ""25"", ""Артикул"": ""10142025Г""}",,,9,55,1,https://www.santech.ru/catalog/259/264/i19670/
6858,Фильтр PP-R сетчатый белый Дн 20х45гр внутр/наруж пайка VALFEX 10142020,036-0619,"{""Номенклатурный номер"": ""036-0619"", ""Бренд"": ""VALFEX"", ""Инженерная система"": ""Водоснабжение, Отопление"", ""Материал"": ""PP-R"", ""Масса нетто"": ""0.085 кг"", ""Страна происхождения"": ""Россия"", ""Штрих-код на одну ТМЦ"": ""4640017895631"", ""Гарантия"": ""7 лет"", ""Гарантия производителя"": ""7 лет"", ""Срок службы"": ""50 лет"", ""Диаметр, мм"": ""20"", ""Артикул"": ""10142020""}",,,9,55,1,https://www.santech.ru/catalog/259/264/i19786/
6904,Коллектор PP-R Дн 25х20 на 2 выхода с кранами RTP (РосТурПласт) 28197,129-1883,"{""Номенклатурный номер"": ""129-1883"", ""Бренд"": ""Ростурпласт-RTP"", ""Инженерная система"": ""Водоснабжение, Отопление"", ""Материал"": ""PP-R"", ""Масса нетто"": ""0.169 кг"", ""Страна происхождения"": ""Россия"", ""Штрих-код на одну ТМЦ"": ""4660028387383"", ""Диаметр, мм"": ""25"", ""Переход на диаметр, мм"": ""20"", ""Исполнение"": ""на 2 выхода с кранами"", ""Артикул"": ""28197""}",,,9,67,1,https://www.santech.ru/catalog/259/264/i1421/
6909,Коллектор PP-R Дн 40х20 на 4 выхода с кранами RTP (РосТурПласт) 18733,129-5910,"{""Номенклатурный номер"": ""129-5910"", ""Бренд"": ""Ростурпласт-RTP"", ""Инженерная система"": ""Водоснабжение, Отопление"", ""Материал"": ""PP-R"", ""Масса нетто"": ""0.35 кг"", ""Страна происхождения"": ""Россия"", ""Штрих-код на одну ТМЦ"": ""4660028382647"", ""Диаметр, мм"": ""40"", ""Переход на диаметр, мм"": ""20"", ""Исполнение"": ""на 4 выхода с кранами"", ""Артикул"": ""18733""}",,,9,67,1,https://www.santech.ru/catalog/259/264/i1421/
6932,Бурт трубный PP-R под американку белый Дн 32 Ру25 VALFEX 10187132,129-0609,"{""Номенклатурный номер"": ""129-0609"", ""Бренд"": ""VALFEX"", ""Инженерная система"": ""Водоснабжение"", ""Материал"": ""PP-R"", ""Масса нетто"": ""0.021 кг"", ""Страна происхождения"": ""Россия"", ""Штрих-код на одну ТМЦ"": ""4660042575896"", ""Диаметр, мм"": ""32"", ""Артикул"": ""10187132""}",,,9,55,1,https://www.santech.ru/catalog/259/264/i1434/
6971,Кран шаровой PP-R белый Дн 40 внутренняя пайка RTP (РосТурПласт) 10577,007-5167,"{""Номенклатурный номер"": ""007-5167"", ""Бренд"": ""Ростурпласт-RTP"", ""Инженерная система"": ""Водоснабжение, Отопление"", ""Материал"": ""PP-R"", ""Масса нетто"": ""0.516 кг"", ""Страна происхождения"": ""Россия"", ""Штрих-код на одну ТМЦ"": ""4640014217511"", ""Гарантия"": ""5 лет"", ""Гарантия производителя"": ""5 лет"", ""Срок службы"": ""50 лет"", ""Диаметр, мм"": ""40"", ""Артикул"": ""10577""}",,,9,67,1,https://www.santech.ru/catalog/259/264/i1506/
7028,"Кран шаровой PP-R серый Дн 20х1/2"" НР прямой для радиатора RTP (РосТурПласт) 27903",107-7020,"{""Номенклатурный номер"": ""107-7020"", ""Бренд"": ""Ростурпласт-RTP"", ""Инженерная система"": ""Водоснабжение, Отопление"", ""Материал"": ""PP-R"", ""Конструкция"": ""прямой"", ""Масса нетто"": ""0.142 кг"", ""Страна происхождения"": ""Россия"", ""Штрих-код на одну ТМЦ"": ""4640017667320"", ""Диаметр, мм"": ""20"", ""Артикул"": ""27903""}",,,9,67,1,https://www.santech.ru/catalog/259/264/i1308/
7091,"Штуцер PP-R комбинированный белый Дн 25х1"" с накидной гайкой под пломбу VALFEX 11136025",129-6058,"{""Номенклатурный номер"": ""129-6058"", ""Бренд"": ""VALFEX"", ""Инженерная система"": ""Водоснабжение, Отопление"", ""Материал"": ""PP-R"", ""Масса нетто"": ""0.072 кг"", ""Страна происхождения"": ""Россия"", ""Штрих-код на одну ТМЦ"": ""4660042579122"", ""Диаметр, мм"": ""25"", ""Исполнение"": ""под пломбу"", ""Артикул"": ""11136025""}",,,9,55,1,https://www.santech.ru/catalog/259/264/i1562~1/
7600,"Тройник НПВХ Дн 110х4""х90гр Ру16 серый напорный ВР под клеевое соединение Aquaviva TWT1100",129-8699,"{""Номенклатурный номер"": ""129-8699"", ""Бренд"": ""Aquaviva"", ""Инженерная система"": ""Водоснабжение"", ""Материал"": ""(НПВХ) Непластифицированный поливинилхлорид"", ""Максимальное давление, бар"": ""Ру16"", ""Масса нетто"": ""1.472 кг"", ""Страна происхождения"": ""Россия"", ""Диаметр, мм"": ""110"", ""Диаметр резьбы"": ""4\"""", ""Тип устройства"": ""напорный"", ""Артикул"": ""TWT1100""}",,,9,78,1,https://www.santech.ru/catalog/259/1087/i1021/
7779,Клапан обратный ПВХ Дн 75 Ру10 под клеевое соединение Агригазполимер 206-070,128-8440,"{""Номенклатурный номер"": ""128-8440"", ""Бренд"": ""Агригазполимер"", ""Инженерная система"": ""Водоснабжение"", ""Материал"": ""(ПВХ) Поливинилхлорид"", ""Максимальное давление, бар"": ""Ру10"", ""Масса нетто"": ""2.735 кг"", ""Страна происхождения"": ""Россия"", ""Диаметр, мм"": ""75"", ""Артикул"": ""206-070""}",,,9,80,1,https://www.santech.ru/catalog/259/1087/i969/
7790,"Термометр биметаллический осевой Дк63 120С L=160мм G1/2"" ТБП-Т ЗАВОД ТЕПЛОТЕХНИЧЕСКИХ ПРИБОРОВ",011-1038,"{""Номенклатурный номер"": ""011-1038"", ""Бренд"": ""ЗАВОД ТЕПЛОТЕХНИЧЕСКИХ ПРИБОРОВ"", ""Масса нетто"": ""0.15 кг"", ""Страна происхождения"": ""Беларусь"", ""Температура рабочей среды"": ""до +120 oC"", ""Область применения"": ""Предназначены для измерения температуры различных неагрессивных сред."", ""Максимальное давление"": ""6 МПа"", ""Длина погружной части, мм"": ""160"", ""Класс точности"": ""2,5"", ""Материал (основной)"": ""сталь"", ""Материал гильзы"": ""латунь"", ""Степень защиты корпуса"": ""IP 40""}",,,7,76,1,https://www.santech.ru/catalog/460/466/i40754/
8019,"Термометр жидкостной виброустойчивый угловой 160С L=64мм G1/2"" ТТ-В-150 150/64 Росма 00000002817",011-0618,"{""Номенклатурный номер"": ""011-0618"", ""Бренд"": ""Росма"", ""Инженерная система"": ""Водоснабжение, Отопление, Тепловые пункты"", ""Масса нетто"": ""0.28 кг"", ""Страна происхождения"": ""Россия"", ""Исполнение"": ""виброустойчивый"", ""Длина погружной части, мм"": ""64"", ""Длина верхней части, мм"": ""150"", ""Длина нижней погружной части, мм"": ""64"", ""Артикул"": ""00000002817""}",,,7,38,1,https://www.santech.ru/catalog/460/466/i35537/
8031,Термометр биметаллический радиальный Дк100 120С L=60мм БТ-1-100 ЭКОМЕРА БТ-1-100-120С-L60-РИ,011-1665,"{""Номенклатурный номер"": ""011-1665"", ""Бренд"": ""ЭКОМЕРА"", ""Инженерная система"": ""Отопление"", ""Масса нетто"": ""0.271 кг"", ""Страна происхождения"": ""Россия"", ""Штрих-код на одну ТМЦ"": ""4640030693313"", ""Длина погружной части, мм"": ""60"", ""Артикул"": ""БТ-1-100-120С-L60-РИ""}",,,7,36,1,https://www.santech.ru/catalog/460/466/i346/
8045,"Термометр биметаллический осевой Дк100 200С L=100мм G1/2"" БТ-3 ЭКОМЕРА БТ-3-100-200С-L100",011-1836,"{""Номенклатурный номер"": ""011-1836"", ""Бренд"": ""ЭКОМЕРА"", ""Инженерная система"": ""Отопление"", ""Масса нетто"": ""0.4 кг"", ""Страна происхождения"": ""Россия"", ""Штрих-код на одну ТМЦ"": ""4640030695577"", ""Максимальное давление"": ""1,6 МПа"", ""Длина погружной части, мм"": ""100"", ""Артикул"": ""БТ-3-100-200С-L100"", ""Класс точности"": ""1,5"", ""Материал гильзы"": ""нержавеющая сталь""}",,,7,36,1,https://www.santech.ru/catalog/460/466/i375/
8075,"Тройник сталь равнопроходной Дн 89х3,5 (Ду 80) HMCX",127-9586,"{""Номенклатурный номер"": ""127-9586"", ""Бренд"": ""No name"", ""Описание"": ""Допускается присутствие на товаре незначительного налета коррозии, не оказывающей влияния на эксплуатационные свойства товара, что не противоречит требованиям ГОСТ"", ""Инженерная система"": ""Тепловые пункты, Отопление"", ""Материал"": ""сталь"", ""Исполнение"": ""исполнение 2"", ""Тип"": ""равнопроходной"", ""Покрытие"": ""без покрытия"", ""Масса нетто"": ""1.76 кг"", ""Страна происхождения"": ""Китай"", ""Штрих-код на одну ТМЦ"": ""4606034255643"", ""Диаметр наружный, мм"": ""89"", ""Толщина стенки равнопроход, мм"": ""3.5"", ""Диаметр условный, мм"": ""80""}",,,6,9,1,https://www.santech.ru/catalog/293/310/i39866/
8086,"Тройник сталь равнопроходной Дн 325х8,0 (Ду 300) HMCX",127-9599,"{""Номенклатурный номер"": ""127-9599"", ""Бренд"": ""No name"", ""Описание"": ""Допускается присутствие на товаре незначительного налета коррозии, не оказывающей влияния на эксплуатационные свойства товара, что не противоречит требованиям ГОСТ"", ""Инженерная система"": ""Тепловые пункты, Отопление"", ""Материал"": ""сталь"", ""Исполнение"": ""исполнение 2"", ""Тип"": ""равнопроходной"", ""Покрытие"": ""без покрытия"", ""Масса нетто"": ""25.64 кг"", ""Страна происхождения"": ""Китай"", ""Диаметр наружный, мм"": ""325"", ""Толщина стенки равнопроход, мм"": ""8,0"", ""Диаметр условный, мм"": ""300""}",,,6,9,1,https://www.santech.ru/catalog/293/310/i39866/
8089,"Тройник сталь равнопроходной Дн 377х10,0 (Ду 350) HMCX",127-9602,"{""Номенклатурный номер"": ""127-9602"", ""Бренд"": ""No name"", ""Описание"": ""Допускается присутствие на товаре незначительного налета коррозии, не оказывающей влияния на эксплуатационные свойства товара, что не противоречит требованиям ГОСТ"", ""Инженерная система"": ""Тепловые пункты, Отопление"", ""Материал"": ""сталь"", ""Исполнение"": ""исполнение 2"", ""Тип"": ""равнопроходной"", ""Покрытие"": ""без покрытия"", ""Масса нетто"": ""46.3 кг"", ""Страна происхождения"": ""Китай"", ""Диаметр наружный, мм"": ""377"", ""Толщина стенки равнопроход, мм"": ""10,0"", ""Диаметр условный, мм"": ""350""}",,,6,9,1,https://www.santech.ru/catalog/293/310/i39866/
8120,"Тройник сталь равнопроходной Дн 33,7х3,2 (Ду 25) бесшовный исп 1 ГОСТ 17376-2001",127-9722,"{""Номенклатурный номер"": ""127-9722"", ""Бренд"": ""No name"", ""Описание"": ""Допускается присутствие на товаре незначительного налета коррозии, не оказывающей влияния на эксплуатационные свойства товара, что не противоречит требованиям ГОСТ"", ""Инженерная система"": ""Водоснабжение, Отопление, Тепловые пункты, Пожаротушение"", ""Материал"": ""сталь"", ""Исполнение"": ""исполнение 1"", ""Тип"": ""равнопроходной"", ""Покрытие"": ""без покрытия"", ""Масса нетто"": ""0.235 кг"", ""Страна происхождения"": ""Россия"", ""Диаметр наружный, мм"": ""33,7"", ""Толщина стенки равнопроход, мм"": ""3.2"", ""Диаметр условный, мм"": ""25""}",,,6,9,1,https://www.santech.ru/catalog/293/310/i44739/
8121,"Тройник сталь равнопроходной Дн 42,4х3,2 (Ду 32) бесшовный исп 1 ГОСТ 17376-2001",128-2807,"{""Номенклатурный номер"": ""128-2807"", ""Бренд"": ""No name"", ""Описание"": ""Допускается присутствие на товаре незначительного налета коррозии, не оказывающей влияния на эксплуатационные свойства товара, что не противоречит требованиям ГОСТ"", ""Инженерная система"": ""Водоснабжение, Отопление, Тепловые пункты, Пожаротушение"", ""Материал"": ""сталь"", ""Исполнение"": ""исполнение 1"", ""Тип"": ""равнопроходной"", ""Покрытие"": ""без покрытия"", ""Масса нетто"": ""0.341 кг"", ""Страна происхождения"": ""Россия"", ""Диаметр наружный, мм"": ""42,4"", ""Толщина стенки равнопроход, мм"": ""3.2"", ""Диаметр условный, мм"": ""32""}",,,6,9,1,https://www.santech.ru/catalog/293/310/i44739/
8189,"Тройник сталь переходной Дн 57х3,0-45х2,5 (Ду 50х40) бесшовный ГОСТ 17376-2001",027-6246,"{""Номенклатурный номер"": ""027-6246"", ""Бренд"": ""No name"", ""Описание"": ""Допускается присутствие на товаре незначительного налета коррозии, не оказывающей влияния на эксплуатационные свойства товара, что не противоречит требованиям ГОСТ"", ""Инженерная система"": ""Водоснабжение, Отопление, Тепловые пункты, Пожаротушение"", ""Материал"": ""сталь"", ""Исполнение"": ""исполнение 2"", ""Тип"": ""переходной"", ""Покрытие"": ""без покрытия"", ""Масса нетто"": ""0.69 кг"", ""Страна происхождения"": ""Беларусь"", ""Штрих-код на одну ТМЦ"": ""4606034174722"", ""Диаметр наружный, мм"": ""57"", ""Толщина стенки большего диаметра, мм"": ""3,0"", ""Диаметр условный, мм"": ""50"", ""Диаметр наружный переходной, мм"": ""45"", ""Толщина стенки меньшего диаметра, мм"": ""2,5"", ""Диаметр условный переходной, мм"": ""40""}",,,6,9,1,https://www.santech.ru/catalog/293/310/i745/
8319,Задвижка чугун 30ч39р аналог МЗВГ обрезиненный клин силикон c гайкой Ду 150 Ру10/16 Тмакс=150C фл RMCX,107-3915,"{""Номенклатурный номер"": ""107-3915"", ""Бренд"": ""No name"", ""Описание"": ""Внешний вид изделия и количество присоединительных отверстий зависит от Ду, Pу и может отличаться от представленного на фото"", ""Инженерная система"": ""Водоснабжение"", ""Модель"": ""30ч39р"", ""Тип"": ""аналог МЗВГ"", ""Тип затвора"": ""с штурвалом"", ""Тип присоединения"": ""фланцевое"", ""Обрезиненный клин"": ""обрезиненный клин"", ""Материал резины клина"": ""силикон"", ""Рабочая среда"": ""вода"", ""Затвор"": ""клиновая"", ""Масса нетто"": ""22.1 кг"", ""Страна происхождения"": ""Китай"", ""Температура рабочей среды"": ""до +150 oC"", ""Гарантия"": ""12 месяцев"", ""Диаметр"": ""Ду 150"", ""Максимальное рабочее давление, бар"": ""Ру16"", ""Номинальное давление фланцев, бар"": ""Ру10/16"", ""Клин"": ""чугун GGG50"", ""Максимальная рабочая температура"": ""Тмакс=150C"", ""Количество отверстий"": ""8""}",16,,4,9,1,https://www.santech.ru/catalog/317/319/i34871/
8403,Задвижка чугун KR11 аналог МЗВГ обрезиненный клин EPDM ГРАНАР Ду 80 Ру16 Тмакс=120C фл ADL CV01F99854,007-7544,"{""Номенклатурный номер"": ""007-7544"", ""Бренд"": ""ADL"", ""Описание"": ""Внешний вид изделия и количество присоединительных отверстий зависит от Ду, Pу и может отличаться от представленного на фото"", ""Инженерная система"": ""Водоснабжение"", ""Модель"": ""KR11"", ""Тип"": ""аналог МЗВГ"", ""Тип затвора"": ""с штурвалом"", ""Тип присоединения"": ""фланцевое"", ""Обрезиненный клин"": ""обрезиненный клин"", ""Материал резины клина"": ""EPDM"", ""Рабочая среда"": ""вода"", ""Затвор"": ""клиновая"", ""Масса нетто"": ""17.07 кг"", ""Страна происхождения"": ""Россия"", ""Температура рабочей среды"": ""от -20 до +120 oC"", ""Гарантия"": ""18 месяцев"", ""Гарантия производителя"": ""18 месяцев"", ""Срок службы"": ""15 лет"", ""Диаметр"": ""Ду 80"", ""Максимальное рабочее давление, бар"": ""Ру16"", ""Номинальное давление фланцев, бар"": ""Ру16"", ""Артикул"": ""CV01F99854"", ""Клин"": ""чугун"", ""Максимальная рабочая температура"": ""Тмакс=120C"", ""Строительная длина"": ""180 мм""}",16,,4,45,1,https://www.santech.ru/catalog/317/319/i7994/
8506,Водонагреватель газовый проточный Suari S12 Kotitonttu 00-00000083,003-3256,"{""Номенклатурный номер"": ""003-3256"", ""Бренд"": ""Kotitonttu"", ""Инженерная система"": ""Водоснабжение"", ""Тип"": ""проточный"", ""Серия"": ""Suari S"", ""Тип крепления"": ""настенный"", ""Отвод продуктов сгорания"": ""естественная тяга"", ""Камера сгорания"": ""открытая"", ""Зажигание"": ""электророзжиг"", ""Управление"": ""механическое"", ""Масса нетто"": ""9 кг"", ""Страна происхождения"": ""Китай"", ""Модель"": ""Suari S12"", ""Артикул"": ""00-00000083"", ""Номинальная тепловая мощность"": ""24 кВт"", ""Вход холодной воды"": ""1/2\"""", ""Выход горячей воды"": ""1/2\"""", ""Подключение к газопроводу"": ""1/2\"""", ""Размер (высота-ширина-глубина)"": ""610x330x183 мм""}",,,10,85,1,https://www.santech.ru/catalog/508/517/i214/
8548,Узел насосно-смесительный R557RM-2 с насосом Giacomini R557RY045,040-5189,"{""Номенклатурный номер"": ""040-5189"", ""Бренд"": ""Giacomini"", ""Инженерная система"": ""Отопление"", ""Название"": ""Узел насосно-смесительный"", ""Модель"": ""R557RM-2"", ""Масса нетто"": ""4.9 кг"", ""Страна происхождения"": ""Италия"", ""Штрих-код на одну ТМЦ"": ""8009902324674"", ""Исполнение"": ""с насосом"", ""Артикул"": ""R557RY045""}",,,5,16,1,https://www.santech.ru/catalog/383/560/i821/
8576,Кран шаровой чугун R740F Ду 250 Ру16 фл полнопроходной рукоятка Тмакс=120 оС Giacomini R740FLY025,107-5392,"{""Номенклатурный номер"": ""107-5392"", ""Бренд"": ""Giacomini"", ""Описание"": ""Внешний вид изделия и количество присоединительных отверстий зависит от Ду, Pу и может отличаться от представленного на фото"", ""Инженерная система"": ""Отопление"", ""Тип"": ""шаровой"", ""Материал"": ""чугун"", ""Модель"": ""R740F"", ""Давление"": ""Ру16"", ""Тип присоединения"": ""фланцевое"", ""Тип устройства"": ""полнопроходной"", ""Тип затвора"": ""рукоятка"", ""Рабочая среда"": ""вода"", ""Масса нетто"": ""134.5 кг"", ""Страна происхождения"": ""Италия"", ""Штрих-код на одну ТМЦ"": ""8009902343835"", ""Температура рабочей среды"": ""до +120 oC"", ""Диаметр"": ""Ду 250"", ""Артикул"": ""R740FLY025""}",,,4,16,1,https://www.santech.ru/catalog/317/325/i47643/
8701,Муфта сталь нерж AISI 316L Дн 42 Ру16 пресс Inoxpres RM 183042000,129-4637,"{""Номенклатурный номер"": ""129-4637"", ""Бренд"": ""RM"", ""Инженерная система"": ""Водоснабжение, Отопление, Пожаротушение"", ""Материал"": ""сталь нержавеющая"", ""Марка материала"": ""AISI 316L"", ""Серия"": ""Inoxpres"", ""Тип присоединения"": ""пресс-соединение"", ""Пресс-профиль"": ""M-профиль"", ""Масса нетто"": ""0.14 кг"", ""Страна происхождения"": ""Италия"", ""Штрих-код на одну ТМЦ"": ""8013181121749"", ""Диаметр наружный, мм"": ""42"", ""Рабочее давление"": ""1,6 МПа"", ""Артикул"": ""183042000""}",,,9,95,1,https://www.santech.ru/catalog/259/261/i969/
8711,"Муфта латунь 20Aх1/2"" обжим/НР STAHLMANN SSML2001/2BEF",128-6895,"{""Номенклатурный номер"": ""128-6895"", ""Бренд"": ""STAHLMANN"", ""Инженерная система"": ""Водоснабжение, Водоотведение, Тепловые пункты, Пожаротушение"", ""Материал"": ""латунь"", ""Тип присоединения"": ""обжим/наружная резьба"", ""Масса нетто"": ""0.125 кг"", ""Страна происхождения"": ""Китай"", ""Штрих-код на одну ТМЦ"": ""4680039710185"", ""Температура рабочей среды"": ""до +110 oC"", ""Типоразмер"": ""20A"", ""Артикул"": ""SSML2001/2BEF""}",,,9,28,1,https://www.santech.ru/catalog/259/261/i20083/
8742,Муфта надвижная сталь нерж AISI 304 Дн 15 пресс FS142 SantechSystems,129-9035,"{""Номенклатурный номер"": ""129-9035"", ""Бренд"": ""SantechSystems"", ""Инженерная система"": ""Водоснабжение, Отопление, Пожаротушение"", ""Материал"": ""сталь нержавеющая"", ""Марка материала"": ""AISI 304"", ""Тип"": ""надвижная"", ""Тип присоединения"": ""пресс-соединение"", ""Пресс-профиль"": ""V-профиль"", ""Масса нетто"": ""0.062 кг"", ""Страна происхождения"": ""Китай"", ""Штрих-код на одну ТМЦ"": ""4606034350447"", ""Диаметр наружный, мм"": ""15""}",,,9,64,1,https://www.santech.ru/catalog/259/261/i1060/
8748,Муфта надвижная сталь нерж AISI 304 Дн 54 пресс FS142 SantechSystems,129-9041,"{""Номенклатурный номер"": ""129-9041"", ""Бренд"": ""SantechSystems"", ""Инженерная система"": ""Водоснабжение, Отопление, Пожаротушение"", ""Материал"": ""сталь нержавеющая"", ""Марка материала"": ""AISI 304"", ""Тип"": ""надвижная"", ""Тип присоединения"": ""пресс-соединение"", ""Пресс-профиль"": ""V-профиль"", ""Масса нетто"": ""0.316 кг"", ""Страна происхождения"": ""Китай"", ""Штрих-код на одну ТМЦ"": ""4606034350508"", ""Диаметр наружный, мм"": ""54""}",,,9,64,1,https://www.santech.ru/catalog/259/261/i1060/
8808,"Муфта латунь 25Aх1"" обжим/ВР STAHLMANN SSFL250001BEF",127-3551,"{""Номенклатурный номер"": ""127-3551"", ""Бренд"": ""STAHLMANN"", ""Инженерная система"": ""Водоснабжение, Водоотведение, Тепловые пункты, Пожаротушение"", ""Материал"": ""латунь"", ""Тип присоединения"": ""обжим/внутренняя резьба"", ""Масса нетто"": ""0.196 кг"", ""Страна происхождения"": ""Китай"", ""Штрих-код на одну ТМЦ"": ""4680039710109"", ""Область применения"": ""Обжимные латунные фитинги «Neptun IWS» предназначены для присоединения гибких гофрированных труб из нержавеющей стали «Neptun IWS» к приборам, имеющим входные соединения, а также для соединения гофрированных труб между собой"", ""Типоразмер"": ""25A"", ""Артикул"": ""SSFL250001BEF""}",,,9,28,1,https://www.santech.ru/catalog/259/261/i20084/
8814,"Муфта латунь 50Aх2"" обжим/ВР STAHLMANN SSFL500002BEF",129-6260,"{""Номенклатурный номер"": ""129-6260"", ""Бренд"": ""STAHLMANN"", ""Инженерная система"": ""Водоснабжение, Водоотведение, Тепловые пункты, Пожаротушение"", ""Материал"": ""латунь"", ""Тип присоединения"": ""обжим/внутренняя резьба"", ""Масса нетто"": ""0.857 кг"", ""Страна происхождения"": ""Россия"", ""Штрих-код на одну ТМЦ"": ""4680039711168"", ""Типоразмер"": ""50A"", ""Артикул"": ""SSFL500002BEF""}",,,9,28,1,https://www.santech.ru/catalog/259/261/i20084/
8827,Переход сталь нерж AISI 316L Дн 28х18 Ру16 труба/пресс Inoxpres RM 191028018,129-5132,"{""Номенклатурный номер"": ""129-5132"", ""Бренд"": ""RM"", ""Инженерная система"": ""Водоснабжение, Отопление, Пожаротушение"", ""Материал"": ""сталь нержавеющая"", ""Марка материала"": ""AISI 316L"", ""Серия"": ""Inoxpres"", ""Тип присоединения"": ""труба/пресс"", ""Пресс-профиль"": ""M-профиль"", ""Масса нетто"": ""0.057 кг"", ""Страна происхождения"": ""Италия"", ""Штрих-код на одну ТМЦ"": ""8013181212485"", ""Диаметр наружный, мм"": ""28"", ""Переход на диаметр, мм"": ""20"", ""Рабочее давление"": ""1,6 МПа"", ""Артикул"": ""191028018""}",,,9,95,1,https://www.santech.ru/catalog/259/261/i973/
8929,Отвод сталь нерж AISI 304 90гр Дн 22 пресс/труба FS103 SantechSystems,129-8929,"{""Номенклатурный номер"": ""129-8929"", ""Бренд"": ""SantechSystems"", ""Инженерная система"": ""Водоснабжение, Отопление, Пожаротушение"", ""Материал"": ""сталь нержавеющая"", ""Марка материала"": ""AISI 304"", ""Тип присоединения"": ""пресс-соединение/гладкий конец трубы"", ""Пресс-профиль"": ""V-профиль"", ""Масса нетто"": ""0.091 кг"", ""Страна происхождения"": ""Китай"", ""Штрих-код на одну ТМЦ"": ""4606034349380"", ""Диаметр наружный, мм"": ""22""}",,,9,64,1,https://www.santech.ru/catalog/259/261/i1046/
9037,Тройник переходной сталь нерж AISI 316L Дн 35х28х35 Ру16 пресс Inoxpres RM 192035028,129-5125,"{""Номенклатурный номер"": ""129-5125"", ""Бренд"": ""RM"", ""Инженерная система"": ""Водоснабжение, Отопление, Пожаротушение"", ""Материал"": ""сталь нержавеющая"", ""Марка материала"": ""AISI 316L"", ""Тип"": ""переходной"", ""Серия"": ""Inoxpres"", ""Тип присоединения"": ""пресс-соединение"", ""Пресс-профиль"": ""M-профиль"", ""Масса нетто"": ""0.188 кг"", ""Страна происхождения"": ""Италия"", ""Штрих-код на одну ТМЦ"": ""8013181085744"", ""Диаметр наружный, мм"": ""35"", ""Переход на диаметр, мм"": ""28"", ""Переход на диаметр 2, мм"": ""35"", ""Рабочее давление"": ""1,6 МПа"", ""Артикул"": ""192035028""}",,,9,95,1,https://www.santech.ru/catalog/259/261/i971/
9156,"Контргайка сталь нерж Ду 25 (1"") ВР Benarmo",129-2060,"{""Номенклатурный номер"": ""129-2060"", ""Бренд"": ""Benarmo"", ""Материал"": ""сталь нержавеющая"", ""Тип присоединения"": ""ВР"", ""Масса нетто"": ""0.065 кг"", ""Страна происхождения"": ""Китай"", ""Штрих-код на одну ТМЦ"": ""4606034356272"", ""Диаметр условный, мм"": ""25"", ""Диаметр резьбы"": ""1\""""}",,,9,26,1,https://www.santech.ru/catalog/259/261/i546/
9171,Кольцо фиксирующее латунь 20A для фитинга STAHLMANN SA065020,128-6974,"{""Номенклатурный номер"": ""128-6974"", ""Бренд"": ""STAHLMANN"", ""Инженерная система"": ""Водоснабжение"", ""Материал"": ""латунь"", ""Тип"": ""фиксирующее"", ""Назначение"": ""для фитинга"", ""Масса нетто"": ""0.003 кг"", ""Страна происхождения"": ""Китай"", ""Типоразмер"": ""20A"", ""Артикул"": ""SA065020""}",,,9,28,1,https://www.santech.ru/catalog/259/261/i833/
9219,Бойлер косвенного нагрева “бак в баке” нержавеющая сталь 283 л KRATS 300 1 т/о нержавеющая сталь возможна установка ТЭН KRATS BKNSB-300,003-3144,"{""Номенклатурный номер"": ""003-3144"", ""Бренд"": ""KRATS"", ""Инженерная система"": ""Водоснабжение"", ""Тип"": ""косвенного нагрева “бак в баке”"", ""Серия"": ""PREMIUM"", ""Количество теплообменников"": ""1 т/о"", ""Материал"": ""нержавеющая сталь"", ""Наличие ТЭН"": ""возможна установка ТЭН"", ""Рециркуляция"": ""есть"", ""Максимальное рабочее давление теплообменника(змеевика)"": ""2,5 бар"", ""Максимальное рабочее давление накопителя(бака, ГВС)"": ""6 бар"", ""Материал теплообменника"": ""нержавеющая сталь"", ""Масса нетто"": ""61 кг"", ""Страна происхождения"": ""Россия"", ""Штрих-код на одну ТМЦ"": ""4660304841226"", ""Объём"": ""283 л"", ""Объём бака ГВС"": ""210 л"", ""Объём бака/рубашки отопления"": ""73 л"", ""Модель"": ""KRATS 300"", ""Тип установки"": ""напольный"", ""Площадь теплообменника"": ""1.78 м2"", ""Артикул"": ""BKNSB-300"", ""Форма"": ""цилиндрический"", ""Подключение ТЭН"": ""1 1/2\"""", ""Подключение от котла (змеевик)"": ""1\"""", ""Подключение к контуру ГВС"": ""3/4\"""", ""Подключение к контуру рециркуляции"": ""3/4\"""", ""Марка материал теплообменника"": ""SS 304 (пищевая аустенитная)""}",,,10,100,1,https://www.santech.ru/catalog/508/518/i892/
9249,Бойлер комбинированного нагрева 150 л COMBI PRO WR 150 1 т/о правое подключение в комплекте ТЭН Metalac Bojler 173256,003-3415,"{""Номенклатурный номер"": ""003-3415"", ""Бренд"": ""Metalac Bojler"", ""Инженерная система"": ""Водоснабжение"", ""Тип"": ""комбинированного нагрева"", ""Серия"": ""COMBI PRO WR"", ""Количество теплообменников"": ""1 т/о"", ""Сторона подключения"": ""правое подключение"", ""Наличие ТЭН"": ""в комплекте ТЭН"", ""Рециркуляция"": ""есть"", ""Масса нетто"": ""64.1 кг"", ""Страна происхождения"": ""Сербия"", ""Штрих-код на одну ТМЦ"": ""8600034904422"", ""Объём"": ""150 л"", ""Модель"": ""COMBI PRO WR 150"", ""Тип установки"": ""настенный"", ""Площадь теплообменника"": ""0,9 м2"", ""Артикул"": ""173256"", ""Управление"": ""механическое"", ""Форма"": ""цилиндрический"", ""Напряжение питания"": ""230В"", ""Подключение от котла (змеевик)"": ""3/4\"""", ""Подключение к контуру ГВС"": ""1/2\"""", ""Подключение к контуру рециркуляции"": ""3/4\""""}",,,10,103,1,https://www.santech.ru/catalog/508/518/i930/
9302,Бойлер комбинированного нагрева 1000 л 1 т/о в комплекте ТЭН 12 кВт Eldom FV10010FS,003-3213,"{""Номенклатурный номер"": ""003-3213"", ""Бренд"": ""Eldom"", ""Инженерная система"": ""Водоснабжение"", ""Тип"": ""комбинированного нагрева"", ""Серия"": ""Green Line FV S"", ""Количество теплообменников"": ""1 т/о"", ""Наличие ТЭН"": ""в комплекте ТЭН"", ""Рециркуляция"": ""есть"", ""Масса нетто"": ""272 кг"", ""Страна происхождения"": ""Болгария"", ""Объём"": ""1000 л"", ""Тип установки"": ""напольный"", ""Мощность теплообменника"": ""88 кВт"", ""Артикул"": ""FV10010FS"", ""Мощность ТЭН"": ""12 кВт"", ""Подключение от котла (змеевик)"": ""1\"""", ""Подключение к контуру ГВС"": ""1 1/2\"""", ""Подключение к контуру рециркуляции"": ""3/4\""""}",,,10,73,1,
9348,Муфта гибкая грувлок ковкий чугун XGQT02B Ду80 (Дн89) Ру25 JIANZHI,016-4011,"{""Номенклатурный номер"": ""016-4011"", ""Бренд"": ""JIANZHI"", ""Инженерная система"": ""Пожаротушение"", ""Материал"": ""ковкий чугун"", ""Масса нетто"": ""1 кг"", ""Страна происхождения"": ""Китай"", ""Штрих-код на одну ТМЦ"": ""4606034307526"", ""Гарантия"": ""12 месяцев"", ""Срок службы"": ""5 лет"", ""Диаметр"": ""Ду80 (Дн89)"", ""Давление"": ""Ру25""}",,,6,98,1,https://www.santech.ru/catalog/293/1098/i637/
9376,"Отвод (колено) под муфту 22,5гр грувлок ковкий чугун XGQT05 Ду100 (Дн108) Ру25 JIANZHI",016-4181,"{""Номенклатурный номер"": ""016-4181"", ""Бренд"": ""JIANZHI"", ""Инженерная система"": ""Пожаротушение"", ""Тип соединения"": ""под муфту"", ""Материал"": ""ковкий чугун"", ""Масса нетто"": ""1.505 кг"", ""Страна происхождения"": ""Китай"", ""Штрих-код на одну ТМЦ"": ""4606034344866"", ""Гарантия"": ""12 месяцев"", ""Срок службы"": ""5 лет"", ""Диаметр"": ""Ду100 (Дн108)"", ""Давление"": ""Ру25""}",,,6,98,1,https://www.santech.ru/catalog/293/1098/i669/
9387,Отвод (колено) под муфту 90гр грувлок ковкий чугун XGQT03 Ду150 (Дн159) Ру25 JIANZHI,016-4032,"{""Номенклатурный номер"": ""016-4032"", ""Бренд"": ""JIANZHI"", ""Инженерная система"": ""Пожаротушение"", ""Тип соединения"": ""под муфту"", ""Материал"": ""ковкий чугун"", ""Масса нетто"": ""4.225 кг"", ""Страна происхождения"": ""Китай"", ""Штрих-код на одну ТМЦ"": ""4606034307731"", ""Гарантия"": ""12 месяцев"", ""Срок службы"": ""5 лет"", ""Диаметр"": ""Ду150 (Дн159)"", ""Давление"": ""Ру25""}",,,6,98,1,https://www.santech.ru/catalog/293/1098/i639/
9488,Переход под муфту грувлок ковкий чугун XGQT11 Ду65х32 (Дн76х42) Ру25 JIANZHI .,016-3803,"{""Номенклатурный номер"": ""016-3803"", ""Бренд"": ""JIANZHI"", ""Инженерная система"": ""Пожаротушение"", ""Тип соединения"": ""под муфту"", ""Материал"": ""ковкий чугун"", ""Масса нетто"": ""0.421 кг"", ""Страна происхождения"": ""Китай"", ""Штрих-код на одну ТМЦ"": ""4606034294406"", ""Гарантия"": ""12 месяцев"", ""Срок службы"": ""5 лет"", ""Диаметр"": ""Ду65х32 (Дн76х42)"", ""Давление"": ""Ру25""}",,,6,98,1,
9496,Тройник переходной под муфту грувлок ковкий чугун XGQT08 Ду80х65 (Дн89х76) Ру25 JIANZHI,016-3972,"{""Номенклатурный номер"": ""016-3972"", ""Бренд"": ""JIANZHI"", ""Инженерная система"": ""Пожаротушение"", ""Тип соединения"": ""под муфту"", ""Материал"": ""ковкий чугун"", ""Масса нетто"": ""1.33 кг"", ""Страна происхождения"": ""Китай"", ""Штрих-код на одну ТМЦ"": ""4606034309094"", ""Гарантия"": ""12 месяцев"", ""Срок службы"": ""5 лет"", ""Диаметр"": ""Ду80х65 (Дн89х76)"", ""Давление"": ""Ру25""}",,,6,98,1,https://www.santech.ru/catalog/293/1098/i621/
9502,Тройник переходной под муфту грувлок ковкий чугун XGQT08 Ду 200х65 (Дн219х76) Ру25 JIANZHI,016-3983,"{""Номенклатурный номер"": ""016-3983"", ""Бренд"": ""JIANZHI"", ""Инженерная система"": ""Пожаротушение"", ""Тип соединения"": ""под муфту"", ""Материал"": ""ковкий чугун"", ""Масса нетто"": ""4.96 кг"", ""Страна происхождения"": ""Китай"", ""Штрих-код на одну ТМЦ"": ""4606034309155"", ""Гарантия"": ""12 месяцев"", ""Срок службы"": ""5 лет"", ""Диаметр"": ""Ду 200х65 (Дн219х76)"", ""Давление"": ""Ру25""}",,,6,98,1,https://www.santech.ru/catalog/293/1098/i621/
9539,Фланец накидной разъемный грувлок ковкий чугун XGQT14 Ду50 (Дн60) Ру16 JIANZHI,016-4111,"{""Номенклатурный номер"": ""016-4111"", ""Бренд"": ""JIANZHI"", ""Инженерная система"": ""Пожаротушение"", ""Материал"": ""ковкий чугун"", ""Масса нетто"": ""1.41 кг"", ""Страна происхождения"": ""Китай"", ""Штрих-код на одну ТМЦ"": ""4606034308523"", ""Гарантия"": ""12 месяцев"", ""Срок службы"": ""5 лет"", ""Диаметр"": ""Ду50 (Дн60)"", ""Давление"": ""Ру16""}",,,6,98,1,https://www.santech.ru/catalog/293/1098/i647/
9563,"Кран пробко-сальниковый латунь 11б6бк Ду 50 Ру10 G2"" ВР пробка латунь ККАЗ",007-0757,"{""Номенклатурный номер"": ""007-0757"", ""Бренд"": ""ККАЗ"", ""Инженерная система"": ""Водоснабжение, Отопление, Тепловые пункты, Пожаротушение"", ""Материал"": ""латунь"", ""Давление"": ""Ру10"", ""Тип присоединения"": ""внутренняя резьба"", ""Тип"": ""пробко-сальниковый"", ""Модель"": ""11б6бк"", ""Температура транспортировки"": ""от -50 до 50 oC"", ""Класс герметичности затвора"": ""класс C по ГОСТ 9544-2005"", ""Масса нетто"": ""1.62 кг"", ""Страна происхождения"": ""Россия"", ""Штрих-код на одну ТМЦ"": ""4606034256534"", ""Температура рабочей среды"": ""до +100 oC"", ""Область применения"": ""Запорный орган на трубопроводах"", ""Комплект поставки"": ""кран в сборе"", ""Гарантия"": ""12 месяцев"", ""Гарантия производителя"": ""12 месяцев"", ""Диаметр"": ""Ду 50"", ""Строительная длина"": ""115 мм"", ""Исполнение"": ""пробка латунь"", ""Строительная высота"": ""101 мм""}",,,4,104,1,https://www.santech.ru/catalog/317/323/i2959/
9581,"Труба PP-B с раструбом коричневая Дн 110х3,4 б/нап SN4 L=4,0м в/к VALFEX 301100400",033-4391,"{""Номенклатурный номер"": ""033-4391"", ""Бренд"": ""VALFEX"", ""Инженерная система"": ""Водоотведение"", ""Назначение"": ""наружная канализация"", ""Материал"": ""PP-B"", ""Тип"": ""с раструбом"", ""Цвет"": ""коричневый"", ""Масса нетто"": ""4.47 кг"", ""Страна происхождения"": ""Россия"", ""Штрих-код на одну ТМЦ"": ""4660042572659"", ""Температура рабочей среды"": ""до +70 oC"", ""Область применения"": ""Для наружной системы канализации"", ""Комплект поставки"": ""В комплекте с уплотнительными кольцами"", ""Диаметр, мм"": ""Дн 110"", ""Строительная длина, мм"": ""4000"", ""Давление"": ""безнапорное"", ""Исполнение"": ""в/к"", ""Артикул"": ""301100400"", ""Рабочая среда"": ""сточные воды""}",,,1,55,1,https://www.santech.ru/catalog/278/279/i19789/
9635,"Труба PP-H с раструбом серая BASE Дн 40х1,8 б/нап L=0,75м в/к VALFEX 200400075",033-4412,"{""Номенклатурный номер"": ""033-4412"", ""Бренд"": ""VALFEX"", ""Инженерная система"": ""Водоотведение"", ""Система"": ""BASE"", ""Назначение"": ""внутренняя канализация"", ""Материал"": ""PP-H"", ""Тип"": ""с раструбом"", ""Цвет"": ""серый"", ""Масса нетто"": ""0.166 кг"", ""Страна происхождения"": ""Россия"", ""Штрих-код на одну ТМЦ"": ""4660042573267"", ""Температура рабочей среды"": ""до +70 oC"", ""Область применения"": ""Для внутренней системы канализации"", ""Комплект поставки"": ""В комплекте с уплотнительными кольцами"", ""Диаметр, мм"": ""Дн 40"", ""Строительная длина, мм"": ""750"", ""Давление"": ""безнапорное"", ""Исполнение"": ""в/к"", ""Артикул"": ""200400075"", ""Рабочая среда"": ""сточные воды""}",,,1,55,1,https://www.santech.ru/catalog/278/279/i19790/
9715,Переход PP-H эксцентрический серый BASE Дн 50х32 б/нап в/к VALFEX 25050032,128-3783,"{""Номенклатурный номер"": ""128-3783"", ""Бренд"": ""VALFEX"", ""Инженерная система"": ""Водоотведение"", ""Система"": ""BASE"", ""Назначение"": ""внутренняя канализация"", ""Материал"": ""PP-H"", ""Тип"": ""эксцентрический"", ""Цвет"": ""серый"", ""Масса нетто"": ""0.028 кг"", ""Страна происхождения"": ""Россия"", ""Штрих-код на одну ТМЦ"": ""4660042577937"", ""Температура рабочей среды"": ""до +70 oC"", ""Область применения"": ""Для внутренней системы канализации"", ""Комплект поставки"": ""В комплекте с уплотнительными кольцами"", ""Диаметр, мм"": ""Дн 50"", ""Давление"": ""безнапорное"", ""Исполнение"": ""в/к"", ""Артикул"": ""25050032"", ""Рабочая среда"": ""сточные воды""}",,,1,55,1,https://www.santech.ru/catalog/278/279/i19798/
9717,Переход PP-H эксцентрический серый BASE Дн 110х50 б/нап в/к VALFEX 25110050,127-0623,"{""Номенклатурный номер"": ""127-0623"", ""Бренд"": ""VALFEX"", ""Инженерная система"": ""Водоотведение"", ""Система"": ""BASE"", ""Назначение"": ""внутренняя канализация"", ""Материал"": ""PP-H"", ""Тип"": ""эксцентрический"", ""Цвет"": ""серый"", ""Масса нетто"": ""0.096 кг"", ""Страна происхождения"": ""Россия"", ""Штрих-код на одну ТМЦ"": ""4640017897390"", ""Температура рабочей среды"": ""до +70 oC"", ""Область применения"": ""Для внутренней системы канализации"", ""Комплект поставки"": ""В комплекте с уплотнительными кольцами"", ""Диаметр, мм"": ""Дн 110"", ""Давление"": ""безнапорное"", ""Исполнение"": ""в/к"", ""Артикул"": ""25110050"", ""Рабочая среда"": ""сточные воды""}",,,1,55,1,https://www.santech.ru/catalog/278/279/i19798/
9765,"Труба PP-MD с раструбом бесшумная светло-серая Skolan Safe SKEM Дн 90х4,5 (DN90) б/нап L=3,0м в/к Ostendorf 334070",033-4633,"{""Номенклатурный номер"": ""033-4633"", ""Бренд"": ""Ostendorf"", ""Инженерная система"": ""Водоотведение"", ""Система"": ""Skolan Safe"", ""Модель"": ""SKEM"", ""Назначение"": ""внутренняя бесшумная канализация"", ""Материал"": ""PP-MD"", ""Тип"": ""с раструбом"", ""Система малошумной канализации"": ""бесшумная"", ""Цвет"": ""серый"", ""Масса нетто"": ""9.162 кг"", ""Страна происхождения"": ""Германия"", ""Штрих-код на одну ТМЦ"": ""4052836340702"", ""Диаметр, мм"": ""Дн 90"", ""Строительная длина, мм"": ""3000"", ""Давление"": ""безнапорное"", ""Исполнение"": ""в/к"", ""Артикул"": ""334070""}",,,1,50,1,https://www.santech.ru/catalog/278/279/i357/
9778,Отвод PP-H серый HT HTB Дн 75х87гр б/нап в/к Ostendorf 113140,027-4857,"{""Номенклатурный номер"": ""027-4857"", ""Бренд"": ""Ostendorf"", ""Инженерная система"": ""Водоотведение"", ""Система"": ""HT"", ""Модель"": ""HTB"", ""Назначение"": ""внутренняя канализация"", ""Материал"": ""PP-H"", ""Цвет"": ""серый"", ""Масса нетто"": ""0.093 кг"", ""Страна происхождения"": ""Россия"", ""Штрих-код на одну ТМЦ"": ""4052836131409"", ""Температура рабочей среды"": ""до +90 oC"", ""Область применения"": ""Для внутренней системы канализации"", ""Комплект поставки"": ""В комплекте с уплотнительными кольцами"", ""Диаметр, мм"": ""Дн 75"", ""Угол (в градусах)"": ""87гр"", ""Давление"": ""безнапорное"", ""Исполнение"": ""в/к"", ""Артикул"": ""113140"", ""Рабочая среда"": ""сточные воды"", ""Длина раструба, мм"": ""L= 61 мм""}",,,1,50,1,https://www.santech.ru/catalog/278/279/i282/
9813,"Труба PP-H с раструбом серая HT HTEM Дн 75х1,9 б/нап L=2,0м в/к Ostendorf 113060",033-0797,"{""Номенклатурный номер"": ""033-0797"", ""Бренд"": ""Ostendorf"", ""Инженерная система"": ""Водоотведение"", ""Система"": ""HT"", ""Модель"": ""HTEM"", ""Назначение"": ""внутренняя канализация"", ""Материал"": ""PP-H"", ""Тип"": ""с раструбом"", ""Цвет"": ""серый"", ""Масса нетто"": ""0.938 кг"", ""Страна происхождения"": ""Россия"", ""Штрих-код на одну ТМЦ"": ""4025075102608"", ""Температура рабочей среды"": ""до +90 oC"", ""Область применения"": ""Для внутренней системы канализации"", ""Комплект поставки"": ""В комплекте с уплотнительными кольцами"", ""Диаметр, мм"": ""Дн 75"", ""Строительная длина, мм"": ""2000"", ""Давление"": ""безнапорное"", ""Исполнение"": ""в/к"", ""Артикул"": ""113060"", ""Рабочая среда"": ""сточные воды"", ""Длина раструба, мм"": ""L= 61 мм""}",,,1,50,1,https://www.santech.ru/catalog/278/279/i369/
9855,Отвод PP-MD бесшумный светло-серый Skolan Safe SKB Дн 78х15гр (DN75) б/нап в/к Ostendorf 333100,128-4367,"{""Номенклатурный номер"": ""128-4367"", ""Бренд"": ""Ostendorf"", ""Инженерная система"": ""Водоотведение"", ""Система"": ""Skolan Safe"", ""Модель"": ""SKB"", ""Назначение"": ""внутренняя бесшумная канализация"", ""Материал"": ""PP-MD"", ""Система малошумной канализации"": ""бесшумная"", ""Цвет"": ""серый"", ""Масса нетто"": ""0.256 кг"", ""Страна происхождения"": ""Германия"", ""Штрих-код на одну ТМЦ"": ""4052836331007"", ""Диаметр, мм"": ""Дн 78"", ""Угол (в градусах)"": ""15гр"", ""Давление"": ""безнапорное"", ""Исполнение"": ""в/к"", ""Артикул"": ""333100""}",,,1,50,1,https://www.santech.ru/catalog/278/279/i3543/
9882,Отвод PP-H серый HT HTB Дн 125х15гр б/нап в/к Ostendorf 116100,128-2878,"{""Номенклатурный номер"": ""128-2878"", ""Бренд"": ""Ostendorf"", ""Инженерная система"": ""Водоотведение"", ""Система"": ""HT"", ""Модель"": ""HTB"", ""Назначение"": ""внутренняя канализация"", ""Материал"": ""PP-H"", ""Цвет"": ""серый"", ""Масса нетто"": ""0.215 кг"", ""Страна происхождения"": ""Германия"", ""Штрих-код на одну ТМЦ"": ""4052836161000"", ""Диаметр, мм"": ""Дн 125"", ""Угол (в градусах)"": ""15гр"", ""Давление"": ""безнапорное"", ""Исполнение"": ""в/к"", ""Артикул"": ""116100""}",,,1,50,1,https://www.santech.ru/catalog/278/279/i3619/
9933,Тройник PP-MD переходной бесшумный светло-серый Skolan Safe SKEA Дн 90х78х45гр (DN90х75) б/нап в/к Ostendorf 334210,128-4394,"{""Номенклатурный номер"": ""128-4394"", ""Бренд"": ""Ostendorf"", ""Инженерная система"": ""Водоотведение"", ""Система"": ""Skolan Safe"", ""Модель"": ""SKEA"", ""Назначение"": ""внутренняя бесшумная канализация"", ""Материал"": ""PP-MD"", ""Система малошумной канализации"": ""бесшумная"", ""Вид"": ""переходной"", ""Цвет"": ""серый"", ""Масса нетто"": ""0.661 кг"", ""Страна происхождения"": ""Германия"", ""Штрих-код на одну ТМЦ"": ""4052836342102"", ""Диаметр, мм"": ""Дн 90"", ""Угол (в градусах)"": ""45гр"", ""Давление"": ""безнапорное"", ""Исполнение"": ""в/к"", ""Артикул"": ""334210""}",,,1,50,1,https://www.santech.ru/catalog/278/279/i37611/
9961,Тройник PP-H переходной серая HT HTEA Дн 110х90х87гр б/нап в/к Ostendorf 115430,129-6528,"{""Номенклатурный номер"": ""129-6528"", ""Бренд"": ""Ostendorf"", ""Инженерная система"": ""Водоотведение"", ""Система"": ""HT"", ""Модель"": ""HTEA"", ""Назначение"": ""внутренняя канализация"", ""Материал"": ""PP-H"", ""Вид"": ""переходной"", ""Цвет"": ""серый"", ""Масса нетто"": ""0.305 кг"", ""Страна происхождения"": ""Германия"", ""Штрих-код на одну ТМЦ"": ""4052836143600"", ""Диаметр, мм"": ""Дн 110"", ""Угол (в градусах)"": ""90 гр"", ""Давление"": ""безнапорное"", ""Исполнение"": ""в/к"", ""Артикул"": ""115430""}",,,1,50,1,https://www.santech.ru/catalog/278/279/i3636/
9962,Тройник PP-H переходной серая HT HTEA Дн 125х110х87гр б/нап в/к Ostendorf 116410,027-6196,"{""Номенклатурный номер"": ""027-6196"", ""Бренд"": ""Ostendorf"", ""Инженерная система"": ""Водоотведение"", ""Система"": ""HT"", ""Модель"": ""HTEA"", ""Назначение"": ""внутренняя канализация"", ""Материал"": ""PP-H"", ""Вид"": ""переходной"", ""Цвет"": ""серый"", ""Масса нетто"": ""0.442 кг"", ""Страна происхождения"": ""Германия"", ""Штрих-код на одну ТМЦ"": ""4052836164100"", ""Температура рабочей среды"": ""до +90 oC"", ""Область применения"": ""Для внутренней системы канализации"", ""Комплект поставки"": ""В комплекте с уплотнительными кольцами"", ""Диаметр, мм"": ""Дн 125"", ""Угол (в градусах)"": ""90 гр"", ""Давление"": ""безнапорное"", ""Исполнение"": ""в/к"", ""Артикул"": ""116410"", ""Рабочая среда"": ""сточные воды"", ""Длина раструба, мм"": ""L= 82 мм""}",,,1,50,1,https://www.santech.ru/catalog/278/279/i3636/
9970,Тройник PP-H серая HT HTEA Дн 50х50х87гр б/нап в/к Ostendorf 112400,027-1812,"{""Номенклатурный номер"": ""027-1812"", ""Бренд"": ""Ostendorf"", ""Инженерная система"": ""Водоотведение"", ""Система"": ""HT"", ""Модель"": ""HTEA"", ""Назначение"": ""внутренняя канализация"", ""Материал"": ""PP-H"", ""Цвет"": ""серый"", ""Масса нетто"": ""0.074 кг"", ""Страна происхождения"": ""Россия"", ""Штрих-код на одну ТМЦ"": ""4052836124005"", ""Температура рабочей среды"": ""до +90 oC"", ""Область применения"": ""Для внутренней системы канализации"", ""Комплект поставки"": ""В комплекте с уплотнительными кольцами"", ""Диаметр, мм"": ""Дн 50"", ""Угол (в градусах)"": ""87гр"", ""Давление"": ""безнапорное"", ""Исполнение"": ""в/к"", ""Артикул"": ""112400"", ""Рабочая среда"": ""сточные воды"", ""Длина раструба, мм"": ""L= 56 мм""}",,,1,50,1,https://www.santech.ru/catalog/278/279/i3638/
10073,Переход PP-H эксцентрический серая HT HTR Дн 90х75 б/нап в/к Ostendorf 114710,128-4262,"{""Номенклатурный номер"": ""128-4262"", ""Бренд"": ""Ostendorf"", ""Инженерная система"": ""Водоотведение"", ""Система"": ""HT"", ""Модель"": ""HTR"", ""Назначение"": ""внутренняя канализация"", ""Материал"": ""PP-H"", ""Тип"": ""эксцентрический"", ""Цвет"": ""серый"", ""Масса нетто"": ""0.085 кг"", ""Страна происхождения"": ""Россия"", ""Штрих-код на одну ТМЦ"": ""4052836147103"", ""Диаметр, мм"": ""Дн 90"", ""Давление"": ""безнапорное"", ""Исполнение"": ""в/к"", ""Артикул"": ""114710""}",,,1,50,1,https://www.santech.ru/catalog/278/279/i312/
10173,"Труба PP-H с раструбом серая Дн 50х1,8 б/нап L=3,0м в/к RTP (РосТурПласт) 11160",033-1743,"{""Номенклатурный номер"": ""033-1743"", ""Бренд"": ""Ростурпласт-RTP"", ""Инженерная система"": ""Водоотведение"", ""Назначение"": ""внутренняя канализация"", ""Материал"": ""PP-H"", ""Тип"": ""с раструбом"", ""Цвет"": ""серый"", ""Масса нетто"": ""0.696 кг"", ""Страна происхождения"": ""Россия"", ""Штрих-код на одну ТМЦ"": ""4640014211670"", ""Температура рабочей среды"": ""до +80 oC"", ""Область применения"": ""Для внутренней системы канализации"", ""Комплект поставки"": ""В комплекте с уплотнительными кольцами"", ""Диаметр, мм"": ""Дн 50"", ""Строительная длина, мм"": ""3000"", ""Давление"": ""безнапорное"", ""Исполнение"": ""в/к"", ""Артикул"": ""11160"", ""Рабочая среда"": ""сточные воды"", ""Длина раструба, мм"": ""L= 53 мм""}",,,1,67,1,https://www.santech.ru/catalog/278/279/i372/
10258,Тройник PP-M бесшумный белый Дн 32х32х45гр б/нап в/к RTP (РосТурПласт) 36428,129-5047,"{""Номенклатурный номер"": ""129-5047"", ""Бренд"": ""Ростурпласт-RTP"", ""Инженерная система"": ""Водоотведение"", ""Назначение"": ""внутренняя бесшумная канализация"", ""Материал"": ""PP-M"", ""Система малошумной канализации"": ""бесшумная"", ""Цвет"": ""белый"", ""Масса нетто"": ""0.043 кг"", ""Страна происхождения"": ""Россия"", ""Штрих-код на одну ТМЦ"": ""4660028386614"", ""Диаметр, мм"": ""Дн 32"", ""Угол (в градусах)"": ""45гр"", ""Давление"": ""безнапорное"", ""Исполнение"": ""в/к"", ""Артикул"": ""36428"", ""Рабочая среда"": ""сточные воды""}",,,1,67,1,https://www.santech.ru/catalog/278/279/i3396/
10289,Крестовина PP-H 1-плоскостная серая Дн 110х110х50х87гр б/нап в/к RTP (РосТурПласт) 36476,129-5026,"{""Номенклатурный номер"": ""129-5026"", ""Бренд"": ""Ростурпласт-RTP"", ""Инженерная система"": ""Водоотведение"", ""Назначение"": ""внутренняя канализация"", ""Материал"": ""PP-H"", ""Тип"": ""1-плоскостная"", ""Цвет"": ""серый"", ""Масса нетто"": ""0.317 кг"", ""Страна происхождения"": ""Россия"", ""Штрих-код на одну ТМЦ"": ""4640014212332"", ""Диаметр, мм"": ""Дн 110"", ""Диаметр вых крестовин, мм"": ""50"", ""Угол (в градусах)"": ""87гр"", ""Давление"": ""безнапорное"", ""Исполнение"": ""в/к"", ""Артикул"": ""36476"", ""Рабочая среда"": ""сточные воды""}",,,1,67,1,https://www.santech.ru/catalog/278/279/i3566/
10380,Переход PP-H эксцентрический бесшумный белый Дн 110х75 б/нап в/к Rehau 11214041002,128-8492,"{""Номенклатурный номер"": ""128-8492"", ""Бренд"": ""Rehau"", ""Инженерная система"": ""Водоотведение"", ""Назначение"": ""внутренняя бесшумная канализация"", ""Материал"": ""PP-H"", ""Тип"": ""эксцентрический"", ""Система малошумной канализации"": ""бесшумная"", ""Цвет"": ""белый"", ""Масса нетто"": ""0.207 кг"", ""Страна происхождения"": ""Германия"", ""Штрих-код на одну ТМЦ"": ""4606034342206"", ""Диаметр, мм"": ""Дн 110"", ""Давление"": ""безнапорное"", ""Исполнение"": ""в/к"", ""Артикул"": ""11214041002""}",,,1,17,1,https://www.santech.ru/catalog/278/279/i34685/
10385,Тройник PP-MD переходной бесшумный светло-серый Skolan Safe SKEA Дн 90х78х87гр (DN90х75) б/нап в/к Ostendorf 334410,128-4401,"{""Номенклатурный номер"": ""128-4401"", ""Бренд"": ""Ostendorf"", ""Инженерная система"": ""Водоотведение"", ""Система"": ""Skolan Safe"", ""Модель"": ""SKEA"", ""Назначение"": ""внутренняя бесшумная канализация"", ""Материал"": ""PP-MD"", ""Система малошумной канализации"": ""бесшумная"", ""Вид"": ""переходной"", ""Цвет"": ""серый"", ""Масса нетто"": ""0.513 кг"", ""Страна происхождения"": ""Германия"", ""Штрих-код на одну ТМЦ"": ""4052836344106"", ""Диаметр, мм"": ""Дн 90"", ""Угол (в градусах)"": ""87гр"", ""Давление"": ""безнапорное"", ""Исполнение"": ""в/к"", ""Артикул"": ""334410""}",,,1,50,1,https://www.santech.ru/catalog/278/279/i3629/
10495,"Труба PP-MD с раструбом зелёная KG2000 KG2000EM Дн 250х9,6 б/нап SN16 L=6,0м в/к Ostendorf 780790",033-4850,"{""Номенклатурный номер"": ""033-4850"", ""Бренд"": ""Ostendorf"", ""Инженерная система"": ""Водоотведение"", ""Система"": ""KG2000"", ""Модель"": ""KG2000EM"", ""Назначение"": ""наружная канализация"", ""Материал"": ""PP-MD"", ""Тип"": ""с раструбом"", ""Цвет"": ""зелёный"", ""Масса нетто"": ""57.255 кг"", ""Страна происхождения"": ""Германия"", ""Штрих-код на одну ТМЦ"": ""4052836107589"", ""Диаметр, мм"": ""Дн 250"", ""Строительная длина, мм"": ""6000"", ""Давление"": ""безнапорное"", ""Исполнение"": ""в/к"", ""Артикул"": ""780790""}",,,1,50,1,https://www.santech.ru/catalog/278/279/i3383/
10518,Отвод PP-MD зелёный KG2000 KG2000B Дн 315х15гр б/нап в/к Ostendorf 771800,128-5107,"{""Номенклатурный номер"": ""128-5107"", ""Бренд"": ""Ostendorf"", ""Инженерная система"": ""Водоотведение"", ""Система"": ""KG2000"", ""Модель"": ""KG2000B"", ""Назначение"": ""наружная канализация"", ""Материал"": ""PP-MD"", ""Цвет"": ""зелёный"", ""Масса нетто"": ""5.471 кг"", ""Страна происхождения"": ""Германия"", ""Штрих-код на одну ТМЦ"": ""4052836718006"", ""Диаметр, мм"": ""Дн 315"", ""Угол (в градусах)"": ""15гр"", ""Давление"": ""безнапорное"", ""Исполнение"": ""в/к"", ""Артикул"": ""771800""}",,,1,50,1,https://www.santech.ru/catalog/278/279/i3385/
10562,Тройник PP-MD зелёный KG2000 KG2000EA Дн 160х160х45гр б/нап в/к Ostendorf 772550,127-9189,"{""Номенклатурный номер"": ""127-9189"", ""Бренд"": ""Ostendorf"", ""Инженерная система"": ""Водоотведение"", ""Система"": ""KG2000"", ""Модель"": ""KG2000EA"", ""Назначение"": ""наружная канализация"", ""Материал"": ""PP-MD"", ""Цвет"": ""зелёный"", ""Масса нетто"": ""1.7 кг"", ""Страна происхождения"": ""Германия"", ""Штрих-код на одну ТМЦ"": ""4052836725509"", ""Температура рабочей среды"": ""до +95 oC"", ""Область применения"": ""Для наружной системы канализации"", ""Комплект поставки"": ""В комплекте с уплотнительными кольцами"", ""Диаметр, мм"": ""Дн 160"", ""Угол (в градусах)"": ""45гр"", ""Давление"": ""безнапорное"", ""Исполнение"": ""в/к"", ""Артикул"": ""772550"", ""Рабочая среда"": ""сточные воды"", ""Длина раструба, мм"": ""L= 95 мм""}",,,1,50,1,https://www.santech.ru/catalog/278/279/i3633/
21919,"Группа коллекторная латунь 1"" ВР/ВР 8 вых НР под адаптер с седлом 18мм с расходомерами R553FKDB Giacomini R553FKDB108",040-5071,"{""Номенклатурный номер"": ""040-5071"", ""Бренд"": ""Giacomini"", ""Описание"": ""Версия с малым расходом.Диапазон регулирования: 0,4÷2,6 л/мин.Внутренняя мембрана буксы клапана: красный цвет (виден только при замене буксы).Для шкафов R500-2."", ""Инженерная система"": ""Водоснабжение, Отопление"", ""Материал"": ""латунь"", ""Максимальное рабочее давление"": ""10 бар"", ""Максимальная рабочая температура"": ""110 оС"", ""Межосевое расстояние между выходами (отводами)"": ""50 мм"", ""Исполнение"": ""с расходомерами"", ""Комплектация коллекторной группы"": ""с кронштейнами, воздухоотводчиками, торцевыми кранами"", ""Модель"": ""R553FKDB"", ""Состав коллекторной группы"": ""подающий коллектор: с расходомерами и отсечными клапанами, обратный коллектор: с динамическими балансировочными клапанами с возможностью установки приводов R473/R473M"", ""Масса нетто"": ""8.89 кг"", ""Страна происхождения"": ""Италия"", ""Штрих-код на одну ТМЦ"": ""8009902357740"", ""Количество выходов (отводов)"": ""8 вых"", ""Присоединительный размер коллектора"": ""1\"""", ""Тип присоединения коллектора"": ""внутренняя/внутренняя резьба"", ""Межосевое расстояние между коллекторами"": ""213 мм"", ""Тип присоединения выхода (отвода)"": ""наружная резьба"", ""Тип соединения выхода (отвода)"": ""под адаптер с седлом 18мм"", ""Диаметр"": ""1\""х18"", ""Артикул"": ""R553FKDB108""}",,,5,16,1,https://www.santech.ru/catalog/383/387/i1212/
21965,"Группа коллекторная латунь 1 1/4"" ВР/ВР 12 вых НР под адаптер с седлом 18мм с расходомерами R553F Giacomini R553FZY032",040-5043,"{""Номенклатурный номер"": ""040-5043"", ""Бренд"": ""Giacomini"", ""Инженерная система"": ""Водоснабжение, Отопление"", ""Материал"": ""латунь"", ""Максимальное рабочее давление"": ""10 бар"", ""Межосевое расстояние между выходами (отводами)"": ""50 мм"", ""Исполнение"": ""с расходомерами"", ""Модель"": ""R553F"", ""Масса нетто"": ""11.21 кг"", ""Страна происхождения"": ""Италия"", ""Штрих-код на одну ТМЦ"": ""8009902295394"", ""Количество выходов (отводов)"": ""12 вых"", ""Присоединительный размер коллектора"": ""1 1/4\"""", ""Тип присоединения коллектора"": ""внутренняя/внутренняя резьба"", ""Межосевое расстояние между коллекторами"": ""213 мм"", ""Тип присоединения выхода (отвода)"": ""наружная резьба"", ""Тип соединения выхода (отвода)"": ""под адаптер с седлом 18мм"", ""Диаметр"": ""1 1/4\""х18"", ""Артикул"": ""R553FZY032""}",,,5,16,1,https://www.santech.ru/catalog/383/387/i1210/
22042,"Группа коллекторная латунь 1"" ВР/ВР 2 вых НР под адаптер с седлом 18мм R553DK Giacomini R553DK102",040-5055,"{""Номенклатурный номер"": ""040-5055"", ""Бренд"": ""Giacomini"", ""Инженерная система"": ""Водоснабжение, Отопление"", ""Материал"": ""латунь"", ""Максимальное рабочее давление"": ""10 бар"", ""Максимальная рабочая температура"": ""110 оС"", ""Межосевое расстояние между выходами (отводами)"": ""50 мм"", ""Комплектация коллекторной группы"": ""с кронштейнами, воздухоотводчиками, торцевыми кранами"", ""Модель"": ""R553DK"", ""Диаметр коллектора"": ""Ду 25"", ""Марка материала коллектора"": ""CW617N"", ""Состав коллекторной группы"": ""подающий коллектор: со встроенными отсечными балансировочными клапанами с механической памятью;, обратный коллектор: со встроенными термостатическими клапанами (вентилями), 1 комплект этикеток для обозначения контуров"", ""Масса нетто"": ""4.097 кг"", ""Страна происхождения"": ""Италия"", ""Штрих-код на одну ТМЦ"": ""8009902270025"", ""Количество выходов (отводов)"": ""2 вых"", ""Присоединительный размер коллектора"": ""1\"""", ""Тип присоединения коллектора"": ""внутренняя/внутренняя резьба"", ""Межосевое расстояние между коллекторами"": ""213 мм"", ""Тип присоединения выхода (отвода)"": ""наружная резьба"", ""Тип соединения выхода (отвода)"": ""под адаптер с седлом 18мм"", ""Диаметр"": ""1\""х18"", ""Артикул"": ""R553DK102""}",,,5,16,1,https://www.santech.ru/catalog/383/387/i36431/
22173,Сгон сталь Ду 25 L=130мм б/комплекта ГОСТ 8969-75 КАЗ,027-1286,"{""Номенклатурный номер"": ""027-1286"", ""Бренд"": ""КАЗ"", ""Описание"": ""Допускается присутствие на товаре незначительного налета коррозии, не оказывающей влияния на эксплуатационные свойства товара"", ""Инженерная система"": ""Водоснабжение, Отопление, Тепловые пункты, Пожаротушение"", ""Материал"": ""сталь"", ""Покрытие"": ""без покрытия"", ""Тип резьбы"": ""трубная цилиндрическая"", ""Масса нетто"": ""0.227 кг"", ""Страна происхождения"": ""Россия"", ""Штрих-код на одну ТМЦ"": ""4606034000250"", ""Область применения"": ""Для соединения труб в системах водопровода, газопровода, отопления и др."", ""Диаметр условный, мм"": ""25"", ""Диаметр резьбы в дюймах"": ""1\"""", ""Размер"": ""130""}",,,6,37,1,https://www.santech.ru/catalog/293/312/i702/
22252,Сгон сталь Ду 20 L=110мм б/комплекта ГОСТ 8969-75 АС,129-3528,"{""Номенклатурный номер"": ""129-3528"", ""Бренд"": ""АС"", ""Инженерная система"": ""Водоснабжение, Отопление, Тепловые пункты, Пожаротушение"", ""Материал"": ""сталь"", ""Покрытие"": ""без покрытия"", ""Тип резьбы"": ""трубная цилиндрическая"", ""Масса нетто"": ""0.144 кг"", ""Страна происхождения"": ""Россия"", ""Штрих-код на одну ТМЦ"": ""4606034317761"", ""Диаметр условный, мм"": ""20"", ""Диаметр резьбы в дюймах"": ""3/4\"""", ""Размер"": ""110""}",,,6,32,1,https://www.santech.ru/catalog/293/312/i430/
22505,Резьба сталь удлиненная Ду 50 L=70мм из труб по ГОСТ 3262-75 АС,129-3518,"{""Номенклатурный номер"": ""129-3518"", ""Бренд"": ""АС"", ""Инженерная система"": ""Водоснабжение, Отопление, Тепловые пункты, Пожаротушение"", ""Материал"": ""сталь"", ""Тип"": ""удлиненная"", ""Покрытие"": ""без покрытия"", ""Тип резьбы"": ""трубная цилиндрическая"", ""Исполнение"": ""из труб по ГОСТ 3262-75"", ""Масса нетто"": ""0.31 кг"", ""Страна происхождения"": ""Россия"", ""Штрих-код на одну ТМЦ"": ""4606034317549"", ""Диаметр условный, мм"": ""50"", ""Диаметр резьбы в дюймах"": ""2\"""", ""Размер"": ""70""}",,,6,32,1,https://www.santech.ru/catalog/293/312/i428/
22509,Отрезок трубы ВГП оц Ду 25 L=1000мм из труб по ГОСТ 3262-75 КАЗ,027-2011,"{""Номенклатурный номер"": ""027-2011"", ""Бренд"": ""КАЗ"", ""Инженерная система"": ""Водоснабжение, Отопление, Тепловые пункты, Пожаротушение"", ""Покрытие"": ""оцинкованный"", ""Тип резьбы"": ""трубная цилиндрическая"", ""Исполнение"": ""из труб по ГОСТ 3262-75"", ""Масса нетто"": ""2.14 кг"", ""Страна происхождения"": ""Россия"", ""Штрих-код на одну ТМЦ"": ""4606034001653"", ""Область применения"": ""Монтаж систем отопления. Устройство водо-и газопроводов. Изготовление деталей конструкций"", ""Диаметр условный, мм"": ""25"", ""Диаметр резьбы в дюймах"": ""1\"""", ""Размер"": ""1000""}",,,6,37,1,https://www.santech.ru/catalog/293/312/i651/
22553,"Кран для манометра 3-ходовой латунь 1063 Ду 15 Ру16 ВР/ВР G1/2"" с рукояткой с фланцем Aquasfera 1063-01",012-0097,"{""Номенклатурный номер"": ""012-0097"", ""Бренд"": ""Aquasfera"", ""Инженерная система"": ""Отопление"", ""Тип устройства"": ""3-ходовой"", ""Материал"": ""латунь"", ""Управление"": ""с рукояткой"", ""Контрольный фланец"": ""с фланцем"", ""Масса нетто"": ""0.257 кг"", ""Страна происхождения"": ""Китай"", ""Штрих-код на одну ТМЦ"": ""4606034165386"", ""Температура рабочей среды"": ""до +130 oC"", ""Гарантия"": ""5 лет"", ""Гарантия производителя"": ""5 лет"", ""Диаметр"": ""15"", ""Давление"": ""Ру16"", ""Присоединительный размер"": ""G1/2\"""", ""Артикул"": ""1063-01"", ""Корпус"": ""латунь CW617N"", ""Материал пробки"": ""латунь CW617N"", ""Материал ручки"": ""латунь CW617N"", ""Рабочие среды"": ""вода"", ""Регламентирующий документ"": ""ТР ТС 010/2011"", ""Строительная высота"": ""62 мм"", ""Уплотнение пробки"": ""EPDM""}",,,7,30,1,https://www.santech.ru/catalog/460/462/i15179/
22631,"Бобышка сталь БТБ4 вварная прямая ВР М20х1,5 L=40мм для термометра биметаллического ЗАВОД ТЕПЛОТЕХНИЧЕСКИХ ПРИБОРОВ",012-0404,"{""Номенклатурный номер"": ""012-0404"", ""Бренд"": ""ЗАВОД ТЕПЛОТЕХНИЧЕСКИХ ПРИБОРОВ"", ""Инженерная система"": ""Тепловые пункты"", ""Материал"": ""сталь"", ""Масса нетто"": ""0.107 кг"", ""Страна происхождения"": ""Беларусь"", ""Штрих-код на одну ТМЦ"": ""4606034327883"", ""Присоединительный размер"": ""М20х1,5"", ""Строительная длина"": ""40мм"", ""Тип установки"": ""прямое"", ""Исполнение"": ""для термометра биметаллического""}",,,7,76,1,https://www.santech.ru/catalog/460/462/i982/
22653,"Переходник латунь для манометра ВР/НР G1/2""х1/4"" Росма 00000024800",012-0466,"{""Номенклатурный номер"": ""012-0466"", ""Бренд"": ""Росма"", ""Материал"": ""латунь"", ""Масса нетто"": ""0.05 кг"", ""Страна происхождения"": ""Россия"", ""Присоединительный размер"": ""G1/2\""х1/4\"""", ""Тип установки"": ""для манометра"", ""Артикул"": ""00000024800""}",,,7,38,1,https://www.santech.ru/catalog/460/462/i22072/
22738,"Переходник сталь нерж ВР/НР М20х1,5хМ12х1,5 ЭКОМЕРА ПН-M20*1.5F-M12*1.5M",012-0438,"{""Номенклатурный номер"": ""012-0438"", ""Бренд"": ""ЭКОМЕРА"", ""Инженерная система"": ""Тепловые пункты"", ""Материал"": ""сталь нержавеющая"", ""Масса нетто"": ""0.95 кг"", ""Страна происхождения"": ""Россия"", ""Штрих-код на одну ТМЦ"": ""4640030694488"", ""Присоединительный размер"": ""М20х1,5хМ12х1,5"", ""Артикул"": ""ПН-M20*1.5F-M12*1.5M""}",,,7,36,1,https://www.santech.ru/catalog/460/462/i1022/
22781,"Труба PE-Xa/EVOH серая Дн 50х6,9 Ру10 Тмакс=95C L=6м flex Рехау 11304213006",033-6888,"{""Номенклатурный номер"": ""033-6888"", ""Бренд"": ""Рехау"", ""Инженерная система"": ""Отопление"", ""Материал"": ""PE-Xa/EVOH"", ""Наличие антикислородного барьера"": ""есть"", ""Антикислородный барьер"": ""EVOH - сополимер этилена и винилового спирта"", ""Цвет"": ""серый"", ""Модель"": ""flex"", ""Масса нетто"": ""0.93 кг"", ""Страна происхождения"": ""Китай"", ""Штрих-код на одну ТМЦ"": ""4640238745159"", ""Диаметр, мм"": ""50"", ""Максимальное давление, бар"": ""10"", ""Максимальная рабочая температура, oC"": ""95"", ""Размер"": ""L=6м"", ""Артикул"": ""11304213006""}",10,,9,17,3,https://www.santech.ru/catalog/259/263/i1527/
22921,"Муфта для PE-X труб аксиальная бронза Дн 40х1 1/4"" ВР RX+ Рехау 14563343001",130-0325,"{""Номенклатурный номер"": ""130-0325"", ""Бренд"": ""Рехау"", ""Инженерная система"": ""Водоснабжение, Отопление"", ""Тип соединения"": ""аксиальный"", ""Материал"": ""бронза"", ""Серия"": ""RX+"", ""Масса нетто"": ""0.345 кг"", ""Страна происхождения"": ""Китай"", ""Штрих-код на одну ТМЦ"": ""4640238744725"", ""Диаметр, мм"": ""40"", ""Диаметр резьбы"": ""1 1/4\"""", ""Артикул"": ""14563343001""}",,,9,17,1,https://www.santech.ru/catalog/259/263/i1611/
22988,Тройник для PE-X труб радиальный PPSU Дн 25х20х20 переходной РОС,128-6978,"{""Номенклатурный номер"": ""128-6978"", ""Бренд"": ""РОС"", ""Тип соединения"": ""радиальный"", ""Материал"": ""PPSU"", ""Масса нетто"": ""0.023 кг"", ""Страна происхождения"": ""Россия"", ""Штрих-код на одну ТМЦ"": ""4606034267080"", ""Диаметр, мм"": ""25"", ""Переход на диаметр, мм"": ""20"", ""Исполнение"": ""переходной""}",,,9,35,1,https://www.santech.ru/catalog/259/263/i52156/
23076,Тройник для PE-X труб аксиальный латунь Дн 25х20х20 переходной MX Рехау 11080851001,129-9734,"{""Номенклатурный номер"": ""129-9734"", ""Бренд"": ""Рехау"", ""Инженерная система"": ""Водоснабжение, Отопление"", ""Тип соединения"": ""аксиальный"", ""Материал"": ""латунь"", ""Серия"": ""MX"", ""Масса нетто"": ""0.174 кг"", ""Страна происхождения"": ""Германия"", ""Штрих-код на одну ТМЦ"": ""4640238741380"", ""Диаметр, мм"": ""25"", ""Переход на диаметр, мм"": ""20"", ""Исполнение"": ""переходной"", ""Артикул"": ""11080851001""}",,,9,17,1,https://www.santech.ru/catalog/259/263/i1665/
23134,Угольник для PE-X труб аксиальный латунь Дн 25х90гр MX Рехау 11080231001,129-9718,"{""Номенклатурный номер"": ""129-9718"", ""Бренд"": ""Рехау"", ""Инженерная система"": ""Водоснабжение, Отопление"", ""Тип соединения"": ""аксиальный"", ""Материал"": ""латунь"", ""Серия"": ""MX"", ""Масса нетто"": ""0.173 кг"", ""Страна происхождения"": ""Германия"", ""Штрих-код на одну ТМЦ"": ""4640238741267"", ""Диаметр, мм"": ""25"", ""Угол (в градусах)"": ""90 гр"", ""Артикул"": ""11080231001""}",,,9,17,1,https://www.santech.ru/catalog/259/263/i1573/
23251,"Труба PE-Xa/EVOH серая Дн 63х8,6 Ру10 Тмакс=95C L=6м RAUTITAN flex Rehau 11304301006",033-2075,"{""Номенклатурный номер"": ""033-2075"", ""Бренд"": ""Rehau"", ""Инженерная система"": ""Отопление"", ""Материал"": ""PE-Xa"", ""Наличие антикислородного барьера"": ""есть"", ""Антикислородный барьер"": ""EVOH - сополимер этилена и винилового спирта"", ""Расположение слоя EVOH"": ""снаружи трубы"", ""Цвет"": ""серый"", ""Модель"": ""flex"", ""Серия"": ""RAUTITAN"", ""Масса нетто"": ""1.465 кг"", ""Страна происхождения"": ""Германия"", ""Температура рабочей среды"": ""до +90 oC"", ""Гарантия"": ""5 лет"", ""Гарантия производителя"": ""5 лет"", ""Срок службы"": ""50 лет"", ""Диаметр, мм"": ""63"", ""Максимальное давление, бар"": ""10"", ""Максимальная рабочая температура, oC"": ""95"", ""Размер"": ""L=6м"", ""Артикул"": ""11304301006"", ""Среда рабочая"": ""вода, гликоль"", ""Класс эксплуатации"": ""4. Высокотемпературное напольное отопление. Низкотемпературное отопление отопительными приборами, 5. Высокотемпературное отопление отопительными приборами""}",10,,9,17,3,https://www.santech.ru/catalog/259/263/i10651/
23292,Тройник для PE-X труб аксиальный PPSU Дн 20х25х16 переходной RAUTITAN PX Rehau 11601031001,127-0678,"{""Номенклатурный номер"": ""127-0678"", ""Бренд"": ""Rehau"", ""Инженерная система"": ""Водоснабжение, Отопление"", ""Тип соединения"": ""аксиальный"", ""Материал"": ""PPSU"", ""Серия"": ""RAUTITAN PX"", ""Масса нетто"": ""0.029 кг"", ""Страна происхождения"": ""Германия"", ""Штрих-код на одну ТМЦ"": ""4606034340301"", ""Температура рабочей среды"": ""до +95 oC"", ""Гарантия"": ""5 лет"", ""Гарантия производителя"": ""5 лет"", ""Срок службы"": ""50 лет"", ""Диаметр, мм"": ""20"", ""Переход на диаметр, мм"": ""25"", ""Исполнение"": ""переходной"", ""Артикул"": ""11601031001"", ""Среда рабочая"": ""вода, гликоль""}",,,9,17,1,https://www.santech.ru/catalog/259/263/i1330/
23419,Муфта для PE-X труб аксиальная бронза Дн 25х20 переходная RX+ Рехау 14570433001,130-0308,"{""Номенклатурный номер"": ""130-0308"", ""Бренд"": ""Рехау"", ""Инженерная система"": ""Водоснабжение, Отопление"", ""Тип соединения"": ""аксиальный"", ""Материал"": ""бронза"", ""Серия"": ""RX+"", ""Масса нетто"": ""0.103 кг"", ""Страна происхождения"": ""Китай"", ""Штрих-код на одну ТМЦ"": ""4640238744343"", ""Диаметр, мм"": ""25"", ""Переход на диаметр, мм"": ""20"", ""Исполнение"": ""переходная"", ""Артикул"": ""14570433001""}",,,9,17,1,https://www.santech.ru/catalog/259/263/i1609/
23430,"Муфта зажимная латунь Дн 50х4,6 Flexalen WAK50-50/4,6",130-1223,"{""Номенклатурный номер"": ""130-1223"", ""Бренд"": ""Flexalen"", ""Инженерная система"": ""Водоснабжение, Отопление"", ""Материал"": ""латунь"", ""Масса нетто"": ""0.8 кг"", ""Страна происхождения"": ""Нидерланды"", ""Диаметр, мм"": ""50"", ""Артикул"": ""WAK50-50/4,6""}",,,9,141,1,https://www.santech.ru/catalog/259/263/i1645/
23434,Муфта для PE-X труб аксиальная бронза Дн 16 RX+ Рехау 14570113001,130-0313,"{""Номенклатурный номер"": ""130-0313"", ""Бренд"": ""Рехау"", ""Инженерная система"": ""Водоснабжение, Отопление"", ""Тип соединения"": ""аксиальный"", ""Материал"": ""бронза"", ""Серия"": ""RX+"", ""Масса нетто"": ""0.04 кг"", ""Страна происхождения"": ""Китай"", ""Штрих-код на одну ТМЦ"": ""4640238744282"", ""Диаметр, мм"": ""16"", ""Артикул"": ""14570113001""}",,,9,17,1,https://www.santech.ru/catalog/259/263/i1610/
23619,"Переходник для PE-X/PE-RT труб обжим латунь Дн 25х2,3х22 база 22 мм R179 Giacomini R179X105",127-6197,"{""Номенклатурный номер"": ""127-6197"", ""Бренд"": ""Giacomini"", ""Инженерная система"": ""Водоснабжение, Отопление"", ""Тип соединения"": ""обжимной"", ""Материал"": ""латунь"", ""Модель"": ""R179"", ""Масса нетто"": ""0.083 кг"", ""Страна происхождения"": ""Италия"", ""Диаметр, мм"": ""25"", ""Переход на диаметр, мм"": ""22"", ""Артикул"": ""R179X105""}",,,9,16,1,https://www.santech.ru/catalog/259/263/i28904/
23621,"Переходник для PE-X/PE-RT труб обжим латунь Дн 25х3,5х22 база 22 мм R179 Giacomini R179X103",127-6199,"{""Номенклатурный номер"": ""127-6199"", ""Бренд"": ""Giacomini"", ""Инженерная система"": ""Водоснабжение, Отопление"", ""Тип соединения"": ""обжимной"", ""Материал"": ""латунь"", ""Модель"": ""R179"", ""Масса нетто"": ""0.09 кг"", ""Страна происхождения"": ""Италия"", ""Диаметр, мм"": ""25"", ""Переход на диаметр, мм"": ""22"", ""Артикул"": ""R179X103""}",,,9,16,1,https://www.santech.ru/catalog/259/263/i28904/
23628,Заглушка для PE-X/PE-RT труб аксиальная латунь Дн 40 RTP (РосТурПласт) 31435,129-6310,"{""Номенклатурный номер"": ""129-6310"", ""Бренд"": ""Ростурпласт-RTP"", ""Инженерная система"": ""Водоснабжение, Отопление"", ""Тип соединения"": ""аксиальный"", ""Материал"": ""латунь"", ""Масса нетто"": ""0.224 кг"", ""Страна происхождения"": ""Россия"", ""Штрих-код на одну ТМЦ"": ""4610095005079"", ""Диаметр, мм"": ""40"", ""Артикул"": ""31435""}",,,9,67,1,https://www.santech.ru/catalog/259/263/i1487/
23635,Уплотнитель концевой резиновый 4х(2х20-25+20-32+25-32)/160 Флексален 1000+ Четырехтрубный Flexalen FV+MAN160ML-R,130-1214,"{""Номенклатурный номер"": ""130-1214"", ""Бренд"": ""Flexalen"", ""Инженерная система"": ""Водоснабжение, Отопление"", ""Материал"": ""резиновый"", ""Модель"": ""Флексален 1000+"", ""Масса нетто"": ""0.34 кг"", ""Страна происхождения"": ""Нидерланды"", ""Диаметр, мм"": ""2х20-25+20-32+25-32"", ""Количество труб в защитном гофрированном кожухе"": ""4"", ""Артикул"": ""FV+MAN160ML-R""}",,,9,141,1,https://www.santech.ru/catalog/259/263/i1643/
23704,"Коллектор латунь 3/4"" ВР/НР на 4 вых 1/2"" НР м/о 35мм под конус с запорными клапанами R585C Giacomini R585CY064",040-0230,"{""Номенклатурный номер"": ""040-0230"", ""Бренд"": ""Giacomini"", ""Инженерная система"": ""Водоснабжение, Отопление, Тепловые пункты, Пожаротушение"", ""Материал"": ""латунь"", ""Марка материала корпуса"": ""CW617N"", ""Модель"": ""R585C"", ""Тип присоединения коллектора"": ""внутренняя резьба/наружная резьба"", ""Тип встроенного клапана"": ""запорный"", ""Давление"": ""10 бар"", ""Масса нетто"": ""0.623 кг"", ""Страна происхождения"": ""Италия"", ""Штрих-код на одну ТМЦ"": ""8009902289393"", ""Температура рабочей среды"": ""от 5 до +100 oC"", ""Область применения"": ""предназначен для применения в системах водоснабжения"", ""Комплект поставки"": ""коллектор; паспорт"", ""Примечание"": ""для подсоединения трубы использовать адаптеры base 16 R178, R179, R179M"", ""Гарантия"": ""2 года"", ""Гарантия производителя"": ""2 года"", ""Присоединительный размер коллектора"": ""3/4\"""", ""Количество выходов (отводов)"": ""на 4 вых"", ""Тип присоединения выхода (отвода)"": ""наружная резьба"", ""Присоединительный размер выхода (отвода)"": ""1/2\"""", ""Тип соединения выхода (отвода)"": ""под конус"", ""Межосевое расстояние между выходами (отводами), мм"": ""35"", ""Максимальная температура"": ""Тмакс=100оС"", ""Строительная длина"": ""152мм"", ""Артикул"": ""R585CY064"", ""Среда рабочая"": ""вода"", ""Наличие расходомеров"": ""Нет""}",,,5,16,1,https://www.santech.ru/catalog/383/386/i2291/
23798,"Коллектор сталь Ду 32 1 1/4"" НР на 3 вых 1/2"" НР м/о 100мм Элит-Металл 2111-ст",127-7454,"{""Номенклатурный номер"": ""127-7454"", ""Бренд"": ""Элит-Металл"", ""Инженерная система"": ""Водоснабжение, Отопление"", ""Материал"": ""сталь"", ""Марка материала корпуса"": ""ст20"", ""Диаметр коллектора"": ""Ду 32"", ""Тип присоединения коллектора"": ""наружная резьба"", ""Тип встроенного клапана"": ""без клапанов"", ""Давление"": ""16 бар"", ""Масса нетто"": ""1.1 кг"", ""Страна происхождения"": ""Россия"", ""Температура рабочей среды"": ""до +105 oC"", ""Область применения"": ""предназначен для использования в трубопроводах систем холодного и горячего водоснабжения в т.ч. питьевой воды, теплоснабжения, водяного отопления, а также в технологических трубопроводах"", ""Комплект поставки"": ""коллектор; ЗИП; паспорт; инструкция по эксплуатации"", ""Срок службы"": ""6 лет"", ""Присоединительный размер коллектора"": ""1 1/4\"""", ""Количество выходов (отводов)"": ""на 3 вых"", ""Тип присоединения выхода (отвода)"": ""наружная резьба"", ""Присоединительный размер выхода (отвода)"": ""1/2\"""", ""Межосевое расстояние между выходами (отводами), мм"": ""100"", ""Максимальная температура"": ""Тмакс=105оС"", ""Артикул"": ""2111-ст"", ""Среда рабочая"": ""вода|пар"", ""Наличие расходомеров"": ""Нет""}",,,5,171,1,https://www.santech.ru/catalog/383/386/i32192/
23847,"Пробка латунь 3/4"" НР с герметичной прокладкой для коллектора R592D Giacomini R592DY004",040-0173,"{""Номенклатурный номер"": ""040-0173"", ""Бренд"": ""Giacomini"", ""Материал"": ""латунь"", ""Марка материала корпуса"": ""CW617N"", ""Модель"": ""R592D"", ""Назначение"": ""для коллектора"", ""Масса нетто"": ""0.038 кг"", ""Страна происхождения"": ""Италия"", ""Штрих-код на одну ТМЦ"": ""8009902052669"", ""Гарантия"": ""2 года"", ""Гарантия производителя"": ""2 года"", ""Исполнение"": ""с герметичной прокладкой"", ""Размер/Комплектность"": ""3/4\"" НР"", ""Артикул"": ""R592DY004""}",,,5,16,1,https://www.santech.ru/catalog/383/386/i15147/
23898,"Коллектор латунь 1"" ВР на 7 вых 3/4"" НР м/о 50мм под евроконус с термостатическими клапанами R553V Giacomini R553VY047",040-0779,"{""Номенклатурный номер"": ""040-0779"", ""Бренд"": ""Giacomini"", ""Инженерная система"": ""Отопление"", ""Материал"": ""латунь"", ""Марка материала корпуса"": ""CW617N"", ""Модель"": ""R553V"", ""Тип присоединения коллектора"": ""внутренняя резьба"", ""Тип встроенного клапана"": ""термостатический"", ""Давление"": ""10 бар"", ""Масса нетто"": ""2.57 кг"", ""Страна происхождения"": ""Италия"", ""Штрих-код на одну ТМЦ"": ""8009902068028"", ""Температура рабочей среды"": ""до +110 oC"", ""Область применения"": ""предназначен для применения в системах отопления и охлаждения"", ""Комплект поставки"": ""коллектор; паспорт"", ""Гарантия"": ""2 года"", ""Гарантия производителя"": ""2 года"", ""Присоединительный размер коллектора"": ""1\"""", ""Количество выходов (отводов)"": ""на 7 вых"", ""Тип присоединения выхода (отвода)"": ""наружная резьба"", ""Присоединительный размер выхода (отвода)"": ""3/4\"""", ""Тип соединения выхода (отвода)"": ""под евроконус"", ""Межосевое расстояние между выходами (отводами), мм"": ""50"", ""Максимальная температура"": ""Тмакс=110оС"", ""Строительная длина"": ""348мм"", ""Артикул"": ""R553VY047"", ""Среда рабочая"": ""вода|пар"", ""Наличие расходомеров"": ""Нет""}",,,5,16,1,https://www.santech.ru/catalog/383/386/i31155/
23913,"Коллектор латунь 1 1/4"" ВР/ВР на 10 вых НР м/о 50мм под адаптер с базой 18мм R551S Giacomini R551SY050",040-0612,"{""Номенклатурный номер"": ""040-0612"", ""Бренд"": ""Giacomini"", ""Инженерная система"": ""Отопление"", ""Материал"": ""латунь"", ""Марка материала корпуса"": ""CW617N"", ""Модель"": ""R551S"", ""Тип присоединения коллектора"": ""внутренняя резьба/внутренняя резьба"", ""Тип встроенного клапана"": ""без клапанов"", ""Давление"": ""16 бар"", ""Масса нетто"": ""3.13 кг"", ""Страна происхождения"": ""Италия"", ""Штрих-код на одну ТМЦ"": ""8009902068844"", ""Температура рабочей среды"": ""до +110 oC"", ""Область применения"": ""предназначен для использованя в системах отопления"", ""Комплект поставки"": ""коллектор; паспорт"", ""Гарантия"": ""2 года"", ""Гарантия производителя"": ""2 года"", ""Присоединительный размер коллектора"": ""1 1/4\"""", ""Количество выходов (отводов)"": ""на 10 вых"", ""Тип присоединения выхода (отвода)"": ""наружная резьба"", ""Тип соединения выхода (отвода)"": ""под адаптер с базой 18мм"", ""Межосевое расстояние между выходами (отводами), мм"": ""50"", ""Максимальная температура"": ""Тмакс=110оС"", ""Артикул"": ""R551SY050"", ""Среда рабочая"": ""вода|пар"", ""Наличие расходомеров"": ""Нет""}",,,5,16,1,https://www.santech.ru/catalog/383/386/i1524/
23922,"Коллектор латунь 1"" ВР/НР на 2 вых 3/4"" НР м/о 45мм под евроконус с регулирующими клапанами M111 SantechSystems",129-8679,"{""Номенклатурный номер"": ""129-8679"", ""Бренд"": ""SantechSystems"", ""Инженерная система"": ""Водоснабжение, Отопление"", ""Материал"": ""латунь"", ""Марка материала корпуса"": ""CW617N"", ""Покрытие"": ""хром"", ""Модель"": ""M111"", ""Тип присоединения коллектора"": ""внутренняя резьба/наружная резьба"", ""Тип встроенного клапана"": ""регулирующий"", ""Давление"": ""10 бар"", ""Масса нетто"": ""0.515 кг"", ""Страна происхождения"": ""Китай"", ""Штрих-код на одну ТМЦ"": ""4606034295748"", ""Гарантия"": ""1 год"", ""Присоединительный размер коллектора"": ""1\"""", ""Количество выходов (отводов)"": ""на 2 вых"", ""Тип присоединения выхода (отвода)"": ""наружная резьба"", ""Присоединительный размер выхода (отвода)"": ""3/4\"""", ""Тип соединения выхода (отвода)"": ""под евроконус"", ""Межосевое расстояние между выходами (отводами), мм"": ""45"", ""Максимальная температура"": ""Тмакс=100оС"", ""Строительная длина"": ""107мм""}",,,5,64,1,https://www.santech.ru/catalog/383/386/i1911/
23990,"Коллектор латунь 1 1/4"" ВР/ВР на 6 вых 3/4"" ВР м/о 70мм R551 Giacomini R551Y106",040-0209,"{""Номенклатурный номер"": ""040-0209"", ""Бренд"": ""Giacomini"", ""Инженерная система"": ""Отопление"", ""Материал"": ""латунь"", ""Марка материала корпуса"": ""CW617N"", ""Модель"": ""R551"", ""Тип присоединения коллектора"": ""внутренняя резьба/внутренняя резьба"", ""Тип встроенного клапана"": ""без клапанов"", ""Давление"": ""16 бар"", ""Масса нетто"": ""2.426 кг"", ""Страна происхождения"": ""Италия"", ""Штрих-код на одну ТМЦ"": ""8009902047740"", ""Температура рабочей среды"": ""до +110 oC"", ""Область применения"": ""предназначен для использованя в системах отопления"", ""Комплект поставки"": ""коллектор; паспорт"", ""Гарантия"": ""2 года"", ""Гарантия производителя"": ""2 года"", ""Присоединительный размер коллектора"": ""1 1/4\"""", ""Количество выходов (отводов)"": ""на 6 вых"", ""Тип присоединения выхода (отвода)"": ""внутренняя резьба"", ""Присоединительный размер выхода (отвода)"": ""3/4\"""", ""Межосевое расстояние между выходами (отводами), мм"": ""70"", ""Максимальная температура"": ""Тмакс=110оС"", ""Строительная длина"": ""404мм"", ""Артикул"": ""R551Y106"", ""Среда рабочая"": ""вода|пар"", ""Наличие расходомеров"": ""Нет""}",,,5,16,1,https://www.santech.ru/catalog/383/386/i20703/
24047,"Коллектор латунь 3/4"" ВР/ВР на 4 вых НР м/о 50мм под адаптер с базой 18мм R551S Giacomini R551SY004",040-0457,"{""Номенклатурный номер"": ""040-0457"", ""Бренд"": ""Giacomini"", ""Инженерная система"": ""Отопление"", ""Материал"": ""латунь"", ""Марка материала корпуса"": ""CW617N"", ""Модель"": ""R551S"", ""Тип присоединения коллектора"": ""внутренняя резьба/внутренняя резьба"", ""Тип встроенного клапана"": ""без клапанов"", ""Давление"": ""16 бар"", ""Масса нетто"": ""0.704 кг"", ""Страна происхождения"": ""Италия"", ""Штрих-код на одну ТМЦ"": ""8009902037031"", ""Температура рабочей среды"": ""до +110 oC"", ""Область применения"": ""предназначен для использованя в системах отопления"", ""Комплект поставки"": ""коллектор; паспорт"", ""Гарантия"": ""2 года"", ""Гарантия производителя"": ""2 года"", ""Присоединительный размер коллектора"": ""3/4\"""", ""Количество выходов (отводов)"": ""на 4 вых"", ""Тип присоединения выхода (отвода)"": ""наружная резьба"", ""Тип соединения выхода (отвода)"": ""под адаптер с базой 18мм"", ""Межосевое расстояние между выходами (отводами), мм"": ""50"", ""Максимальная температура"": ""Тмакс=110оС"", ""Артикул"": ""R551SY004"", ""Среда рабочая"": ""вода|пар"", ""Наличие расходомеров"": ""Нет""}",,,5,16,1,https://www.santech.ru/catalog/383/386/i24834/
24168,"Коллектор латунь 1"" ВР/ВР на 3 вых 1/2"" ВР м/о 50мм Апогей 422014 (КЛА 2503.050-2)",127-1116,"{""Номенклатурный номер"": ""127-1116"", ""Бренд"": ""Апогей"", ""Инженерная система"": ""Отопление"", ""Материал"": ""латунь"", ""Марка материала корпуса"": ""ЛС-59"", ""Тип присоединения коллектора"": ""внутренняя резьба/внутренняя резьба"", ""Тип встроенного клапана"": ""без клапанов"", ""Давление"": ""16 бар"", ""Масса нетто"": ""0.626 кг"", ""Страна происхождения"": ""Россия"", ""Температура рабочей среды"": ""до +120 oC"", ""Область применения"": ""предназначен для использования на трубопроводах систем холодного (в т.ч. питьевого) и горячего водоснабжения, отопления, а также на технических трубопроводах"", ""Комплект поставки"": ""коллектор; паспорт"", ""Гарантия"": ""2 года"", ""Гарантия производителя"": ""2 года"", ""Срок службы"": ""10 лет"", ""Присоединительный размер коллектора"": ""1\"""", ""Количество выходов (отводов)"": ""на 3 вых"", ""Тип присоединения выхода (отвода)"": ""внутренняя резьба"", ""Присоединительный размер выхода (отвода)"": ""1/2\"""", ""Межосевое расстояние между выходами (отводами), мм"": ""50"", ""Количество выходов (отводов) напротив/сбоку"": ""1"", ""Присоединительный размер выхода (отвода) напротив/сбоку"": ""1/2\"""", ""Тип присоединения выхода (отвода) напротив/сбоку"": ""внутренняя резьба"", ""Максимальная температура"": ""Тмакс=120оС"", ""Артикул"": ""422014"", ""Среда рабочая"": ""вода|пар"", ""Наличие расходомеров"": ""Нет""}",,,5,132,1,https://www.santech.ru/catalog/383/386/i20939/
24193,"Коллектор латунь 1 1/4"" ВР/ВР на 5 вых 1/2"" ВР м/о 50мм Апогей 422098 (КЛА3205.050-1-ВР15)",127-1172,"{""Номенклатурный номер"": ""127-1172"", ""Бренд"": ""Апогей"", ""Инженерная система"": ""Отопление"", ""Материал"": ""латунь"", ""Марка материала корпуса"": ""ЛС-59"", ""Тип присоединения коллектора"": ""внутренняя резьба/внутренняя резьба"", ""Тип встроенного клапана"": ""без клапанов"", ""Давление"": ""16 бар"", ""Масса нетто"": ""1.397 кг"", ""Страна происхождения"": ""Россия"", ""Температура рабочей среды"": ""до +120 oC"", ""Область применения"": ""предназначен для использования на трубопроводах систем холодного (в т.ч. питьевого) и горячего водоснабжения, отопления, а также на технических трубопроводах"", ""Комплект поставки"": ""коллектор; паспорт"", ""Гарантия"": ""2 года"", ""Гарантия производителя"": ""2 года"", ""Срок службы"": ""10 лет"", ""Присоединительный размер коллектора"": ""1 1/4\"""", ""Количество выходов (отводов)"": ""на 5 вых"", ""Тип присоединения выхода (отвода)"": ""внутренняя резьба"", ""Присоединительный размер выхода (отвода)"": ""1/2\"""", ""Межосевое расстояние между выходами (отводами), мм"": ""50"", ""Максимальная температура"": ""Тмакс=120оС"", ""Артикул"": ""422098"", ""Среда рабочая"": ""вода|пар"", ""Наличие расходомеров"": ""Нет""}",,,5,132,1,https://www.santech.ru/catalog/383/386/i20993/
24376,"Коллектор латунь 1 1/4"" ВР/ВР на 5 вых 3/4"" ВР м/о 100мм Апогей 422351 (КЛА 3205.100-2-ВР20)",128-1177,"{""Номенклатурный номер"": ""128-1177"", ""Бренд"": ""Апогей"", ""Инженерная система"": ""Отопление"", ""Материал"": ""латунь"", ""Марка материала корпуса"": ""ЛС-59"", ""Тип присоединения коллектора"": ""внутренняя резьба/внутренняя резьба"", ""Тип встроенного клапана"": ""без клапанов"", ""Давление"": ""16 бар"", ""Масса нетто"": ""3.054 кг"", ""Страна происхождения"": ""Россия"", ""Присоединительный размер коллектора"": ""1 1/4\"""", ""Количество выходов (отводов)"": ""на 5 вых"", ""Тип присоединения выхода (отвода)"": ""внутренняя резьба"", ""Присоединительный размер выхода (отвода)"": ""3/4\"""", ""Межосевое расстояние между выходами (отводами), мм"": ""100"", ""Количество выходов (отводов) напротив/сбоку"": ""1"", ""Присоединительный размер выхода (отвода) напротив/сбоку"": ""3/4\"""", ""Тип присоединения выхода (отвода) напротив/сбоку"": ""внутренняя резьба"", ""Артикул"": ""422351""}",,,5,132,1,https://www.santech.ru/catalog/383/386/i43722/
24417,"Коллектор латунь 1 1/4"" ВР/ВР на 2 вых 3/4"" ВР м/о 50мм Апогей 422325 (КЛА 3202.050-4-ВР20)",128-1262,"{""Номенклатурный номер"": ""128-1262"", ""Бренд"": ""Апогей"", ""Инженерная система"": ""Отопление"", ""Материал"": ""латунь"", ""Марка материала корпуса"": ""ЛС-59"", ""Тип присоединения коллектора"": ""внутренняя резьба/внутренняя резьба"", ""Тип встроенного клапана"": ""без клапанов"", ""Давление"": ""16 бар"", ""Масса нетто"": ""0.669 кг"", ""Страна происхождения"": ""Россия"", ""Присоединительный размер коллектора"": ""1 1/4\"""", ""Количество выходов (отводов)"": ""на 2 вых"", ""Тип присоединения выхода (отвода)"": ""внутренняя резьба"", ""Присоединительный размер выхода (отвода)"": ""3/4\"""", ""Межосевое расстояние между выходами (отводами), мм"": ""50"", ""Артикул"": ""422325""}",,,5,132,1,https://www.santech.ru/catalog/383/386/i43730/
24480,"Коллектор латунь 3/4"" ВР/ВР на 12 вых 1/2"" НР м/о 35мм с запорными клапанами красный маховик Апогей 410203 (КЛА 2012.035-4-ВГ(С)-15)",128-5832,"{""Номенклатурный номер"": ""128-5832"", ""Бренд"": ""Апогей"", ""Инженерная система"": ""Отопление"", ""Материал"": ""латунь"", ""Марка материала корпуса"": ""ЛС-59"", ""Тип присоединения коллектора"": ""внутренняя резьба/внутренняя резьба"", ""Тип встроенного клапана"": ""запорный"", ""Давление"": ""10 бар"", ""Масса нетто"": ""2.02 кг"", ""Страна происхождения"": ""Россия"", ""Присоединительный размер коллектора"": ""3/4\"""", ""Количество выходов (отводов)"": ""на 12 вых"", ""Тип присоединения выхода (отвода)"": ""наружная резьба"", ""Присоединительный размер выхода (отвода)"": ""1/2\"""", ""Межосевое расстояние между выходами (отводами), мм"": ""35"", ""Исполнение"": ""красный маховик"", ""Артикул"": ""410203""}",,,5,132,1,https://www.santech.ru/catalog/383/386/i1314/
24683,"Коллектор нержавеющая сталь Ду 50 3/4"" НР на 5 вых 3/4"" НР м/о 100мм Элит-Металл 9103",127-3301,"{""Номенклатурный номер"": ""127-3301"", ""Бренд"": ""Элит-Металл"", ""Материал"": ""нержавеющая сталь"", ""Марка материала корпуса"": ""AISI 304"", ""Диаметр коллектора"": ""Ду 50"", ""Тип присоединения коллектора"": ""наружная резьба"", ""Тип встроенного клапана"": ""без клапанов"", ""Давление"": ""16 бар"", ""Масса нетто"": ""1.52 кг"", ""Страна происхождения"": ""Россия"", ""Температура рабочей среды"": ""до +105 oC"", ""Область применения"": ""предназначен для использования в трубопроводах систем холодного и горячего водоснабжения в т.ч. питьевой воды, теплоснабжения, водяного отопления, а также в технологических трубопроводах"", ""Комплект поставки"": ""коллектор; ЗИП; паспорт; инструкция по эксплуатации"", ""Срок службы"": ""8 лет"", ""Присоединительный размер коллектора"": ""3/4\"""", ""Количество выходов (отводов)"": ""на 5 вых"", ""Тип присоединения выхода (отвода)"": ""наружная резьба"", ""Присоединительный размер выхода (отвода)"": ""3/4\"""", ""Межосевое расстояние между выходами (отводами), мм"": ""100"", ""Максимальная температура"": ""Тмакс=105оС"", ""Артикул"": ""9103"", ""Среда рабочая"": ""вода|пар"", ""Наличие расходомеров"": ""Нет""}",,,5,171,1,https://www.santech.ru/catalog/383/386/i24531/
24727,"Коллектор нержавеющая сталь Ду 50 1 1/4"" НР на 7 вых 1/2"" НР м/о 150мм Элит-Металл 7205",127-3331,"{""Номенклатурный номер"": ""127-3331"", ""Бренд"": ""Элит-Металл"", ""Материал"": ""нержавеющая сталь"", ""Марка материала корпуса"": ""AISI 304"", ""Диаметр коллектора"": ""Ду 50"", ""Тип присоединения коллектора"": ""наружная резьба"", ""Тип встроенного клапана"": ""без клапанов"", ""Давление"": ""16 бар"", ""Масса нетто"": ""3.05 кг"", ""Страна происхождения"": ""Россия"", ""Температура рабочей среды"": ""до +105 oC"", ""Область применения"": ""предназначен для использования в трубопроводах систем холодного и горячего водоснабжения в т.ч. питьевой воды, теплоснабжения, водяного отопления, а также в технологических трубопроводах"", ""Комплект поставки"": ""коллектор; ЗИП; паспорт; инструкция по эксплуатации"", ""Срок службы"": ""8 лет"", ""Присоединительный размер коллектора"": ""1 1/4\"""", ""Количество выходов (отводов)"": ""на 7 вых"", ""Тип присоединения выхода (отвода)"": ""наружная резьба"", ""Присоединительный размер выхода (отвода)"": ""1/2\"""", ""Межосевое расстояние между выходами (отводами), мм"": ""150"", ""Максимальная температура"": ""Тмакс=105оС"", ""Артикул"": ""7205"", ""Среда рабочая"": ""вода|пар"", ""Наличие расходомеров"": ""Нет""}",,,5,171,1,https://www.santech.ru/catalog/383/386/i24535/
24771,"Коллектор сталь Ду 40 1"" НР на 3 вых 1/2"" НР м/о 100мм Элит-Металл 3078-ст",127-6204,"{""Номенклатурный номер"": ""127-6204"", ""Бренд"": ""Элит-Металл"", ""Инженерная система"": ""Водоснабжение, Отопление"", ""Материал"": ""сталь"", ""Марка материала корпуса"": ""ст20"", ""Диаметр коллектора"": ""Ду 40"", ""Тип присоединения коллектора"": ""наружная резьба"", ""Тип встроенного клапана"": ""без клапанов"", ""Давление"": ""16 бар"", ""Масса нетто"": ""1.24 кг"", ""Страна происхождения"": ""Россия"", ""Температура рабочей среды"": ""до +105 oC"", ""Область применения"": ""предназначен для использования в трубопроводах систем холодного и горячего водоснабжения в т.ч. питьевой воды, теплоснабжения, водяного отопления, а также в технологических трубопроводах"", ""Комплект поставки"": ""коллектор; ЗИП; паспорт; инструкция по эксплуатации"", ""Срок службы"": ""6 лет"", ""Присоединительный размер коллектора"": ""1\"""", ""Количество выходов (отводов)"": ""на 3 вых"", ""Тип присоединения выхода (отвода)"": ""наружная резьба"", ""Присоединительный размер выхода (отвода)"": ""1/2\"""", ""Межосевое расстояние между выходами (отводами), мм"": ""100"", ""Максимальная температура"": ""Тмакс=105оС"", ""Артикул"": ""3078-ст"", ""Среда рабочая"": ""вода|пар"", ""Наличие расходомеров"": ""Нет""}",,,5,171,1,https://www.santech.ru/catalog/383/386/i29548/
24787,"Коллектор сталь Ду 40 1 1/4"" НР на 7 вых 1/2"" НР м/о 100мм Элит-Металл 3115-ст",127-5753,"{""Номенклатурный номер"": ""127-5753"", ""Бренд"": ""Элит-Металл"", ""Инженерная система"": ""Водоснабжение, Отопление"", ""Материал"": ""сталь"", ""Марка материала корпуса"": ""ст20"", ""Диаметр коллектора"": ""Ду 40"", ""Тип присоединения коллектора"": ""наружная резьба"", ""Тип встроенного клапана"": ""без клапанов"", ""Давление"": ""16 бар"", ""Масса нетто"": ""2.163 кг"", ""Страна происхождения"": ""Россия"", ""Температура рабочей среды"": ""до +105 oC"", ""Область применения"": ""предназначен для использования в трубопроводах систем холодного и горячего водоснабжения в т.ч. питьевой воды, теплоснабжения, водяного отопления, а также в технологических трубопроводах"", ""Комплект поставки"": ""коллектор; ЗИП; паспорт; инструкция по эксплуатации"", ""Срок службы"": ""6 лет"", ""Присоединительный размер коллектора"": ""1 1/4\"""", ""Количество выходов (отводов)"": ""на 7 вых"", ""Тип присоединения выхода (отвода)"": ""наружная резьба"", ""Присоединительный размер выхода (отвода)"": ""1/2\"""", ""Межосевое расстояние между выходами (отводами), мм"": ""100"", ""Максимальная температура"": ""Тмакс=105оС"", ""Артикул"": ""3115-ст"", ""Среда рабочая"": ""вода|пар"", ""Наличие расходомеров"": ""Нет""}",,,5,171,1,https://www.santech.ru/catalog/383/386/i29549/
24839,"Коллектор нержавеющая сталь Ду 32 1"" НР на 2 вых 1/2"" НР м/о 100мм Элит-Металл 2080",127-6625,"{""Номенклатурный номер"": ""127-6625"", ""Бренд"": ""Элит-Металл"", ""Инженерная система"": ""Водоснабжение, Отопление"", ""Материал"": ""нержавеющая сталь"", ""Марка материала корпуса"": ""AISI 304"", ""Диаметр коллектора"": ""Ду 32"", ""Тип присоединения коллектора"": ""наружная резьба"", ""Тип встроенного клапана"": ""без клапанов"", ""Давление"": ""16 бар"", ""Масса нетто"": ""0.542 кг"", ""Страна происхождения"": ""Россия"", ""Температура рабочей среды"": ""до +105 oC"", ""Область применения"": ""предназначен для использования в трубопроводах систем холодного и горячего водоснабжения в т.ч. питьевой воды, теплоснабжения, водяного отопления, а также в технологических трубопроводах"", ""Комплект поставки"": ""коллектор; ЗИП; паспорт; инструкция по эксплуатации"", ""Срок службы"": ""8 лет"", ""Присоединительный размер коллектора"": ""1\"""", ""Количество выходов (отводов)"": ""на 2 вых"", ""Тип присоединения выхода (отвода)"": ""наружная резьба"", ""Присоединительный размер выхода (отвода)"": ""1/2\"""", ""Межосевое расстояние между выходами (отводами), мм"": ""100"", ""Максимальная температура"": ""Тмакс=105оС"", ""Артикул"": ""2080"", ""Среда рабочая"": ""вода|пар"", ""Наличие расходомеров"": ""Нет""}",,,5,171,1,https://www.santech.ru/catalog/383/386/i29850/
24914,"Коллектор сталь Ду 32 1"" НР на 3 вых 1/2"" НР м/о 100мм Элит-Металл 2078-ст",127-6230,"{""Номенклатурный номер"": ""127-6230"", ""Бренд"": ""Элит-Металл"", ""Инженерная система"": ""Водоснабжение, Отопление"", ""Материал"": ""сталь"", ""Марка материала корпуса"": ""ст20"", ""Диаметр коллектора"": ""Ду 32"", ""Тип присоединения коллектора"": ""наружная резьба"", ""Тип встроенного клапана"": ""без клапанов"", ""Давление"": ""16 бар"", ""Масса нетто"": ""0.819 кг"", ""Страна происхождения"": ""Россия"", ""Температура рабочей среды"": ""до +105 oC"", ""Область применения"": ""предназначен для использования в трубопроводах систем холодного и горячего водоснабжения в т.ч. питьевой воды, теплоснабжения, водяного отопления, а также в технологических трубопроводах"", ""Комплект поставки"": ""коллектор; ЗИП; паспорт; инструкция по эксплуатации"", ""Срок службы"": ""6 лет"", ""Присоединительный размер коллектора"": ""1\"""", ""Количество выходов (отводов)"": ""на 3 вых"", ""Тип присоединения выхода (отвода)"": ""наружная резьба"", ""Присоединительный размер выхода (отвода)"": ""1/2\"""", ""Межосевое расстояние между выходами (отводами), мм"": ""100"", ""Максимальная температура"": ""Тмакс=105оС"", ""Артикул"": ""2078-ст"", ""Среда рабочая"": ""вода|пар"", ""Наличие расходомеров"": ""Нет""}",,,5,171,1,https://www.santech.ru/catalog/383/386/i30177/
24941,"Коллектор сталь Ду 50 3/4"" НР на 2 вых 3/4"" НР м/о 100мм Элит-Металл 4242-ст",127-7833,"{""Номенклатурный номер"": ""127-7833"", ""Бренд"": ""Элит-Металл"", ""Инженерная система"": ""Водоснабжение, Отопление"", ""Материал"": ""сталь"", ""Марка материала корпуса"": ""ст20"", ""Диаметр коллектора"": ""Ду 50"", ""Тип присоединения коллектора"": ""наружная резьба"", ""Тип встроенного клапана"": ""без клапанов"", ""Давление"": ""16 бар"", ""Масса нетто"": ""0.712 кг"", ""Страна происхождения"": ""Россия"", ""Температура рабочей среды"": ""до +105 oC"", ""Область применения"": ""предназначен для использования в трубопроводах систем холодного и горячего водоснабжения в т.ч. питьевой воды, теплоснабжения, водяного отопления, а также в технологических трубопроводах"", ""Комплект поставки"": ""коллектор; ЗИП; паспорт; инструкция по эксплуатации"", ""Срок службы"": ""6 лет"", ""Присоединительный размер коллектора"": ""3/4\"""", ""Количество выходов (отводов)"": ""на 2 вых"", ""Тип присоединения выхода (отвода)"": ""наружная резьба"", ""Присоединительный размер выхода (отвода)"": ""3/4\"""", ""Межосевое расстояние между выходами (отводами), мм"": ""100"", ""Максимальная температура"": ""Тмакс=105оС"", ""Артикул"": ""4242-ст"", ""Среда рабочая"": ""вода|пар"", ""Наличие расходомеров"": ""Нет""}",,,5,171,1,https://www.santech.ru/catalog/383/386/i30631/
25033,"Коллектор сталь Ду 32 1/2"" НР на 5 вых 1/2"" НР м/о 150мм Элит-Металл 2025-ст",128-0244,"{""Номенклатурный номер"": ""128-0244"", ""Бренд"": ""Элит-Металл"", ""Инженерная система"": ""Водоснабжение, Отопление"", ""Материал"": ""сталь"", ""Марка материала корпуса"": ""ст20"", ""Диаметр коллектора"": ""Ду 32"", ""Тип присоединения коллектора"": ""наружная резьба"", ""Тип встроенного клапана"": ""без клапанов"", ""Давление"": ""16 бар"", ""Страна происхождения"": ""Россия"", ""Температура рабочей среды"": ""до +105 oC"", ""Область применения"": ""предназначен для использования в трубопроводах систем холодного и горячего водоснабжения в т.ч. питьевой воды, теплоснабжения, водяного отопления, а также в технологических трубопроводах"", ""Комплект поставки"": ""коллектор; ЗИП; паспорт; инструкция по эксплуатации"", ""Срок службы"": ""6 лет"", ""Присоединительный размер коллектора"": ""1/2\"""", ""Количество выходов (отводов)"": ""на 5 вых"", ""Тип присоединения выхода (отвода)"": ""наружная резьба"", ""Присоединительный размер выхода (отвода)"": ""1/2\"""", ""Межосевое расстояние между выходами (отводами), мм"": ""150"", ""Максимальная температура"": ""Тмакс=105оС"", ""Артикул"": ""2025-ст"", ""Среда рабочая"": ""вода|пар"", ""Наличие расходомеров"": ""Нет""}",,,5,171,1,https://www.santech.ru/catalog/383/386/i31372/
25171,"Коллектор нержавеющая сталь Ду 32 3/4"" НР на 6 вых 1/2"" НР м/о 50мм Элит-Металл 2044",127-6728,"{""Номенклатурный номер"": ""127-6728"", ""Бренд"": ""Элит-Металл"", ""Материал"": ""нержавеющая сталь"", ""Марка материала корпуса"": ""AISI 304"", ""Диаметр коллектора"": ""Ду 32"", ""Тип присоединения коллектора"": ""наружная резьба"", ""Тип встроенного клапана"": ""без клапанов"", ""Давление"": ""16 бар"", ""Страна происхождения"": ""Россия"", ""Температура рабочей среды"": ""до +105 oC"", ""Область применения"": ""предназначен для использования в трубопроводах систем холодного и горячего водоснабжения в т.ч. питьевой воды, теплоснабжения, водяного отопления, а также в технологических трубопроводах"", ""Комплект поставки"": ""коллектор; ЗИП; паспорт; инструкция по эксплуатации"", ""Срок службы"": ""8 лет"", ""Присоединительный размер коллектора"": ""3/4\"""", ""Количество выходов (отводов)"": ""на 6 вых"", ""Тип присоединения выхода (отвода)"": ""наружная резьба"", ""Присоединительный размер выхода (отвода)"": ""1/2\"""", ""Межосевое расстояние между выходами (отводами), мм"": ""50"", ""Максимальная температура"": ""Тмакс=105оС"", ""Артикул"": ""2044"", ""Среда рабочая"": ""вода|пар"", ""Наличие расходомеров"": ""Нет""}",,,5,171,1,https://www.santech.ru/catalog/383/386/i31989/
25300,"Коллектор нержавеющая сталь Ду 50 3/4"" НР на 9 вых 1/2"" НР м/о 50мм Элит-Металл 9247",127-6857,"{""Номенклатурный номер"": ""127-6857"", ""Бренд"": ""Элит-Металл"", ""Материал"": ""нержавеющая сталь"", ""Марка материала корпуса"": ""AISI 304"", ""Диаметр коллектора"": ""Ду 50"", ""Тип присоединения коллектора"": ""наружная резьба"", ""Тип встроенного клапана"": ""без клапанов"", ""Давление"": ""16 бар"", ""Страна происхождения"": ""Россия"", ""Температура рабочей среды"": ""до +105 oC"", ""Область применения"": ""предназначен для использования в трубопроводах систем холодного и горячего водоснабжения в т.ч. питьевой воды, теплоснабжения, водяного отопления, а также в технологических трубопроводах"", ""Комплект поставки"": ""коллектор; ЗИП; паспорт; инструкция по эксплуатации"", ""Срок службы"": ""8 лет"", ""Присоединительный размер коллектора"": ""3/4\"""", ""Количество выходов (отводов)"": ""на 9 вых"", ""Тип присоединения выхода (отвода)"": ""наружная резьба"", ""Присоединительный размер выхода (отвода)"": ""1/2\"""", ""Межосевое расстояние между выходами (отводами), мм"": ""50"", ""Максимальная температура"": ""Тмакс=105оС"", ""Артикул"": ""9247"", ""Среда рабочая"": ""вода|пар"", ""Наличие расходомеров"": ""Нет""}",,,5,171,1,https://www.santech.ru/catalog/383/386/i32003/
25393,"Коллектор нержавеющая сталь Ду 25 1"" НР на 3 вых 1/2"" НР м/о 100мм Элит-Металл 1071",127-6950,"{""Номенклатурный номер"": ""127-6950"", ""Бренд"": ""Элит-Металл"", ""Материал"": ""нержавеющая сталь"", ""Марка материала корпуса"": ""AISI 304"", ""Диаметр коллектора"": ""Ду 25"", ""Тип присоединения коллектора"": ""наружная резьба"", ""Тип встроенного клапана"": ""без клапанов"", ""Давление"": ""16 бар"", ""Масса нетто"": ""0.626 кг"", ""Страна происхождения"": ""Россия"", ""Температура рабочей среды"": ""до +105 oC"", ""Область применения"": ""предназначен для использования в трубопроводах систем холодного и горячего водоснабжения в т.ч. питьевой воды, теплоснабжения, водяного отопления, а также в технологических трубопроводах"", ""Комплект поставки"": ""коллектор; ЗИП; паспорт; инструкция по эксплуатации"", ""Срок службы"": ""8 лет"", ""Присоединительный размер коллектора"": ""1\"""", ""Количество выходов (отводов)"": ""на 3 вых"", ""Тип присоединения выхода (отвода)"": ""наружная резьба"", ""Присоединительный размер выхода (отвода)"": ""1/2\"""", ""Межосевое расстояние между выходами (отводами), мм"": ""100"", ""Максимальная температура"": ""Тмакс=105оС"", ""Артикул"": ""1071"", ""Среда рабочая"": ""вода|пар"", ""Наличие расходомеров"": ""Нет""}",,,5,171,1,https://www.santech.ru/catalog/383/386/i32014/
25410,"Коллектор нержавеющая сталь Ду 25 3/4"" НР на 3 вых 3/4"" НР м/о 100мм Элит-Металл 1131",127-6967,"{""Номенклатурный номер"": ""127-6967"", ""Бренд"": ""Элит-Металл"", ""Материал"": ""нержавеющая сталь"", ""Марка материала корпуса"": ""AISI 304"", ""Диаметр коллектора"": ""Ду 25"", ""Тип присоединения коллектора"": ""наружная резьба"", ""Тип встроенного клапана"": ""без клапанов"", ""Давление"": ""16 бар"", ""Страна происхождения"": ""Россия"", ""Температура рабочей среды"": ""до +105 oC"", ""Область применения"": ""предназначен для использования в трубопроводах систем холодного и горячего водоснабжения в т.ч. питьевой воды, теплоснабжения, водяного отопления, а также в технологических трубопроводах"", ""Комплект поставки"": ""коллектор; ЗИП; паспорт; инструкция по эксплуатации"", ""Срок службы"": ""8 лет"", ""Присоединительный размер коллектора"": ""3/4\"""", ""Количество выходов (отводов)"": ""на 3 вых"", ""Тип присоединения выхода (отвода)"": ""наружная резьба"", ""Присоединительный размер выхода (отвода)"": ""3/4\"""", ""Межосевое расстояние между выходами (отводами), мм"": ""100"", ""Максимальная температура"": ""Тмакс=105оС"", ""Артикул"": ""1131"", ""Среда рабочая"": ""вода|пар"", ""Наличие расходомеров"": ""Нет""}",,,5,171,1,https://www.santech.ru/catalog/383/386/i32016/
25434,"Коллектор нержавеющая сталь Ду 32 1 1/4"" НР на 9 вых 1/2"" НР м/о 100мм Элит-Металл 2117",127-7000,"{""Номенклатурный номер"": ""127-7000"", ""Бренд"": ""Элит-Металл"", ""Материал"": ""нержавеющая сталь"", ""Марка материала корпуса"": ""AISI 304"", ""Диаметр коллектора"": ""Ду 32"", ""Тип присоединения коллектора"": ""наружная резьба"", ""Тип встроенного клапана"": ""без клапанов"", ""Давление"": ""16 бар"", ""Масса нетто"": ""2.489 кг"", ""Страна происхождения"": ""Россия"", ""Температура рабочей среды"": ""до +105 oC"", ""Область применения"": ""предназначен для использования в трубопроводах систем холодного и горячего водоснабжения в т.ч. питьевой воды, теплоснабжения, водяного отопления, а также в технологических трубопроводах"", ""Комплект поставки"": ""коллектор; ЗИП; паспорт; инструкция по эксплуатации"", ""Срок службы"": ""8 лет"", ""Присоединительный размер коллектора"": ""1 1/4\"""", ""Количество выходов (отводов)"": ""на 9 вых"", ""Тип присоединения выхода (отвода)"": ""наружная резьба"", ""Присоединительный размер выхода (отвода)"": ""1/2\"""", ""Межосевое расстояние между выходами (отводами), мм"": ""100"", ""Максимальная температура"": ""Тмакс=105оС"", ""Артикул"": ""2117"", ""Среда рабочая"": ""вода|пар"", ""Наличие расходомеров"": ""Нет""}",,,5,171,1,https://www.santech.ru/catalog/383/386/i32019/
25435,"Коллектор нержавеющая сталь Ду 32 1 1/4"" НР на 10 вых 1/2"" НР м/о 100мм Элит-Металл 2118",127-7001,"{""Номенклатурный номер"": ""127-7001"", ""Бренд"": ""Элит-Металл"", ""Материал"": ""нержавеющая сталь"", ""Марка материала корпуса"": ""AISI 304"", ""Диаметр коллектора"": ""Ду 32"", ""Тип присоединения коллектора"": ""наружная резьба"", ""Тип встроенного клапана"": ""без клапанов"", ""Давление"": ""16 бар"", ""Страна происхождения"": ""Россия"", ""Температура рабочей среды"": ""до +105 oC"", ""Область применения"": ""предназначен для использования в трубопроводах систем холодного и горячего водоснабжения в т.ч. питьевой воды, теплоснабжения, водяного отопления, а также в технологических трубопроводах"", ""Комплект поставки"": ""коллектор; ЗИП; паспорт; инструкция по эксплуатации"", ""Срок службы"": ""8 лет"", ""Присоединительный размер коллектора"": ""1 1/4\"""", ""Количество выходов (отводов)"": ""на 10 вых"", ""Тип присоединения выхода (отвода)"": ""наружная резьба"", ""Присоединительный размер выхода (отвода)"": ""1/2\"""", ""Межосевое расстояние между выходами (отводами), мм"": ""100"", ""Максимальная температура"": ""Тмакс=105оС"", ""Артикул"": ""2118"", ""Среда рабочая"": ""вода|пар"", ""Наличие расходомеров"": ""Нет""}",,,5,171,1,https://www.santech.ru/catalog/383/386/i32019/
25467,"Коллектор нержавеющая сталь Ду 32 1 1/4"" НР на 6 вых 3/4"" НР м/о 100мм Элит-Металл 2234",127-7024,"{""Номенклатурный номер"": ""127-7024"", ""Бренд"": ""Элит-Металл"", ""Инженерная система"": ""Водоснабжение, Отопление"", ""Материал"": ""нержавеющая сталь"", ""Марка материала корпуса"": ""AISI 304"", ""Диаметр коллектора"": ""Ду 32"", ""Тип присоединения коллектора"": ""наружная резьба"", ""Тип встроенного клапана"": ""без клапанов"", ""Давление"": ""16 бар"", ""Масса нетто"": ""2.1 кг"", ""Страна происхождения"": ""Россия"", ""Температура рабочей среды"": ""до +105 oC"", ""Область применения"": ""предназначен для использования в трубопроводах систем холодного и горячего водоснабжения в т.ч. питьевой воды, теплоснабжения, водяного отопления, а также в технологических трубопроводах"", ""Комплект поставки"": ""коллектор; ЗИП; паспорт; инструкция по эксплуатации"", ""Срок службы"": ""8 лет"", ""Присоединительный размер коллектора"": ""1 1/4\"""", ""Количество выходов (отводов)"": ""на 6 вых"", ""Тип присоединения выхода (отвода)"": ""наружная резьба"", ""Присоединительный размер выхода (отвода)"": ""3/4\"""", ""Межосевое расстояние между выходами (отводами), мм"": ""100"", ""Максимальная температура"": ""Тмакс=105оС"", ""Артикул"": ""2234"", ""Среда рабочая"": ""вода|пар"", ""Наличие расходомеров"": ""Нет""}",,,5,171,1,https://www.santech.ru/catalog/383/386/i32022/
25474,"Коллектор нержавеющая сталь Ду 40 1/2"" НР на 4 вых 1/2"" НР м/о 100мм Элит-Металл 3222",127-7031,"{""Номенклатурный номер"": ""127-7031"", ""Бренд"": ""Элит-Металл"", ""Материал"": ""нержавеющая сталь"", ""Марка материала корпуса"": ""AISI 304"", ""Диаметр коллектора"": ""Ду 40"", ""Тип присоединения коллектора"": ""наружная резьба"", ""Тип встроенного клапана"": ""без клапанов"", ""Давление"": ""16 бар"", ""Масса нетто"": ""1.07 кг"", ""Страна происхождения"": ""Россия"", ""Температура рабочей среды"": ""до +105 oC"", ""Область применения"": ""предназначен для использования в трубопроводах систем холодного и горячего водоснабжения в т.ч. питьевой воды, теплоснабжения, водяного отопления, а также в технологических трубопроводах"", ""Комплект поставки"": ""коллектор; ЗИП; паспорт; инструкция по эксплуатации"", ""Срок службы"": ""8 лет"", ""Присоединительный размер коллектора"": ""1/2\"""", ""Количество выходов (отводов)"": ""на 4 вых"", ""Тип присоединения выхода (отвода)"": ""наружная резьба"", ""Присоединительный размер выхода (отвода)"": ""1/2\"""", ""Межосевое расстояние между выходами (отводами), мм"": ""100"", ""Максимальная температура"": ""Тмакс=105оС"", ""Артикул"": ""3222"", ""Среда рабочая"": ""вода|пар"", ""Наличие расходомеров"": ""Нет""}",,,5,171,1,https://www.santech.ru/catalog/383/386/i32023/
25539,"Коллектор нержавеющая сталь Ду 50 1/2"" НР на 6 вых 1/2"" НР м/о 100мм Элит-Металл 9224",127-7096,"{""Номенклатурный номер"": ""127-7096"", ""Бренд"": ""Элит-Металл"", ""Материал"": ""нержавеющая сталь"", ""Марка материала корпуса"": ""AISI 304"", ""Диаметр коллектора"": ""Ду 50"", ""Тип присоединения коллектора"": ""наружная резьба"", ""Тип встроенного клапана"": ""без клапанов"", ""Давление"": ""16 бар"", ""Страна происхождения"": ""Россия"", ""Температура рабочей среды"": ""до +105 oC"", ""Область применения"": ""предназначен для использования в трубопроводах систем холодного и горячего водоснабжения в т.ч. питьевой воды, теплоснабжения, водяного отопления, а также в технологических трубопроводах"", ""Комплект поставки"": ""коллектор; ЗИП; паспорт; инструкция по эксплуатации"", ""Срок службы"": ""8 лет"", ""Присоединительный размер коллектора"": ""1/2\"""", ""Количество выходов (отводов)"": ""на 6 вых"", ""Тип присоединения выхода (отвода)"": ""наружная резьба"", ""Присоединительный размер выхода (отвода)"": ""1/2\"""", ""Межосевое расстояние между выходами (отводами), мм"": ""100"", ""Максимальная температура"": ""Тмакс=105оС"", ""Артикул"": ""9224"", ""Среда рабочая"": ""вода|пар"", ""Наличие расходомеров"": ""Нет""}",,,5,171,1,https://www.santech.ru/catalog/383/386/i32030/
25608,"Коллектор нержавеющая сталь Ду 25 1/2"" НР на 3 вых 1/2"" НР м/о 150мм Элит-Металл 1021",127-7165,"{""Номенклатурный номер"": ""127-7165"", ""Бренд"": ""Элит-Металл"", ""Материал"": ""нержавеющая сталь"", ""Марка материала корпуса"": ""AISI 304"", ""Диаметр коллектора"": ""Ду 25"", ""Тип присоединения коллектора"": ""наружная резьба"", ""Тип встроенного клапана"": ""без клапанов"", ""Давление"": ""16 бар"", ""Страна происхождения"": ""Россия"", ""Температура рабочей среды"": ""до +105 oC"", ""Область применения"": ""предназначен для использования в трубопроводах систем холодного и горячего водоснабжения в т.ч. питьевой воды, теплоснабжения, водяного отопления, а также в технологических трубопроводах"", ""Комплект поставки"": ""коллектор; ЗИП; паспорт; инструкция по эксплуатации"", ""Срок службы"": ""8 лет"", ""Присоединительный размер коллектора"": ""1/2\"""", ""Количество выходов (отводов)"": ""на 3 вых"", ""Тип присоединения выхода (отвода)"": ""наружная резьба"", ""Присоединительный размер выхода (отвода)"": ""1/2\"""", ""Межосевое расстояние между выходами (отводами), мм"": ""150"", ""Максимальная температура"": ""Тмакс=105оС"", ""Артикул"": ""1021"", ""Среда рабочая"": ""вода|пар"", ""Наличие расходомеров"": ""Нет""}",,,5,171,1,https://www.santech.ru/catalog/383/386/i32038/
25633,"Коллектор нержавеющая сталь Ду 25 1"" НР на 10 вых 1/2"" НР м/о 150мм Элит-Металл 1087",127-7190,"{""Номенклатурный номер"": ""127-7190"", ""Бренд"": ""Элит-Металл"", ""Материал"": ""нержавеющая сталь"", ""Марка материала корпуса"": ""AISI 304"", ""Диаметр коллектора"": ""Ду 25"", ""Тип присоединения коллектора"": ""наружная резьба"", ""Тип встроенного клапана"": ""без клапанов"", ""Давление"": ""16 бар"", ""Страна происхождения"": ""Россия"", ""Температура рабочей среды"": ""до +105 oC"", ""Область применения"": ""предназначен для использования в трубопроводах систем холодного и горячего водоснабжения в т.ч. питьевой воды, теплоснабжения, водяного отопления, а также в технологических трубопроводах"", ""Комплект поставки"": ""коллектор; ЗИП; паспорт; инструкция по эксплуатации"", ""Срок службы"": ""8 лет"", ""Присоединительный размер коллектора"": ""1\"""", ""Количество выходов (отводов)"": ""на 10 вых"", ""Тип присоединения выхода (отвода)"": ""наружная резьба"", ""Присоединительный размер выхода (отвода)"": ""1/2\"""", ""Межосевое расстояние между выходами (отводами), мм"": ""150"", ""Максимальная температура"": ""Тмакс=105оС"", ""Артикул"": ""1087"", ""Среда рабочая"": ""вода|пар"", ""Наличие расходомеров"": ""Нет""}",,,5,171,1,https://www.santech.ru/catalog/383/386/i32040/
25704,"Коллектор нержавеющая сталь Ду 32 1/2"" НР на 10 вых 3/4"" НР м/о 150мм Элит-Металл 2158",127-7262,"{""Номенклатурный номер"": ""127-7262"", ""Бренд"": ""Элит-Металл"", ""Материал"": ""нержавеющая сталь"", ""Марка материала корпуса"": ""AISI 304"", ""Диаметр коллектора"": ""Ду 32"", ""Тип присоединения коллектора"": ""наружная резьба"", ""Тип встроенного клапана"": ""без клапанов"", ""Давление"": ""16 бар"", ""Страна происхождения"": ""Россия"", ""Температура рабочей среды"": ""до +105 oC"", ""Область применения"": ""предназначен для использования в трубопроводах систем холодного и горячего водоснабжения в т.ч. питьевой воды, теплоснабжения, водяного отопления, а также в технологических трубопроводах"", ""Комплект поставки"": ""коллектор; ЗИП; паспорт; инструкция по эксплуатации"", ""Срок службы"": ""8 лет"", ""Присоединительный размер коллектора"": ""1/2\"""", ""Количество выходов (отводов)"": ""на 10 вых"", ""Тип присоединения выхода (отвода)"": ""наружная резьба"", ""Присоединительный размер выхода (отвода)"": ""3/4\"""", ""Межосевое расстояние между выходами (отводами), мм"": ""150"", ""Максимальная температура"": ""Тмакс=105оС"", ""Артикул"": ""2158"", ""Среда рабочая"": ""вода|пар"", ""Наличие расходомеров"": ""Нет""}",,,5,171,1,https://www.santech.ru/catalog/383/386/i32049/
25717,"Коллектор нержавеющая сталь Ду 32 1"" НР на 5 вых 3/4"" НР м/о 150мм Элит-Металл 2213",127-7275,"{""Номенклатурный номер"": ""127-7275"", ""Бренд"": ""Элит-Металл"", ""Материал"": ""нержавеющая сталь"", ""Марка материала корпуса"": ""AISI 304"", ""Диаметр коллектора"": ""Ду 32"", ""Тип присоединения коллектора"": ""наружная резьба"", ""Тип встроенного клапана"": ""без клапанов"", ""Давление"": ""16 бар"", ""Масса нетто"": ""1.2 кг"", ""Страна происхождения"": ""Россия"", ""Температура рабочей среды"": ""до +105 oC"", ""Область применения"": ""предназначен для использования в трубопроводах систем холодного и горячего водоснабжения в т.ч. питьевой воды, теплоснабжения, водяного отопления, а также в технологических трубопроводах"", ""Комплект поставки"": ""коллектор; ЗИП; паспорт; инструкция по эксплуатации"", ""Срок службы"": ""8 лет"", ""Присоединительный размер коллектора"": ""1\"""", ""Количество выходов (отводов)"": ""на 5 вых"", ""Тип присоединения выхода (отвода)"": ""наружная резьба"", ""Присоединительный размер выхода (отвода)"": ""3/4\"""", ""Межосевое расстояние между выходами (отводами), мм"": ""150"", ""Максимальная температура"": ""Тмакс=105оС"", ""Артикул"": ""2213"", ""Среда рабочая"": ""вода|пар"", ""Наличие расходомеров"": ""Нет""}",,,5,171,1,https://www.santech.ru/catalog/383/386/i32051/
25763,"Коллектор нержавеющая сталь Ду 40 1/2"" НР на 6 вых 3/4"" НР м/о 150мм Элит-Металл 3314",127-7321,"{""Номенклатурный номер"": ""127-7321"", ""Бренд"": ""Элит-Металл"", ""Материал"": ""нержавеющая сталь"", ""Марка материала корпуса"": ""AISI 304"", ""Диаметр коллектора"": ""Ду 40"", ""Тип присоединения коллектора"": ""наружная резьба"", ""Тип встроенного клапана"": ""без клапанов"", ""Давление"": ""16 бар"", ""Страна происхождения"": ""Россия"", ""Температура рабочей среды"": ""до +105 oC"", ""Область применения"": ""предназначен для использования в трубопроводах систем холодного и горячего водоснабжения в т.ч. питьевой воды, теплоснабжения, водяного отопления, а также в технологических трубопроводах"", ""Комплект поставки"": ""коллектор; ЗИП; паспорт; инструкция по эксплуатации"", ""Срок службы"": ""8 лет"", ""Присоединительный размер коллектора"": ""1/2\"""", ""Количество выходов (отводов)"": ""на 6 вых"", ""Тип присоединения выхода (отвода)"": ""наружная резьба"", ""Присоединительный размер выхода (отвода)"": ""3/4\"""", ""Межосевое расстояние между выходами (отводами), мм"": ""150"", ""Максимальная температура"": ""Тмакс=105оС"", ""Артикул"": ""3314"", ""Среда рабочая"": ""вода|пар"", ""Наличие расходомеров"": ""Нет""}",,,5,171,1,https://www.santech.ru/catalog/383/386/i32056/
25765,"Коллектор нержавеющая сталь Ду 40 1/2"" НР на 8 вых 3/4"" НР м/о 150мм Элит-Металл 3316",127-7323,"{""Номенклатурный номер"": ""127-7323"", ""Бренд"": ""Элит-Металл"", ""Материал"": ""нержавеющая сталь"", ""Марка материала корпуса"": ""AISI 304"", ""Диаметр коллектора"": ""Ду 40"", ""Тип присоединения коллектора"": ""наружная резьба"", ""Тип встроенного клапана"": ""без клапанов"", ""Давление"": ""16 бар"", ""Страна происхождения"": ""Россия"", ""Температура рабочей среды"": ""до +105 oC"", ""Область применения"": ""предназначен для использования в трубопроводах систем холодного и горячего водоснабжения в т.ч. питьевой воды, теплоснабжения, водяного отопления, а также в технологических трубопроводах"", ""Комплект поставки"": ""коллектор; ЗИП; паспорт; инструкция по эксплуатации"", ""Срок службы"": ""8 лет"", ""Присоединительный размер коллектора"": ""1/2\"""", ""Количество выходов (отводов)"": ""на 8 вых"", ""Тип присоединения выхода (отвода)"": ""наружная резьба"", ""Присоединительный размер выхода (отвода)"": ""3/4\"""", ""Межосевое расстояние между выходами (отводами), мм"": ""150"", ""Максимальная температура"": ""Тмакс=105оС"", ""Артикул"": ""3316"", ""Среда рабочая"": ""вода|пар"", ""Наличие расходомеров"": ""Нет""}",,,5,171,1,https://www.santech.ru/catalog/383/386/i32056/
26043,"Коллектор сталь Ду 25 3/4"" НР на 5 вых 1/2"" НР м/о 150мм Элит-Металл 1058-ст",127-9064,"{""Номенклатурный номер"": ""127-9064"", ""Бренд"": ""Элит-Металл"", ""Материал"": ""сталь"", ""Марка материала корпуса"": ""ст20"", ""Диаметр коллектора"": ""Ду 25"", ""Тип присоединения коллектора"": ""наружная резьба"", ""Тип встроенного клапана"": ""без клапанов"", ""Давление"": ""16 бар"", ""Масса нетто"": ""1.8 кг"", ""Страна происхождения"": ""Россия"", ""Температура рабочей среды"": ""до +105 oC"", ""Область применения"": ""предназначен для использования в трубопроводах систем холодного и горячего водоснабжения в т.ч. питьевой воды, теплоснабжения, водяного отопления, а также в технологических трубопроводах"", ""Комплект поставки"": ""коллектор; ЗИП; паспорт; инструкция по эксплуатации"", ""Срок службы"": ""6 лет"", ""Присоединительный размер коллектора"": ""3/4\"""", ""Количество выходов (отводов)"": ""на 5 вых"", ""Тип присоединения выхода (отвода)"": ""наружная резьба"", ""Присоединительный размер выхода (отвода)"": ""1/2\"""", ""Межосевое расстояние между выходами (отводами), мм"": ""150"", ""Максимальная температура"": ""Тмакс=105оС"", ""Артикул"": ""1058-ст"", ""Среда рабочая"": ""вода|пар"", ""Наличие расходомеров"": ""Нет""}",,,5,171,1,https://www.santech.ru/catalog/383/386/i36154/
26321,Переход чугун SML Ду 250х150 б/растр SGACX,128-1425,"{""Номенклатурный номер"": ""128-1425"", ""Бренд"": ""No name"", ""Инженерная система"": ""Водоотведение"", ""Материал"": ""чугун"", ""Масса нетто"": ""6.12 кг"", ""Страна происхождения"": ""Китай"", ""Штрих-код на одну ТМЦ"": ""4606034357224"", ""Область применения"": ""Фитинги чугунные безраструбные применяются при отведении (канализации) хозяйственных и фекальных стоков жилых, общественных и промышленных зданий"", ""Диаметр условный, мм"": ""Ду 250"", ""Переход на диаметр, мм"": ""150"", ""Диаметр наружный, мм"": ""274х160""}",,250,1,9,1,https://www.santech.ru/catalog/278/286/i2020/
26368,Хомут сталь SML Rapid Ду 50 Strongman,013-0333,"{""Номенклатурный номер"": ""013-0333"", ""Бренд"": ""Strongman"", ""Инженерная система"": ""Водоотведение"", ""Материал"": ""сталь"", ""Модель"": ""Rapid"", ""Масса нетто"": ""0.123 кг"", ""Страна происхождения"": ""Китай"", ""Штрих-код на одну ТМЦ"": ""4606034028414"", ""Область применения"": ""Для сборки безраструбных труб и фитингов SML"", ""Диаметр условный, мм"": ""Ду 50""}",,50,1,173,1,https://www.santech.ru/catalog/278/286/i473/
26395,Хомут сталь SML CV Ду 50 Contec NR-100050,013-2253,"{""Номенклатурный номер"": ""013-2253"", ""Бренд"": ""Contec"", ""Материал"": ""сталь"", ""Модель"": ""CV"", ""Масса нетто"": ""0.078 кг"", ""Страна происхождения"": ""Германия"", ""Штрих-код на одну ТМЦ"": ""4606034310311"", ""Диаметр условный, мм"": ""Ду 50"", ""Артикул"": ""NR-100050""}",,50,1,176,1,https://www.santech.ru/catalog/278/286/i396/
26438,Электропривод четвертьоборотный ГЗ-ОФ-150/22М F10 17х17 квадрат 380В ГЗ Электропривод,038-0664,"{""Номенклатурный номер"": ""038-0664"", ""Бренд"": ""ГЗ Электропривод"", ""Инженерная система"": ""Водоснабжение, Отопление, Тепловые пункты, Пожаротушение"", ""Серия"": ""ГЗ-ОФ(М)"", ""Присоединение к арматуре"": ""F10"", ""Шток арматуры"": ""квадрат"", ""Масса нетто"": ""11 кг"", ""Страна происхождения"": ""Россия"", ""Штрих-код на одну ТМЦ"": ""4606034327555"", ""Область применения"": ""Для управления дисковых затворов, шаровых кранов и другой арматуры с углом поворота рабочего органа на 90° ±10°"", ""Модель"": ""ГЗ-ОФ-150/22М"", ""Крутящий момент"": ""150Нм""}",,,4,180,1,https://www.santech.ru/catalog/317/322/i236/
26491,Электропривод многооборотный ЭП-МВ.600/24 F16 вал 28 шпонка 10 380В IP67 Сатурн,038-0693,"{""Номенклатурный номер"": ""038-0693"", ""Бренд"": ""Сатурн"", ""Инженерная система"": ""Водоснабжение, Отопление, Тепловые пункты, Пожаротушение"", ""Серия"": ""ЭП-М"", ""Присоединение к арматуре"": ""F16"", ""Масса нетто"": ""90 кг"", ""Страна происхождения"": ""Китай"", ""Модель"": ""ЭП-МВ.600/24"", ""Крутящий момент"": ""600Нм"", ""Диаметр вала"": ""вал 28"", ""Размер шпонки"": ""шпонка 10""}",,,4,181,1,https://www.santech.ru/catalog/317/322/i208/
26494,Электропривод многооборотный ЭП-МА.100/24 А 380В Сатурн,038-0879,"{""Номенклатурный номер"": ""038-0879"", ""Бренд"": ""Сатурн"", ""Инженерная система"": ""Водоснабжение, Отопление, Тепловые пункты, Пожаротушение"", ""Серия"": ""ЭП-М"", ""Присоединение к арматуре"": ""А"", ""Масса нетто"": ""28 кг"", ""Страна происхождения"": ""Китай"", ""Модель"": ""ЭП-МА.100/24"", ""Крутящий момент"": ""100Нм""}",,,4,181,1,https://www.santech.ru/catalog/317/322/i210/
26521,Экран пожарный для спринклера круглый разборный D=300 мм Балтика-01,016-4409,"{""Номенклатурный номер"": ""016-4409"", ""Бренд"": ""Балтика-01"", ""Инженерная система"": ""Пожаротушение"", ""Тип"": ""пожарный"", ""Форма"": ""круглый"", ""Конструкция экрана"": ""разборный"", ""Назначение"": ""для спринклера"", ""Масса нетто"": ""1 кг"", ""Страна происхождения"": ""Россия"", ""Размер"": ""D=300 мм""}",,,12,157,1,https://www.santech.ru/catalog/482/489/i420/
26586,"Узел управления дренчерный УУ-Д50/1,2(Э24)-ГМ.04 Малорасходный с электроприводом Спецавтоматика 00000011082",016-2593,"{""Номенклатурный номер"": ""016-2593"", ""Бренд"": ""Спецавтоматика"", ""Инженерная система"": ""Пожаротушение"", ""Серия"": ""УУ-Д Малорасходный"", ""Тип"": ""дренчерный"", ""Масса нетто"": ""21.35 кг"", ""Страна происхождения"": ""Россия"", ""Модель"": ""УУ-Д50/1,2(Э24)-ГМ.04 Малорасходный"", ""Типоразмер"": ""1,2(Э24)-ГМ.04 Малорасходный"", ""Артикул"": ""00000011082"", ""Исполнение"": ""с электроприводом"", ""Максимальное рабочее давление"": ""1,2МПа"", ""Тип привода"": ""электрический"", ""Рабочее положение на трубопроводе"": ""горизонтальное""}",,,12,178,1,https://www.santech.ru/catalog/482/489/i210/
26590,"Узел управления спринклерный водозаполненный УУ-С150/1,6В-ВФ.О4 Шалтан Спецавтоматика 00000011127",016-2577,"{""Номенклатурный номер"": ""016-2577"", ""Бренд"": ""Спецавтоматика"", ""Инженерная система"": ""Пожаротушение"", ""Серия"": ""УУ-С Шалтан"", ""Тип"": ""спринклерный"", ""Вид"": ""водозаполненный"", ""Масса нетто"": ""37 кг"", ""Страна происхождения"": ""Россия"", ""Модель"": ""УУ-С150/1,6В-ВФ.О4 Шалтан"", ""Типоразмер"": ""1,6В-ВФ.О4 Шалтан"", ""Артикул"": ""00000011127"", ""Максимальное рабочее давление"": ""1,6МПа"", ""Рабочее положение на трубопроводе"": ""вертикальное""}",,,12,178,1,https://www.santech.ru/catalog/482/489/i209/
26694,"Клапан электромагнитный латунь НЗ СК-11 Ду 40 Ру7 G1 1/2"" ВР с катушкой 220В AC 90С прямого действия Росма 00000011329",107-6091,"{""Номенклатурный номер"": ""107-6091"", ""Бренд"": ""Росма"", ""Инженерная система"": ""Водоснабжение, Отопление, Тепловые пункты"", ""Название"": ""Клапан"", ""Тип"": ""электромагнитный"", ""Принцип работы"": ""прямого действия"", ""Катушка"": ""с катушкой"", ""Серия"": ""СК-11"", ""Материал"": ""латунь"", ""Рабочее давление"": ""Рабочее давление, бар:Воздух, газ: 0…10Вода: 0…7Масло: 0…9"", ""Рабочая среда"": ""вода, масло, сжатый воздух, нейтральные газы"", ""Тип присоединения"": ""внутренняя резьба"", ""Тип установки"": ""катушкой вверх"", ""Нормальное положение штока"": ""нормально закрытый"", ""Ток"": ""переменный ток AC"", ""Материал уплотнения"": ""NBR"", ""Напряжение питания катушки"": ""220В"", ""Степень защиты корпуса"": ""IP65"", ""Масса нетто"": ""2.542 кг"", ""Страна происхождения"": ""Россия"", ""Штрих-код на одну ТМЦ"": ""4606034314197"", ""Температура рабочей среды"": ""от -5 до +90 oC"", ""Комплект поставки"": ""клапан в сборе; паспорт; инструкция по эксплуатации"", ""Гарантия"": ""12 месяцев"", ""Гарантия производителя"": ""2 года"", ""Срок службы"": ""10 лет"", ""Диаметр"": ""Ду 40"", ""Давление"": ""Ру7"", ""Артикул"": ""00000011329"", ""Максимальная температура"": ""90С"", ""Размер резьбы"": ""1 1/2\"""", ""Строительная длина"": ""118 мм""}","Рабочее давление, бар:Воздух, газ: 0…10Вода: 0…7Масло: 0…9",,3,38,1,https://www.santech.ru/catalog/337/351/i37094/
26788,Муфта чугун соединительная для ПЭ труб Ду 50 (Дн 63-63) Ру10/16 ПФРК-Е Benarmo 7011,013-3922,"{""Номенклатурный номер"": ""013-3922"", ""Бренд"": ""Benarmo"", ""Описание"": ""Внешний вид изделия и количество присоединительных отверстий зависит от Ду, Ру и может отличаться от представленного на фото."", ""Материал"": ""чугун"", ""Тип"": ""соединительная"", ""Назначение"": ""для ПЭ труб"", ""Серия"": ""7011"", ""Масса нетто"": ""3.02 кг"", ""Страна происхождения"": ""Китай"", ""Штрих-код на одну ТМЦ"": ""4606034298145"", ""Гарантия"": ""2 года"", ""Срок службы"": ""2 года"", ""Диаметр, мм"": ""Ду 50"", ""Диапазон соединяемых диаметров"": ""Дн 63-63""}",,,6,26,1,https://www.santech.ru/catalog/293/301/i783/
26806,Муфта сталь соединительная Ду 350 (Дн 351-378) Ру10/16 ДРК Benarmo 7020,013-2461,"{""Номенклатурный номер"": ""013-2461"", ""Бренд"": ""Benarmo"", ""Инженерная система"": ""Водоснабжение, Водоотведение, Тепловые пункты"", ""Материал"": ""сталь"", ""Тип"": ""соединительная"", ""Серия"": ""7020"", ""Масса нетто"": ""21.77 кг"", ""Страна происхождения"": ""Китай"", ""Штрих-код на одну ТМЦ"": ""4606034359006"", ""Диаметр, мм"": ""Ду 350"", ""Диапазон соединяемых диаметров"": ""Дн 351-378""}",,,6,26,1,https://www.santech.ru/catalog/293/301/i769/
26851,"Система защиты от протечек воды бронза Base Ду 15 1/2"" Ру40 ВР 12В STAHLMANN 2287301",013-3884,"{""Номенклатурный номер"": ""013-3884"", ""Бренд"": ""STAHLMANN"", ""Описание"": ""Модуль с проводными датчиками и оснащен световым и звуковым оповещением при аварии. Для использования в промышленном, коммерческом и бытовом сегментах. Без управления через смартфон."", ""Инженерная система"": ""Водоснабжение, Отопление, Тепловые пункты, Пожаротушение"", ""Материал"": ""бронза"", ""Кранов в комплекте"": ""2"", ""Датчиков в комплекте"": ""3"", ""Модель устройства"": ""Base"", ""Тип присоединения"": ""внутренняя резьба"", ""Напряжение питания привода кранов"": ""12В"", ""Масса нетто"": ""1.55 кг"", ""Страна происхождения"": ""Россия"", ""Штрих-код на одну ТМЦ"": ""4640209332104"", ""Диаметр"": ""Ду 15"", ""Давление"": ""Ру40"", ""Присоединительный размер"": ""1/2\"""", ""Артикул"": ""2287301""}",,15,4,28,1,https://www.santech.ru/catalog/317/1075/i2341/
26911,"Кран Маевского латунь R90 Ду 10 Ру16 G3/8"" НР под отвертку Giacomini R90X002",022-2430,"{""Номенклатурный номер"": ""022-2430"", ""Бренд"": ""Giacomini"", ""Инженерная система"": ""Отопление"", ""Тип устройства"": ""под отвертку"", ""Тип присоединения"": ""наружная резьба"", ""Модель"": ""R90"", ""Материал"": ""латунь"", ""Корпус"": ""латунь CW617N"", ""Резьба"": ""по ГОСТ 6357-81"", ""Масса нетто"": ""0.02 кг"", ""Страна происхождения"": ""Италия"", ""Температура рабочей среды"": ""до +110 oC"", ""Область применения"": ""позволяет удалять газы и их смеси различных концентраций, образующиеся в процессе работы системы отопления"", ""Гарантия"": ""2 года"", ""Гарантия производителя"": ""2 года"", ""Диаметр"": ""Ду 10"", ""Давление"": ""Ру16"", ""Артикул"": ""R90X002"", ""Максимальная температура"": ""110C"", ""Строительная длина"": ""24"", ""Размер резьбы"": ""3/8\"""", ""Строительная высота"": ""20""}",,,3,16,1,https://www.santech.ru/catalog/337/366/i5549/
26923,"Кран Маевского ручной латунь Ду 15 Ру10 G1/2"" НР с колпачком Ogint",019-0680,"{""Номенклатурный номер"": ""019-0680"", ""Бренд"": ""Ogint"", ""Инженерная система"": ""Отопление"", ""Тип"": ""ручной"", ""Тип устройства"": ""с колпачком"", ""Тип присоединения"": ""наружная резьба"", ""Материал"": ""латунь"", ""Корпус"": ""латунь"", ""Резьба"": ""по ГОСТ 6357-81"", ""Масса нетто"": ""0.026 кг"", ""Страна происхождения"": ""Китай"", ""Штрих-код на одну ТМЦ"": ""4606034176337"", ""Температура рабочей среды"": ""до +110 oC"", ""Область применения"": ""применяются для ручного удаления воздуха из любых приборов отопления (радиаторы, конвекторы и т.д.)"", ""Гарантия"": ""2 года"", ""Гарантия производителя"": ""2 года"", ""Диаметр"": ""Ду 15"", ""Давление"": ""Ру10"", ""Максимальная температура"": ""110C"", ""Строительная длина"": ""22"", ""Размер резьбы"": ""1/2\"""", ""Строительная высота"": ""19.5""}",,,3,12,1,https://www.santech.ru/catalog/337/366/i14851/
26932,"Воздухоотводчик автоматический латунь 502 Ду 15 Ру10 G1/2"" НР прямой OR 0502.016",019-1410,"{""Номенклатурный номер"": ""019-1410"", ""Бренд"": ""OR"", ""Инженерная система"": ""Водоснабжение, Отопление, Тепловые пункты"", ""Тип"": ""автоматический"", ""Тип присоединения"": ""наружная резьба"", ""Тип установки"": ""прямой"", ""Модель"": ""502"", ""Материал"": ""латунь"", ""Корпус"": ""латунь CB754S"", ""Масса нетто"": ""0.162 кг"", ""Страна происхождения"": ""Италия"", ""Штрих-код на одну ТМЦ"": ""8033324107232"", ""Температура рабочей среды"": ""до +110 oC"", ""Диаметр"": ""Ду 15"", ""Давление"": ""Ру10"", ""Артикул"": ""0502.016"", ""Максимальная температура"": ""110C"", ""Размер резьбы"": ""1/2\""""}",,,3,114,1,https://www.santech.ru/catalog/337/366/i44148/
26957,Вантуз автоматический тройного действия чугун Ду 200 Ру25 фл комбинированный противгидроударный вертикальный Benarmo,019-3255,"{""Номенклатурный номер"": ""019-3255"", ""Бренд"": ""Benarmo"", ""Инженерная система"": ""Водоотведение"", ""Тип"": ""автоматический"", ""Тип устройства"": ""комбинированный"", ""Защита от гидроудара"": ""противгидроударный"", ""Особенность конструкции"": ""тройного действия"", ""Тип присоединения"": ""фланцевое"", ""Тип установки"": ""вертикальный"", ""Аналоги"": ""является частичным аналогом VAG DUOJET Anti-Surge"", ""Материал"": ""чугун"", ""Масса нетто"": ""83.4 кг"", ""Страна происхождения"": ""Китай"", ""Диаметр"": ""Ду 200"", ""Давление"": ""Ру25"", ""Номинальное давление фланцев, бар"": ""25""}",,,3,26,1,https://www.santech.ru/catalog/337/366/i322/
26974,Вантуз автоматический двухкамерный тройного действия чугун Ду 80 Ру25 фл комбинированный вертикальный Benarmo,019-3239,"{""Номенклатурный номер"": ""019-3239"", ""Бренд"": ""Benarmo"", ""Инженерная система"": ""Водоотведение"", ""Тип"": ""автоматический"", ""Тип устройства"": ""комбинированный"", ""Принцип действия"": ""двухкамерный"", ""Особенность конструкции"": ""тройного действия"", ""Тип присоединения"": ""фланцевое"", ""Тип установки"": ""вертикальный"", ""Аналоги"": ""является частичным аналогом Tecofi PVTGD4200, VAG TWINJET"", ""Материал"": ""чугун"", ""Масса нетто"": ""19.4 кг"", ""Страна происхождения"": ""Китай"", ""Диаметр"": ""Ду 80"", ""Давление"": ""Ру25"", ""Номинальное давление фланцев, бар"": ""25""}",,,3,26,1,https://www.santech.ru/catalog/337/366/i318/
39401,"Радиатор трубчатый QUADRUM 50 V 1-1250 9 секций с боковой подводкой ВР G 1/2"" с кронштейнами 1T103S9005 (черный матовый муар) КЗТО",121-2065,"{""Номенклатурный номер"": ""121-2065"", ""Бренд"": ""КЗТО"", ""Инженерная система"": ""Отопление"", ""Материал"": ""сталь"", ""Конструкция"": ""трубчатый"", ""Монтаж"": ""настенный"", ""Серия"": ""QUADRUM 50 V"", ""Модель"": ""1-1250"", ""Тип подключения"": ""боковое подключение"", ""Сторона подключения"": ""универсальная"", ""Подключение к системе отопления"": ""внутренняя резьба G 1/2\"""", ""Терморегулятор"": ""без термостатического клапана"", ""Количество труб в одной секции"": ""1"", ""Цвет"": ""1T103S9005 (черный матовый муар)"", ""Давление рабочее"": ""15 бар"", ""Испытательное давление"": ""не менее 22,5 бар"", ""Межосевое расстояние"": ""1250 мм"", ""Высота радиатора"": ""1330 мм"", ""Глубина радиатора"": ""90 мм"", ""Вес секции"": ""3.67 кг"", ""Объем воды секции"": ""1.29 л"", ""Монтаж радиатора"": ""При установке радиатора рекомендуется выдерживать следующие расстояния:- от пола до радиатора – 80…160 мм- от нижней поверхности подоконных панелей до радиатора – не менее 68 мм."", ""Масса нетто"": ""33.03 кг"", ""Страна происхождения"": ""Россия"", ""Количество секций"": ""9 секций"", ""Отапливаемая площадь"": ""14 м2"", ""Номинальный тепловой поток при dT=70 oC 95/85/20 oC"": ""1448 Вт"", ""Номинальный тепловой поток при dT=70 oC 105/75/20 oC"": ""1448 Вт""}",,,8,49,1,https://www.santech.ru/catalog/434/1080/i3291/
39535,"Радиатор трубчатый QUADRUM 60 V 1-500 14 секций с боковой подводкой ВР G 1/2"" с кронштейнами 1M103SG529 (серый светлый металлик муар) КЗТО",120-8018,"{""Номенклатурный номер"": ""120-8018"", ""Бренд"": ""КЗТО"", ""Инженерная система"": ""Отопление"", ""Материал"": ""сталь"", ""Конструкция"": ""трубчатый"", ""Монтаж"": ""настенный"", ""Серия"": ""QUADRUM 60 V"", ""Модель"": ""1-500"", ""Тип подключения"": ""боковое подключение"", ""Сторона подключения"": ""универсальная"", ""Подключение к системе отопления"": ""внутренняя резьба G 1/2\"""", ""Терморегулятор"": ""без термостатического клапана"", ""Крепеж"": ""кронштейны - входят в комплект поставки"", ""Количество труб в одной секции"": ""1"", ""Цвет"": ""1M103SG529 (серый светлый металлик муар)"", ""Давление рабочее"": ""15 бар"", ""Испытательное давление"": ""не менее 22,5 бар"", ""Межосевое расстояние"": ""500 мм"", ""Высота радиатора"": ""580 мм"", ""Глубина радиатора"": ""100 мм"", ""Вес секции"": ""2.31 кг"", ""Объем воды секции"": ""0.89 л"", ""Монтаж радиатора"": ""При установке радиатора рекомендуется выдерживать следующие расстояния:- от пола до радиатора – 80…160 мм- от нижней поверхности подоконных панелей до радиатора – не менее 75 мм."", ""Масса нетто"": ""30.38 кг"", ""Страна происхождения"": ""Россия"", ""Количество секций"": ""14 секций"", ""Отапливаемая площадь"": ""13 м2"", ""Номинальный тепловой поток при dT=70 oC 95/85/20 oC"": ""1278 Вт""}",,,8,49,1,https://www.santech.ru/catalog/434/1080/i3123/
39610,"Радиатор трубчатый QUADRUM NEO 50 H 1-300 12 секций без т/клапана с нижней подводкой разнесенное ВР G 1/2"" с кронштейнами RAL1T104S9016 (Белый МУАР) КЗТО",121-3986,"{""Номенклатурный номер"": ""121-3986"", ""Бренд"": ""КЗТО"", ""Инженерная система"": ""Отопление"", ""Материал"": ""сталь"", ""Конструкция"": ""трубчатый"", ""Монтаж"": ""настенный"", ""Серия"": ""QUADRUM NEO 50 H"", ""Модель"": ""1-300"", ""Тип подключения"": ""нижнее подключение"", ""Сторона подключения"": ""разнесенное"", ""Подключение к системе отопления"": ""внутренняя резьба G 1/2\"""", ""Терморегулятор"": ""без термостатического клапана"", ""Крепеж"": ""входит в комплект поставки"", ""Количество труб в одной секции"": ""1"", ""Цвет"": ""RAL1T104S9016 (Белый МУАР)"", ""Давление рабочее"": ""15 бар"", ""Испытательное давление"": ""не менее 22,5 бар"", ""Межосевое расстояние (нижние подключение)"": ""300 мм"", ""Глубина радиатора"": ""50 мм"", ""Вес секции"": ""1.25 кг"", ""Объем воды секции"": ""0.44 л"", ""Монтаж радиатора"": ""При установке радиатора рекомендуется выдерживать следующие расстояния:- от пола до радиатора – 80…160 мм- от нижней поверхности подоконных панелей до радиатора – не менее 50 мм."", ""Масса нетто"": ""15 кг"", ""Страна происхождения"": ""Россия"", ""Количество секций"": ""12 секций"", ""Отапливаемая площадь"": ""5 м2"", ""Номинальный тепловой поток при dT=70 oC 95/85/20 oC"": ""478 Вт"", ""Номинальный тепловой поток при dT=70 oC 105/75/20 oC"": ""478 Вт""}",,,8,49,1,https://www.santech.ru/catalog/434/1080/i3403/
39707,"Радиатор трубчатый QUADRUM NEO 50 H 1-300 12 секций без т/клапана с нижней подводкой разнесенное ВР G 1/2"" с кронштейнами 1T103S9005 (черный матовый муар) КЗТО",121-4138,"{""Номенклатурный номер"": ""121-4138"", ""Бренд"": ""КЗТО"", ""Инженерная система"": ""Отопление"", ""Материал"": ""сталь"", ""Конструкция"": ""трубчатый"", ""Монтаж"": ""настенный"", ""Серия"": ""QUADRUM NEO 50 H"", ""Модель"": ""1-300"", ""Тип подключения"": ""нижнее подключение"", ""Сторона подключения"": ""разнесенное"", ""Подключение к системе отопления"": ""внутренняя резьба G 1/2\"""", ""Терморегулятор"": ""без термостатического клапана"", ""Крепеж"": ""входит в комплект поставки"", ""Количество труб в одной секции"": ""1"", ""Цвет"": ""1T103S9005 (черный матовый муар)"", ""Давление рабочее"": ""15 бар"", ""Испытательное давление"": ""не менее 22,5 бар"", ""Межосевое расстояние (нижние подключение)"": ""300 мм"", ""Глубина радиатора"": ""50 мм"", ""Вес секции"": ""1.25 кг"", ""Объем воды секции"": ""0.44 л"", ""Монтаж радиатора"": ""При установке радиатора рекомендуется выдерживать следующие расстояния:- от пола до радиатора – 80…160 мм- от нижней поверхности подоконных панелей до радиатора – не менее 50 мм."", ""Масса нетто"": ""15 кг"", ""Страна происхождения"": ""Россия"", ""Количество секций"": ""12 секций"", ""Отапливаемая площадь"": ""5 м2"", ""Номинальный тепловой поток при dT=70 oC 95/85/20 oC"": ""478 Вт"", ""Номинальный тепловой поток при dT=70 oC 105/75/20 oC"": ""478 Вт""}",,,8,49,1,https://www.santech.ru/catalog/434/1080/i3411/
39709,"Радиатор трубчатый QUADRUM NEO 50 H 1-300 14 секций без т/клапана с нижней подводкой разнесенное ВР G 1/2"" с кронштейнами 1T103S9005 (черный матовый муар) КЗТО",121-4140,"{""Номенклатурный номер"": ""121-4140"", ""Бренд"": ""КЗТО"", ""Инженерная система"": ""Отопление"", ""Материал"": ""сталь"", ""Конструкция"": ""трубчатый"", ""Монтаж"": ""настенный"", ""Серия"": ""QUADRUM NEO 50 H"", ""Модель"": ""1-300"", ""Тип подключения"": ""нижнее подключение"", ""Сторона подключения"": ""разнесенное"", ""Подключение к системе отопления"": ""внутренняя резьба G 1/2\"""", ""Терморегулятор"": ""без термостатического клапана"", ""Крепеж"": ""входит в комплект поставки"", ""Количество труб в одной секции"": ""1"", ""Цвет"": ""1T103S9005 (черный матовый муар)"", ""Давление рабочее"": ""15 бар"", ""Испытательное давление"": ""не менее 22,5 бар"", ""Межосевое расстояние (нижние подключение)"": ""300 мм"", ""Глубина радиатора"": ""50 мм"", ""Вес секции"": ""1.25 кг"", ""Объем воды секции"": ""0.44 л"", ""Монтаж радиатора"": ""При установке радиатора рекомендуется выдерживать следующие расстояния:- от пола до радиатора – 80…160 мм- от нижней поверхности подоконных панелей до радиатора – не менее 50 мм."", ""Масса нетто"": ""17.5 кг"", ""Страна происхождения"": ""Россия"", ""Количество секций"": ""14 секций"", ""Отапливаемая площадь"": ""5 м2"", ""Номинальный тепловой поток при dT=70 oC 95/85/20 oC"": ""549 Вт"", ""Номинальный тепловой поток при dT=70 oC 105/75/20 oC"": ""549 Вт""}",,,8,49,1,https://www.santech.ru/catalog/434/1080/i3411/
39889,"Радиатор трубчатый QUADRUM NEO 50 H 1-2000 5 секций без т/клапана с нижней подводкой разнесенное ВР G 1/2"" с кронштейнами RAL1T104S9016 (Белый МУАР) КЗТО",121-4120,"{""Номенклатурный номер"": ""121-4120"", ""Бренд"": ""КЗТО"", ""Инженерная система"": ""Отопление"", ""Материал"": ""сталь"", ""Конструкция"": ""трубчатый"", ""Монтаж"": ""настенный"", ""Серия"": ""QUADRUM NEO 50 H"", ""Модель"": ""1-2000"", ""Тип подключения"": ""нижнее подключение"", ""Сторона подключения"": ""разнесенное"", ""Подключение к системе отопления"": ""внутренняя резьба G 1/2\"""", ""Терморегулятор"": ""без термостатического клапана"", ""Крепеж"": ""входит в комплект поставки"", ""Количество труб в одной секции"": ""1"", ""Цвет"": ""RAL1T104S9016 (Белый МУАР)"", ""Давление рабочее"": ""15 бар"", ""Испытательное давление"": ""не менее 22,5 бар"", ""Межосевое расстояние (нижние подключение)"": ""2000 мм"", ""Глубина радиатора"": ""50 мм"", ""Вес секции"": ""5.62 кг"", ""Объем воды секции"": ""1.958 л"", ""Монтаж радиатора"": ""При установке радиатора рекомендуется выдерживать следующие расстояния:- от пола до радиатора – 80…160 мм- от нижней поверхности подоконных панелей до радиатора – не менее 50 мм."", ""Масса нетто"": ""28.1 кг"", ""Страна происхождения"": ""Россия"", ""Количество секций"": ""5 секций"", ""Отапливаемая площадь"": ""14 м2"", ""Номинальный тепловой поток при dT=70 oC 95/85/20 oC"": ""1386 Вт"", ""Номинальный тепловой поток при dT=70 oC 105/75/20 oC"": ""1386 Вт""}",,,8,49,1,https://www.santech.ru/catalog/434/1080/i3410/
40189,"Радиатор трубчатый QUADRUM NEO 50 V 1-1750 8 секций с боковой подводкой ВР G 1/2"" с кронштейнами 1T103S9005 (черный матовый муар) КЗТО",121-4568,"{""Номенклатурный номер"": ""121-4568"", ""Бренд"": ""КЗТО"", ""Инженерная система"": ""Отопление"", ""Материал"": ""сталь"", ""Конструкция"": ""трубчатый"", ""Монтаж"": ""настенный"", ""Серия"": ""QUADRUM NEO 50 V"", ""Модель"": ""1-1750"", ""Тип подключения"": ""боковое подключение"", ""Сторона подключения"": ""универсальная"", ""Подключение к системе отопления"": ""внутренняя резьба G 1/2\"""", ""Терморегулятор"": ""без термостатического клапана"", ""Крепеж"": ""кронштейны - входят в комплект поставки"", ""Количество труб в одной секции"": ""1"", ""Цвет"": ""1T103S9005 (черный матовый муар)"", ""Давление рабочее"": ""15 бар"", ""Испытательное давление"": ""не менее 22,5 бар"", ""Межосевое расстояние"": ""1750 мм"", ""Высота радиатора"": ""1830 мм"", ""Глубина радиатора"": ""50 мм"", ""Вес секции"": ""5.1 кг"", ""Объем воды секции"": ""1.735 л"", ""Монтаж радиатора"": ""При установке радиатора рекомендуется выдерживать следующие расстояния:- от пола до радиатора – 80…160 мм- от нижней поверхности подоконных панелей до радиатора – не менее 50 мм."", ""Масса нетто"": ""39.76 кг"", ""Страна происхождения"": ""Россия"", ""Количество секций"": ""8 секций"", ""Отапливаемая площадь"": ""16 м2"", ""Номинальный тепловой поток при dT=70 oC 95/85/20 oC"": ""1568 Вт"", ""Номинальный тепловой поток при dT=70 oC 105/75/20 oC"": ""1568 Вт""}",,,8,49,1,https://www.santech.ru/catalog/434/1080/i3433/
40261,"Радиатор трубчатый TUBOG 2180 12 секций с боковой подводкой подключение B1 ВР G 3/4"" Технолак RIFAR TUB 2180-12-TL",122-0510,"{""Номенклатурный номер"": ""122-0510"", ""Бренд"": ""RIFAR"", ""Инженерная система"": ""Отопление"", ""Материал"": ""сталь"", ""Конструкция"": ""трубчатый"", ""Монтаж"": ""настенный"", ""Серия"": ""TUBOG"", ""Модель"": ""2180"", ""Тип подключения"": ""боковое подключение"", ""Сторона подключения"": ""универсальная"", ""Схема подключения к системе отопления"": ""подключение B1"", ""Подключение к системе отопления"": ""внутренняя резьба G 3/4\"""", ""Терморегулятор"": ""без термостатического клапана"", ""Крепеж"": ""кронштейны - входят в комплект поставки"", ""Количество труб в одной секции"": ""2"", ""Цвет"": ""Технолак"", ""Давление рабочее"": ""16 бар"", ""Испытательное давление"": ""24 бар"", ""Межосевое расстояние"": ""1735 мм"", ""Высота радиатора"": ""1800 мм"", ""Глубина радиатора"": ""66 мм"", ""Вес секции"": ""3.34 кг"", ""Объем воды секции"": ""1.47 л"", ""Масса нетто"": ""40.8 кг"", ""Страна происхождения"": ""Россия"", ""Температура рабочей среды"": ""до +110 oC"", ""Количество секций"": ""12 секций"", ""Артикул"": ""TUB 2180-12-TL"", ""Отапливаемая площадь"": ""24 м2"", ""Номинальный тепловой поток при dT=70 oC 95/85/20 oC"": ""2412 Вт"", ""Номинальный тепловой поток при dT=70 oC 105/75/20 oC"": ""2412 Вт""}",,,8,58,1,https://www.santech.ru/catalog/434/1080/i3951/
40311,"Радиатор трубчатый TUBOG 3057 10 секций с боковой подводкой подключение B1 ВР G 3/4"" Антрацит матовый RIFAR TUB 3057-10-AN",122-0568,"{""Номенклатурный номер"": ""122-0568"", ""Бренд"": ""RIFAR"", ""Инженерная система"": ""Отопление"", ""Материал"": ""сталь"", ""Конструкция"": ""трубчатый"", ""Монтаж"": ""настенный"", ""Серия"": ""TUBOG"", ""Модель"": ""3057"", ""Тип подключения"": ""боковое подключение"", ""Сторона подключения"": ""универсальная"", ""Схема подключения к системе отопления"": ""подключение B1"", ""Подключение к системе отопления"": ""внутренняя резьба G 3/4\"""", ""Терморегулятор"": ""без термостатического клапана"", ""Крепеж"": ""кронштейны - входят в комплект поставки"", ""Количество труб в одной секции"": ""3"", ""Цвет"": ""Антрацит матовый"", ""Давление рабочее"": ""16 бар"", ""Испытательное давление"": ""24 бар"", ""Межосевое расстояние"": ""500 мм"", ""Высота радиатора"": ""565 мм"", ""Глубина радиатора"": ""107 мм"", ""Вес секции"": ""1.61 кг"", ""Объем воды секции"": ""0.82 л"", ""Масса нетто"": ""16.1 кг"", ""Страна происхождения"": ""Россия"", ""Количество секций"": ""10 секций"", ""Артикул"": ""TUB 3057-10-AN""}",,,8,58,1,https://www.santech.ru/catalog/434/1080/i3959/
40327,"Радиатор трубчатый TUBOG 8 секций с боковой подводкой подключение B1 ВР G 3/4"" RAL 9016 (Белый) RIFAR TUB 3052-08",122-0546,"{""Номенклатурный номер"": ""122-0546"", ""Бренд"": ""RIFAR"", ""Инженерная система"": ""Отопление"", ""Материал"": ""сталь"", ""Конструкция"": ""трубчатый"", ""Монтаж"": ""настенный"", ""Серия"": ""TUBOG"", ""Тип подключения"": ""боковое подключение"", ""Сторона подключения"": ""универсальная"", ""Схема подключения к системе отопления"": ""подключение B1"", ""Подключение к системе отопления"": ""внутренняя резьба G 3/4\"""", ""Терморегулятор"": ""без термостатического клапана"", ""Крепеж"": ""кронштейны - входят в комплект поставки"", ""Количество труб в одной секции"": ""3"", ""Цвет"": ""RAL 9016 (Белый)"", ""Давление рабочее"": ""16 бар"", ""Масса нетто"": ""11.76 кг"", ""Страна происхождения"": ""Россия"", ""Количество секций"": ""8 секций"", ""Артикул"": ""TUB 3052-08""}",,,8,58,1,https://www.santech.ru/catalog/434/1080/i3948/
40346,"Радиатор трубчатый TUBOG 22 секции с боковой подводкой подключение B1 ВР G 3/4"" Антрацит матовый RIFAR TUB 2057-22-AN",122-0486,"{""Номенклатурный номер"": ""122-0486"", ""Бренд"": ""RIFAR"", ""Инженерная система"": ""Отопление"", ""Материал"": ""сталь"", ""Конструкция"": ""трубчатый"", ""Монтаж"": ""настенный"", ""Серия"": ""TUBOG"", ""Тип подключения"": ""боковое подключение"", ""Сторона подключения"": ""универсальная"", ""Схема подключения к системе отопления"": ""подключение B1"", ""Подключение к системе отопления"": ""внутренняя резьба G 3/4\"""", ""Терморегулятор"": ""без термостатического клапана"", ""Крепеж"": ""кронштейны - входят в комплект поставки"", ""Количество труб в одной секции"": ""2"", ""Цвет"": ""Антрацит матовый"", ""Масса нетто"": ""23.54 кг"", ""Страна происхождения"": ""Россия"", ""Количество секций"": ""22 секции"", ""Артикул"": ""TUB 2057-22-AN""}",,,8,58,1,https://www.santech.ru/catalog/434/1080/i3949/
40483,"Радиатор трубчатый TUBOG VENTIL 10 секций с т/клапаном с нижней подводкой подключение DV1 НР G 3/4"" ЕК Антрацит матовый RIFAR TUB 3057-10-DV1-AN",122-0679,"{""Номенклатурный номер"": ""122-0679"", ""Бренд"": ""RIFAR"", ""Инженерная система"": ""Отопление"", ""Материал"": ""сталь"", ""Конструкция"": ""трубчатый"", ""Монтаж"": ""настенный"", ""Серия"": ""TUBOG VENTIL"", ""Тип подключения"": ""нижнее подключение"", ""Сторона подключения"": ""универсальная"", ""Схема подключения к системе отопления"": ""подключение DV1"", ""Подключение к системе отопления"": ""наружная резьба G 3/4\"" под евроконус"", ""Терморегулятор"": ""с термостатическим клапаном"", ""Присоединение термостатического элемента"": ""гайка М30х1,5"", ""Элемент термостатический"": ""заказывается отдельно"", ""Крепеж"": ""кронштейны - входят в комплект поставки"", ""Количество труб в одной секции"": ""3"", ""Цвет"": ""Антрацит матовый"", ""Давление рабочее"": ""16 бар"", ""Испытательное давление"": ""24 бар"", ""Масса нетто"": ""16.1 кг"", ""Страна происхождения"": ""Россия"", ""Количество секций"": ""10 секций"", ""Артикул"": ""TUB 3057-10-DV1-AN""}",,,8,58,1,https://www.santech.ru/catalog/434/1080/i3967/
40490,"Радиатор трубчатый TUBOG VENTIL 24 секции с т/клапаном с нижней подводкой подключение DV1 НР G 3/4"" ЕК Антрацит матовый RIFAR TUB 3057-24-DV1-AN",122-0698,"{""Номенклатурный номер"": ""122-0698"", ""Бренд"": ""RIFAR"", ""Инженерная система"": ""Отопление"", ""Материал"": ""сталь"", ""Конструкция"": ""трубчатый"", ""Монтаж"": ""настенный"", ""Серия"": ""TUBOG VENTIL"", ""Тип подключения"": ""нижнее подключение"", ""Сторона подключения"": ""универсальная"", ""Схема подключения к системе отопления"": ""подключение DV1"", ""Подключение к системе отопления"": ""наружная резьба G 3/4\"" под евроконус"", ""Терморегулятор"": ""с термостатическим клапаном"", ""Присоединение термостатического элемента"": ""гайка М30х1,5"", ""Элемент термостатический"": ""заказывается отдельно"", ""Крепеж"": ""кронштейны - входят в комплект поставки"", ""Количество труб в одной секции"": ""3"", ""Цвет"": ""Антрацит матовый"", ""Давление рабочее"": ""16 бар"", ""Испытательное давление"": ""24 бар"", ""Масса нетто"": ""38.64 кг"", ""Страна происхождения"": ""Россия"", ""Количество секций"": ""24 секции"", ""Артикул"": ""TUB 3057-24-DV1-AN""}",,,8,58,1,https://www.santech.ru/catalog/434/1080/i3967/
