DuckDuckGo MCP Server initialized:
  SafeSearch: MODERATE (kp=-1)
  Default Region: wt-wt
  Search backend: auto
  Rate limit: strategy=sliding search=30/min fetch=20/min host=0/min
  Content cache: ttl=300s max_entries=64
  Parse mode: text
  Long URL shortening: >120 chars -> ref:// tokens
  Fetch backend: auto
  Allow private URLs: False
  Rate limit: strategy=sliding search=30/min fetch=20/min host=0/min
  Content cache: ttl=300s max_entries=64
  Parse mode: text
/home/thesonikpk/.cache/uv/archive-v0/v2Cfq71VHMojKVxt/lib/python3.12/site-packages/duckduckgo_mcp_server/server.py:483: MCPDeprecationWarning: The logging capability is deprecated as of 2026-07-28 (SEP-2577).
  await ctx.info(f"Searching DuckDuckGo for: {query} (SafeSearch: {self.safe_search.name}, Region: {effective_region or 'default'}, backend={self.backend})")
/home/thesonikpk/.cache/uv/archive-v0/v2Cfq71VHMojKVxt/lib/python3.12/site-packages/mcp/server/mcpserver/context.py:374: MCPDeprecationWarning: The logging capability is deprecated as of 2026-07-28 (SEP-2577).
  await self.log("info", data, logger_name=logger_name)  # pyright: ignore[reportDeprecated]
/home/thesonikpk/.cache/uv/archive-v0/v2Cfq71VHMojKVxt/lib/python3.12/site-packages/mcp/server/mcpserver/context.py:274: MCPDeprecationWarning: The logging capability is deprecated as of 2026-07-28 (SEP-2577).
  await self.request_context.session.send_log_message(  # pyright: ignore[reportDeprecated]
[09/17/26 09:31:00] INFO     HTTP Request: POST                  _client.py:1740
                             https://html.duckduckgo.com/html                   
                             "HTTP/1.1 200 OK"                                  
/home/thesonikpk/.cache/uv/archive-v0/v2Cfq71VHMojKVxt/lib/python3.12/site-packages/duckduckgo_mcp_server/server.py:534: MCPDeprecationWarning: The logging capability is deprecated as of 2026-07-28 (SEP-2577).
  await ctx.info(f"Successfully found {len(results)} results")
/home/thesonikpk/.cache/uv/archive-v0/v2Cfq71VHMojKVxt/lib/python3.12/site-packages/duckduckgo_mcp_server/server.py:1093: MCPDeprecationWarning: The logging capability is deprecated as of 2026-07-28 (SEP-2577).
  await ctx.info(
[09/17/26 09:31:01] INFO     HTTP Request: GET                   _client.py:1740
                             https://www.zkabel.ru/catalog/korob                
                             ki-klemmnye/klemmnye/korobki-soedin                
                             itelnye-ks/korobka-soedinitelnaya-k                
                             s-30-ukhl1-5-ip65-latunnyy-vvod-zet                
                             a/ "HTTP/1.1 200 OK"                               
/home/thesonikpk/.cache/uv/archive-v0/v2Cfq71VHMojKVxt/lib/python3.12/site-packages/duckduckgo_mcp_server/server.py:1136: MCPDeprecationWarning: The logging capability is deprecated as of 2026-07-28 (SEP-2577).
  await ctx.info(
[09/17/26 09:31:02] INFO     HTTP Request: GET                   _client.py:1740
                             https://nzeta.ru/catalog/korobki-kl                
                             emmnye/klemmnye/korobki-soediniteln                
                             ye-ks/korobka-soedinitelnaya-ks-30-                
                             ukhl1-5-ip43-metallicheskie-zaglush                
                             ki-zeta/ "HTTP/1.1 200 OK"                         
[09/17/26 09:31:03] INFO     HTTP Request: GET                   _client.py:1740
                             https://remitek.ru/goods_korobka-so                
                             edinitelnaya-ks-30-uhl1-5-ip65-latu                
                             nnyiy-vvod-231254.htm "HTTP/1.1 200                
                             OK"                                                
[09/17/26 09:31:06] INFO     HTTP Request: POST                  _client.py:1740
                             https://html.duckduckgo.com/html                   
                             "HTTP/1.1 200 OK"                                  
[09/17/26 09:31:07] INFO     HTTP Request: GET                   _client.py:1740
                             https://nzeta.ru/catalog/korobki-kl                
                             emmnye/klemmnye/korobki-soediniteln                
                             ye-ks/korobka-soedinitelnaya-ks-40-                
                             ukhl1-5-ip65-latunnyy-vvod-zeta/                   
                             "HTTP/1.1 200 OK"                                  
                    INFO     HTTP Request: GET                   _client.py:1740
                             https://www.etm.ru/cat/nn/3596913                  
                             "HTTP/1.1 444 "                                    
/home/thesonikpk/.cache/uv/archive-v0/v2Cfq71VHMojKVxt/lib/python3.12/site-packages/duckduckgo_mcp_server/server.py:1152: MCPDeprecationWarning: The logging capability is deprecated as of 2026-07-28 (SEP-2577).
  await ctx.error(f"HTTP error occurred while fetching {url}: {str(e)}")
/home/thesonikpk/.cache/uv/archive-v0/v2Cfq71VHMojKVxt/lib/python3.12/site-packages/mcp/server/mcpserver/context.py:384: MCPDeprecationWarning: The logging capability is deprecated as of 2026-07-28 (SEP-2577).
  await self.log("error", data, logger_name=logger_name)  # pyright: ignore[reportDeprecated]
[09/17/26 09:31:09] INFO     HTTP Request: GET                   _client.py:1740
                             https://www.zkabel.ru/catalog/korob                
                             ki-klemmnye/klemmnye/korobki-soedin                
                             itelnye-ks/korobka-soedinitelnaya-k                
                             s-40-ukhl1-5-ip65-latunnyy-vvod-zet                
                             a/ "HTTP/1.1 200 OK"                               
[09/17/26 09:31:12] INFO     HTTP Request: POST                  _client.py:1740
                             https://html.duckduckgo.com/html                   
                             "HTTP/1.1 200 OK"                                  
                    INFO     HTTP Request: GET                   _client.py:1740
                             https://nzeta.ru/catalog/korobki-kl                
                             emmnye/klemmnye/korobki-klemmnye-u6                
                             14-i-u615/korobka-klemmnaya-u614a-u                
                             khl1-5-ip65-latunnyy-vvod-zeta/                    
                             "HTTP/1.1 200 OK"                                  
[09/17/26 09:31:14] INFO     HTTP Request: GET                   _client.py:1740
                             https://www.zkabel.ru/catalog/korob                
                             ki-klemmnye/klemmnye/korobki-klemmn                
                             ye-u614-u615/korobka-klemmnaya-u614                
                             a-ukhl1-5-ip65-latunnyy-vvod-zeta/                 
                             "HTTP/1.1 200 OK"                                  
                    INFO     HTTP Request: GET                   _client.py:1740
                             https://www.etm.ru/cat/nn/7004710                  
                             "HTTP/1.1 444 "                                    
[09/17/26 09:31:17] INFO     HTTP Request: POST                  _client.py:1740
                             https://html.duckduckgo.com/html                   
                             "HTTP/1.1 200 OK"                                  
[09/17/26 09:31:18] INFO     HTTP Request: GET                   _client.py:1740
                             https://www.texenergo.ru/catalog/it                
                             em.html/te00424534 "HTTP/1.1 200                   
                             OK"                                                
                    INFO     HTTP Request: GET                   _client.py:1740
                             https://e-kc.ru/cena/gajka-latunnay                
                             a-g32l-g-14-zeta33374-zetarus-zavod                
                             -elektrotekhnicheskoj-armatury-zeta                
                              "HTTP/1.1 200 OK"                                 
[09/17/26 09:31:19] INFO     HTTP Request: GET                   _client.py:1740
                             https://remitek.ru/goods_gayka-latu                
                             nnaya-g32l-g-1-4-zazemlyayuschaya-u                
                             stanovochnaya-231809.htm "HTTP/1.1                 
                             200 OK"                                            
[09/17/26 09:31:22] INFO     HTTP Request: POST                  _client.py:1740
                             https://html.duckduckgo.com/html                   
                             "HTTP/1.1 200 OK"                                  
[09/17/26 09:31:23] INFO     HTTP Request: GET                   _client.py:1740
                             https://www.zkabel.ru/catalog/korob                
                             ki-klemmnye/klemmnye/korobki-klemmn                
                             ye-u614-u615/korobka-klemmnaya-u615                
                             a-ukhl1-5-ip65-latunnyy-vvod-zeta/                 
                             "HTTP/1.1 200 OK"                                  
[09/17/26 09:31:24] INFO     HTTP Request: GET                   _client.py:1740
                             https://nzeta.ru/catalog/korobki-kl                
                             emmnye/klemmnye/korobki-klemmnye-u6                
                             14-i-u615/korobka-klemmnaya-u615a-u                
                             khl1-5-ip65-latunnyy-vvod-zeta/                    
                             "HTTP/1.1 200 OK"                                  
                    INFO     HTTP Request: GET                   _client.py:1740
                             https://nzeta.ru/catalog/korobki-kl                
                             emmnye/korobki-klemmnye-u614-i-u615                
                             /korobka-klemmnaya-u615a-ukhl1-5-ip                
                             65-latunnyy-vvod-zeta/ "HTTP/1.1                   
                             404 Not Found"                                     
[09/17/26 09:31:27] INFO     HTTP Request: POST                  _client.py:1740
                             https://html.duckduckgo.com/html                   
                             "HTTP/1.1 200 OK"                                  
                    INFO     HTTP Request: GET                   _client.py:1740
                             https://www.texenergo.ru/catalog/it                
                             em.html/te00441258 "HTTP/1.1 200                   
                             OK"                                                
[09/17/26 09:31:29] INFO     HTTP Request: GET                   _client.py:1740
                             https://remitek.ru/dir_ksovint.htm                 
                             "HTTP/1.1 200 OK"                                  
[09/17/26 09:31:30] INFO     HTTP Request: GET                   _client.py:1740
                             https://remitek.ru/goods_styazhki-n                
                             eylonovyie-kso-5220-220522.htm                     
                             "HTTP/1.1 200 OK"                                  
[09/17/26 09:31:33] INFO     HTTP Request: POST                  _client.py:1740
                             https://html.duckduckgo.com/html                   
                             "HTTP/1.1 200 OK"                                  
[09/17/26 09:31:34] INFO     HTTP Request: GET                   _client.py:1740
                             https://www.texenergo.ru/catalog/it                
                             em.html/te00418512 "HTTP/1.1 200                   
                             OK"                                                
[09/17/26 09:31:35] INFO     HTTP Request: GET                   _client.py:1740
                             https://mosopttorg.com/styazhki-ney                
                             lonovye-kso-7.6h380-b-100sht.-forti                
                             sflex/ "HTTP/1.1 200 OK"                           
[09/17/26 09:32:01] INFO     HTTP Request: GET                   _client.py:1740
                             https://www.vseinstrumenti.ru/produ                
                             ct/nejlonovye-styazhki-s-otverstiem                
                             -pod-vint-fortisflex-kso-7-6h380-be                
                             lyj-100-shtuk-61329-912535/                        
                             "HTTP/1.1 403 Forbidden"                           
/home/thesonikpk/.cache/uv/archive-v0/v2Cfq71VHMojKVxt/lib/python3.12/site-packages/duckduckgo_mcp_server/server.py:1024: MCPDeprecationWarning: The logging capability is deprecated as of 2026-07-28 (SEP-2577).
  await ctx.info(f"httpx got 403 for {url}; retrying with curl backend")
/home/thesonikpk/.cache/uv/archive-v0/v2Cfq71VHMojKVxt/lib/python3.12/site-packages/duckduckgo_mcp_server/server.py:1164: MCPDeprecationWarning: The logging capability is deprecated as of 2026-07-28 (SEP-2577).
  await ctx.error(f"curl fetch error for {url}: {err_type}: {str(e)}")
/home/thesonikpk/.cache/uv/archive-v0/v2Cfq71VHMojKVxt/lib/python3.12/site-packages/mcp/server/mcpserver/context.py:384: MCPDeprecationWarning: The logging capability is deprecated as of 2026-07-28 (SEP-2577).
  await self.log("error", data, logger_name=logger_name)  # pyright: ignore[reportDeprecated]
/home/thesonikpk/.cache/uv/archive-v0/v2Cfq71VHMojKVxt/lib/python3.12/site-packages/mcp/server/mcpserver/context.py:274: MCPDeprecationWarning: The logging capability is deprecated as of 2026-07-28 (SEP-2577).
  await self.request_context.session.send_log_message(  # pyright: ignore[reportDeprecated]
/home/thesonikpk/.cache/uv/archive-v0/v2Cfq71VHMojKVxt/lib/python3.12/site-packages/duckduckgo_mcp_server/server.py:483: MCPDeprecationWarning: The logging capability is deprecated as of 2026-07-28 (SEP-2577).
  await ctx.info(f"Searching DuckDuckGo for: {query} (SafeSearch: {self.safe_search.name}, Region: {effective_region or 'default'}, backend={self.backend})")
/home/thesonikpk/.cache/uv/archive-v0/v2Cfq71VHMojKVxt/lib/python3.12/site-packages/mcp/server/mcpserver/context.py:374: MCPDeprecationWarning: The logging capability is deprecated as of 2026-07-28 (SEP-2577).
  await self.log("info", data, logger_name=logger_name)  # pyright: ignore[reportDeprecated]
[09/17/26 09:32:04] INFO     HTTP Request: POST                  _client.py:1740
                             https://html.duckduckgo.com/html                   
                             "HTTP/1.1 200 OK"                                  
/home/thesonikpk/.cache/uv/archive-v0/v2Cfq71VHMojKVxt/lib/python3.12/site-packages/duckduckgo_mcp_server/server.py:534: MCPDeprecationWarning: The logging capability is deprecated as of 2026-07-28 (SEP-2577).
  await ctx.info(f"Successfully found {len(results)} results")
/home/thesonikpk/.cache/uv/archive-v0/v2Cfq71VHMojKVxt/lib/python3.12/site-packages/duckduckgo_mcp_server/server.py:1093: MCPDeprecationWarning: The logging capability is deprecated as of 2026-07-28 (SEP-2577).
  await ctx.info(
                    INFO     HTTP Request: GET                   _client.py:1740
                             https://www.elec.ru/market/stjazhki                
                             -krepezhnye-s-otverstiem-pod-vint-k                
                             so-5-22-14968865550.html "HTTP/1.1                 
                             403 Forbidden"                                     
/home/thesonikpk/.cache/uv/archive-v0/v2Cfq71VHMojKVxt/lib/python3.12/site-packages/duckduckgo_mcp_server/server.py:1024: MCPDeprecationWarning: The logging capability is deprecated as of 2026-07-28 (SEP-2577).
  await ctx.info(f"httpx got 403 for {url}; retrying with curl backend")
[09/17/26 09:32:05] INFO     HTTP Request: GET                   _client.py:1740
                             https://www.texenergo.ru/catalog/it                
                             em.html/te00441262 "HTTP/1.1 200                   
                             OK"                                                
/home/thesonikpk/.cache/uv/archive-v0/v2Cfq71VHMojKVxt/lib/python3.12/site-packages/duckduckgo_mcp_server/server.py:1136: MCPDeprecationWarning: The logging capability is deprecated as of 2026-07-28 (SEP-2577).
  await ctx.info(
[09/17/26 09:32:07] INFO     HTTP Request: GET                   _client.py:1740
                             https://fortisflex.ru/production/ny                
                             lon-ties/kso/kso5-220white/                        
                             "HTTP/1.1 200 Ok"                                  
[09/17/26 09:32:10] INFO     HTTP Request: POST                  _client.py:1740
                             https://html.duckduckgo.com/html                   
                             "HTTP/1.1 200 OK"                                  
[09/17/26 09:32:11] INFO     HTTP Request: GET                   _client.py:1740
                             https://www.texenergo.ru/catalog/li                
                             st.html/307772 "HTTP/1.1 200 OK"                   
[09/17/26 09:32:13] INFO     HTTP Request: GET                   _client.py:1740
                             https://www.texenergo.ru/catalog/it                
                             em.html/te00006022 "HTTP/1.1 200                   
                             OK"                                                
[09/17/26 09:32:15] INFO     HTTP Request: GET                   _client.py:1740
                             https://electronova.kz/g9664347-sal                
                             niki-serii-200 "HTTP/1.1 200 OK"                   
[09/17/26 09:32:18] INFO     HTTP Request: POST                  _client.py:1740
                             https://html.duckduckgo.com/html                   
                             "HTTP/1.1 200 OK"                                  
/home/thesonikpk/.cache/uv/archive-v0/v2Cfq71VHMojKVxt/lib/python3.12/site-packages/duckduckgo_mcp_server/server.py:1109: MCPDeprecationWarning: The logging capability is deprecated as of 2026-07-28 (SEP-2577).
  await ctx.info(
                    INFO     HTTP Request: GET                   _client.py:1740
                             https://www.texenergo-shop.ru/produ                
                             ct/texenergo-u261-12-65/73771                      
                             "HTTP/1.1 200 OK"                                  
[09/17/26 09:32:20] INFO     HTTP Request: GET                   _client.py:1740
                             https://piir.ru/product/salnik-u261                
                             -uhl-3-ip68-salnik-m-19-latun/                     
                             "HTTP/1.1 200 OK"                                  
[09/17/26 09:32:23] INFO     HTTP Request: POST                  _client.py:1740
                             https://html.duckduckgo.com/html                   
                             "HTTP/1.1 200 OK"                                  
[09/17/26 09:32:26] INFO     HTTP Request: GET                   _client.py:1740
                             https://www.texenergo.by/catalog/sa                
                             lniki-kabelnye/5560-salnik-u-262-uh                
                             l-3-ip68-salnik-m-22-latun-8-15mm                  
                             "HTTP/1.1 200 OK"                                  
                    INFO     HTTP Request: GET                   _client.py:1740
                             https://www.texenergo.ru/catalog/it                
                             em.html/te00310109 "HTTP/1.1 200                   
                             OK"                                                
[09/17/26 09:32:27] INFO     HTTP Request: GET                   _client.py:1740
                             https://profsector.com/component/27                
                             7661/salnik-u-262-uhl-3-ip68-salnik                
                             -m-22-latun "HTTP/1.1 200 OK"                      
[09/17/26 09:32:30] INFO     HTTP Request: POST                  _client.py:1740
                             https://html.duckduckgo.com/html                   
                             "HTTP/1.1 200 OK"                                  
                    INFO     HTTP Request: GET                   _client.py:1740
                             https://www.texenergo.ru/catalog/it                
                             em.html/te00310112 "HTTP/1.1 200                   
                             OK"                                                
[09/17/26 09:32:31] INFO     HTTP Request: GET                   _client.py:1740
                             https://www.elec.ru/market/salnik-u                
                             -263-ukhl-3-ip68-salnik-m-30-latun-                
                             14945501218.html "HTTP/1.1 403                     
                             Forbidden"                                         
[09/17/26 09:32:33] INFO     HTTP Request: GET                   _client.py:1740
                             https://www.texenergo.by/catalog/sa                
                             lniki-kabelnye/5561-salnik-u-263-uh                
                             l-3-ip68-salnik-m-30-latun-13-17mm                 
                             "HTTP/1.1 200 OK"                                  
[09/17/26 09:32:35] INFO     HTTP Request: POST                  _client.py:1740
                             https://html.duckduckgo.com/html                   
                             "HTTP/1.1 200 OK"                                  
[09/17/26 09:32:36] INFO     HTTP Request: GET                   _client.py:1740
                             https://www.texenergo.ru/catalog/it                
                             em.html/te00308440 "HTTP/1.1 200                   
                             OK"                                                
[09/17/26 09:32:39] INFO     HTTP Request: GET                   _client.py:1740
                             https://www.texenergo.by/catalog/sa                
                             lniki-kabelnye/5562-salnik-u-667-uh                
                             l3-ip68-salnik-m-42-latun-22-29mm                  
                             "HTTP/1.1 200 OK"                                  
[09/17/26 09:32:40] INFO     HTTP Request: GET                   _client.py:1740
                             https://www.elektro.ru/product/saln                
                             ik_u_667_ukhl3_ip68_salnik_m_42_lat                
                             un_22-29mm_u667-34-65_te00308440/                  
                             "HTTP/1.1 200 OK"                                  
[09/17/26 09:32:43] INFO     HTTP Request: POST                  _client.py:1740
                             https://html.duckduckgo.com/html                   
                             "HTTP/1.1 200 OK"                                  
[09/17/26 09:32:44] INFO     HTTP Request: GET                   _client.py:1740
                             https://www.texenergo.ru/catalog/it                
                             em.html/te00308441 "HTTP/1.1 200                   
                             OK"                                                
                    INFO     HTTP Request: GET                   _client.py:1740
                             https://www.elektro.ru/product/saln                
                             ik_u_668_ukhl_3_ip68_salnik_m_48_la                
                             tun_25-32mm_u668-39-65_te00308441/                 
                             "HTTP/1.1 200 OK"                                  
[09/17/26 09:33:04] INFO     HTTP Request: GET                   _client.py:1740
                             https://www.texenergo.by/catalog/sa                
                             lniki-kabelnye/5563-salnik-u-668-uh                
                             l-3-ip68-salnik-m-48-latun-25-32mm                 
                             "HTTP/1.1 200 OK"                                  
[09/17/26 09:33:07] INFO     HTTP Request: POST                  _client.py:1740
                             https://html.duckduckgo.com/html                   
                             "HTTP/1.1 200 OK"                                  
                    INFO     HTTP Request: GET                   _client.py:1740
                             https://www.vseinstrumenti.ru/produ                
                             ct/kabelnyj-vvod-zetarus-pg7-latunn                
                             yj-ut1-5-ip68-diametr-kabelya-3-6-5                
                             mm-zeta30140-1385475/ "HTTP/1.1 403                
                             Forbidden"                                         
                    INFO     HTTP Request: GET                   _client.py:1740
                             https://nzeta.ru/catalog/kabelnye-v                
                             vody-salniki-metallicheskie/kabelny                
                             e-vvody-metallicheskie/kabelnyy-vvo                
                             d-rezba-pg/kabelnyy-vvod-pg-7-latun                
                             -ut1-5-ip68-d-kabelya-3-6-5-mm-zeta                
                             / "HTTP/1.1 200 OK"                                
[09/17/26 09:33:08] INFO     HTTP Request: GET                   _client.py:1740
                             https://www.elektro.ru/product/kabe                
                             lnyy_vvod_pg_7_latun_ut1_5_ip68_d_k                
                             abelya_3-6_5_mm_zeta/ "HTTP/1.1 200                
                             OK"                                                
[09/17/26 09:33:11] INFO     HTTP Request: POST                  _client.py:1740
                             https://html.duckduckgo.com/html                   
                             "HTTP/1.1 200 OK"                                  
[09/17/26 09:33:12] INFO     HTTP Request: GET                   _client.py:1740
                             https://nzeta.ru/catalog/kabelnye-v                
                             vody-salniki-metallicheskie/kabelny                
                             e-vvody-metallicheskie/kabelnyy-vvo                
                             d-rezba-pg/kabelnyy-vvod-pg-9-latun                
                             -ut1-5-ip68-d-kabelya-4-8-mm-zeta/                 
                             "HTTP/1.1 200 OK"                                  
[09/17/26 09:33:13] INFO     HTTP Request: GET                   _client.py:1740
                             https://www.zkabel.ru/catalog/kabel                
                             nye-vvody-i-komplektujushhie/kabeln                
                             ye-vvody/s-rezboy-pg/kabelnyy-vvod-                
                             pg9-latun-ut1-5-ip68-d-kabelya-4-8-                
                             mm-zeta/ "HTTP/1.1 200 OK"                         
[09/17/26 09:33:14] INFO     HTTP Request: GET                   _client.py:1740
                             https://remitek.ru/goods_kabelnyiy-                
                             vvod-pg--9-latunnyiy-ut1-5-ip68--d-                
                             kabelya-4-8-mm--230149.htm                         
                             "HTTP/1.1 200 OK"                                  
[09/17/26 09:33:17] INFO     HTTP Request: POST                  _client.py:1740
                             https://html.duckduckgo.com/html                   
                             "HTTP/1.1 200 OK"                                  
[09/17/26 09:33:18] INFO     HTTP Request: GET                   _client.py:1740
                             https://www.chipdip.ru/product/kabe                
                             lnyy-vvod-pg-11-latunnyy-ut1-5-ip68                
                             -d-gofromatik-8021347279 "HTTP/1.1                 
                             403 Forbidden"                                     
[09/17/26 09:33:19] INFO     HTTP Request: GET                   _client.py:1740
                             https://nzeta.ru/catalog/kabelnye-v                
                             vody-salniki-metallicheskie/kabelny                
                             e-vvody-metallicheskie/kabelnyy-vvo                
                             d-rezba-pg/kabelnyy-vvod-pg11-latun                
                             -ut1-5-ip68-d-kabelya-5-10-mm-zeta/                
                              "HTTP/1.1 200 OK"                                 
[09/17/26 09:33:23] INFO     HTTP Request: GET                   _client.py:1740
                             https://www.texenergo.ru/catalog/it                
                             em.html/te00424303 "HTTP/1.1 200                   
                             OK"                                                
[09/17/26 09:33:27] INFO     HTTP Request: POST                  _client.py:1740
                             https://html.duckduckgo.com/html                   
                             "HTTP/1.1 200 OK"                                  
                    INFO     HTTP Request: GET                   _client.py:1740
                             https://nzeta.ru/catalog/kabelnye-v                
                             vody-salniki-metallicheskie/kabelny                
                             e-vvody-metallicheskie/kabelnyy-vvo                
                             d-rezba-pg/kabelnyy-vvod-pg13-5-lat                
                             un-ut1-5-ip68-d-kabelya-6-12-mm-zet                
                             a/ "HTTP/1.1 200 OK"                               
[09/17/26 09:33:28] INFO     HTTP Request: GET                   _client.py:1740
                             https://www.zkabel.ru/catalog/kabel                
                             nye-vvody-i-komplektujushhie/kabeln                
                             ye-vvody/s-rezboy-pg/kabelnyy-vvod-                
                             pg13-5-latun-ut1-5-ip68-d-kabelya-6                
                             -12-mm-zeta/ "HTTP/1.1 200 OK"                     
[09/17/26 09:33:30] INFO     HTTP Request: GET                   _client.py:1740
                             https://www.chipdip.ru/product/kabe                
                             lnyy-vvod-pg-13.5-latunnyy-ut1-5-ip                
                             68-d-gofromatik-8012207133                         
                             "HTTP/1.1 403 Forbidden"                           
[09/17/26 09:33:33] INFO     HTTP Request: POST                  _client.py:1740
                             https://html.duckduckgo.com/html                   
                             "HTTP/1.1 200 OK"                                  
                    INFO     HTTP Request: GET                   _client.py:1740
                             https://www.chipdip.ru/product/gofr                
                             omatik-kabelnyy-vvod-pg16-latun-ut1                
                             -5-ip68-d-8060602150 "HTTP/1.1 403                 
                             Forbidden"                                         
                    INFO     HTTP Request: GET                   _client.py:1740
                             https://nzeta.ru/catalog/kabelnye-v                
                             vody-salniki-metallicheskie/kabelny                
                             e-vvody-metallicheskie/kabelnyy-vvo                
                             d-rezba-pg/kabelnyy-vvod-pg16-latun                
                             -ut1-5-ip68-d-kabelya-10-14-mm-zeta                
                             / "HTTP/1.1 200 OK"                                
[09/17/26 09:33:37] INFO     HTTP Request: GET                   _client.py:1740
                             https://e-kc.ru/cena/zeta-kabelnyj-                
                             vvod-pg16-latun-ut15-ip68-d-kabelya                
                             -10-14-mm-zeta30148-zavod-elektrote                
                             hnicheskoj-armatury "HTTP/1.1 200                  
                             OK"                                                
[09/17/26 09:33:40] INFO     HTTP Request: POST                  _client.py:1740
                             https://html.duckduckgo.com/html                   
                             "HTTP/1.1 200 OK"                                  
                    INFO     HTTP Request: GET                   _client.py:1740
                             https://www.zkabel.ru/catalog/kabel                
                             nye-vvody-i-komplektujushhie/kabeln                
                             ye-vvody/s-rezboy-pg/kabelnyy-vvod-                
                             pg19-latun-ut1-5-ip68-d-kabelya-10-                
                             14-mm-zeta/ "HTTP/1.1 200 OK"                      
[09/17/26 09:33:41] INFO     HTTP Request: GET                   _client.py:1740
                             https://www.texenergo.ru/catalog/it                
                             em.html/te00424306 "HTTP/1.1 200                   
                             OK"                                                
[09/17/26 09:33:44] INFO     HTTP Request: GET                   _client.py:1740
                             https://remitek.ru/goods_kabelnyiy-                
                             vvod-pg-19-latunnyiy-ut1-5-ip68--d-                
                             kabelya-10-14-mm--230153.htm                       
                             "HTTP/1.1 200 OK"                                  
[09/17/26 09:33:47] INFO     HTTP Request: POST                  _client.py:1740
                             https://html.duckduckgo.com/html                   
                             "HTTP/1.1 200 OK"                                  
                    INFO     HTTP Request: GET                   _client.py:1740
                             https://nzeta.ru/catalog/kabelnye-v                
                             vody-salniki-metallicheskie/kabelny                
                             e-vvody-metallicheskie/kabelnyy-vvo                
                             d-rezba-pg/kabelnyy-vvod-pg21-latun                
                             -ut1-5-ip68-d-kabelya-13-18-mm-zeta                
                             / "HTTP/1.1 200 OK"                                
[09/17/26 09:34:01] INFO     HTTP Request: GET                   _client.py:1740
                             https://remitek.ru/goods_kabelnyiy-                
                             vvod-pg-21-latunnyiy-ut1-5-ip68--d-                
                             kabelya-13-18-mm--230154.htm                       
                             "HTTP/1.1 200 OK"                                  
[09/17/26 09:34:07] INFO     HTTP Request: GET                   _client.py:1740
                             https://www.vseinstrumenti.ru/produ                
                             ct/kabelnyj-vvod-zetarus-pg21-latun                
                             nyj-ut1-5-ip68-diametr-kabelya-13-1                
                             8mm-zeta30152-1385444/ "HTTP/1.1                   
                             403 Forbidden"                                     
[09/17/26 09:34:10] INFO     HTTP Request: POST                  _client.py:1740
                             https://html.duckduckgo.com/html                   
                             "HTTP/1.1 200 OK"                                  
                    INFO     HTTP Request: GET                   _client.py:1740
                             https://www.chipdip.ru/product/kabe                
                             lnyy-vvod-pg-25-latunnyy-ut1-5-ip68                
                             -d-gofromatik-8021373094 "HTTP/1.1                 
                             403 Forbidden"                                     
                    INFO     HTTP Request: GET                   _client.py:1740
                             https://nzeta.ru/catalog/kabelnye-v                
                             vody-salniki-metallicheskie/kabelny                
                             e-vvody-metallicheskie/kabelnyy-vvo                
                             d-rezba-pg/kabelnyy-vvod-pg25-latun                
                             -ut1-5-ip68-d-kabelya-15-22-mm-zeta                
                             / "HTTP/1.1 200 OK"                                
[09/17/26 09:34:12] INFO     HTTP Request: GET                   _client.py:1740
                             https://www.texenergo.ru/catalog/it                
                             em.html/te00424308 "HTTP/1.1 200                   
                             OK"                                                
[09/17/26 09:34:15] INFO     HTTP Request: POST                  _client.py:1740
                             https://html.duckduckgo.com/html                   
                             "HTTP/1.1 200 OK"                                  
                    INFO     HTTP Request: GET                   _client.py:1740
                             https://nzeta.ru/catalog/kabelnye-v                
                             vody-salniki-metallicheskie/kabelny                
                             e-vvody-metallicheskie/kabelnyy-vvo                
                             d-rezba-pg/kabelnyy-vvod-pg29-latun                
                             -ut1-5-ip68-d-kabelya-18-25-mm-zeta                
                             / "HTTP/1.1 200 OK"                                
[09/17/26 09:34:16] INFO     HTTP Request: GET                   _client.py:1740
                             https://www.zkabel.ru/catalog/kabel                
                             nye-vvody-i-komplektujushhie/kabeln                
                             ye-vvody/s-rezboy-pg/kabelnyy-vvod-                
                             pg29-latun-ut1-5-ip68-d-kabelya-18-                
                             25-mm-zeta/ "HTTP/1.1 200 OK"                      
[09/17/26 09:34:27] INFO     HTTP Request: GET                   _client.py:1740
                             https://www.attrade.by/catalog/saln                
                             iki-kabelnye/179322-kabelniy-vvod-p                
                             g-29-latunniy-ut1-5-ip68-d-kabelya-                
                             18-25-mm-gofromatik "HTTP/1.1 200                  
                             OK"                                                
[09/17/26 09:34:30] INFO     HTTP Request: POST                  _client.py:1740
                             https://html.duckduckgo.com/html                   
                             "HTTP/1.1 200 OK"                                  
                    INFO     HTTP Request: GET                   _client.py:1740
                             https://www.chipdip.ru/product/kabe                
                             lnyy-vvod-pg-36-latunnyy-ut1-5-ip68                
                             -d-gofromatik-8021373093 "HTTP/1.1                 
                             403 Forbidden"                                     
                    INFO     HTTP Request: GET                   _client.py:1740
                             https://www.vseinstrumenti.ru/produ                
                             ct/kabelnyj-vvod-zetarus-pg36-latun                
                             nyj-ut1-5-ip68-diametr-kabelya-25-3                
                             3mm-zeta30158-1385410/ "HTTP/1.1                   
                             403 Forbidden"                                     
[09/17/26 09:34:31] INFO     HTTP Request: GET                   _client.py:1740
                             https://www.texenergo.ru/catalog/it                
                             em.html/te00424310 "HTTP/1.1 200                   
                             OK"                                                
[09/17/26 09:34:34] INFO     HTTP Request: POST                  _client.py:1740
                             https://html.duckduckgo.com/html                   
                             "HTTP/1.1 200 OK"                                  
[09/17/26 09:34:35] INFO     HTTP Request: GET                   _client.py:1740
                             https://nzeta.ru/catalog/kabelnye-v                
                             vody-salniki-metallicheskie/kabelny                
                             e-vvody-metallicheskie/kabelnyy-vvo                
                             d-rezba-pg/kabelnyy-vvod-pg42-latun                
                             -ut1-5-ip68-d-kabelya-32-38-mm-zeta                
                             / "HTTP/1.1 200 OK"                                
                    INFO     HTTP Request: GET                   _client.py:1740
                             https://www.texenergo.ru/catalog/it                
                             em.html/te00424311 "HTTP/1.1 200                   
                             OK"                                                
[09/17/26 09:34:36] INFO     HTTP Request: GET                   _client.py:1740
                             https://www.zkabel.ru/catalog/kabel                
                             nye-vvody-i-komplektujushhie/kabeln                
                             ye-vvody/s-rezboy-pg/kabelnyy-vvod-                
                             pg42-latun-ut1-5-ip68-d-kabelya-32-                
                             38-mm-zeta/ "HTTP/1.1 200 OK"                      
[09/17/26 09:34:39] INFO     HTTP Request: POST                  _client.py:1740
                             https://html.duckduckgo.com/html                   
                             "HTTP/1.1 200 OK"                                  
                    INFO     HTTP Request: GET                   _client.py:1740
                             https://nzeta.ru/catalog/kabelnye-v                
                             vody-salniki-metallicheskie/kabelny                
                             e-vvody-metallicheskie/kabelnyy-vvo                
                             d-rezba-pg/kabelnyy-vvod-pg48-latun                
                             -ut1-5-ip68-d-kabelya-37-44-mm-zeta                
                             / "HTTP/1.1 200 OK"                                
[09/17/26 09:34:40] INFO     HTTP Request: GET                   _client.py:1740
                             https://remitek.ru/goods_kabelnyiy-                
                             vvod-pg-48-latunnyiy-ut1-5-ip68--d-                
                             kabelya-37-44-mm--230159.htm                       
                             "HTTP/1.1 200 OK"                                  
[09/17/26 09:34:42] INFO     HTTP Request: GET                   _client.py:1740
                             https://www.elektro.ru/product/kabe                
                             lnyy_vvod_pg48_latun_ut1_5_ip68_d_k                
                             abelya_37-44_mm_zeta/ "HTTP/1.1 200                
                             OK"                                                
[09/17/26 09:34:45] INFO     HTTP Request: POST                  _client.py:1740
                             https://html.duckduckgo.com/html                   
                             "HTTP/1.1 200 OK"                                  
                    INFO     HTTP Request: GET                   _client.py:1740
                             https://www.texenergo.ru/catalog/it                
                             em.html/te00424313 "HTTP/1.1 200                   
                             OK"                                                
[09/17/26 09:34:46] INFO     HTTP Request: GET                   _client.py:1740
                             https://nzeta.ru/catalog/kabelnye-v                
                             vody-salniki-metallicheskie/kabelny                
                             e-vvody-metallicheskie/kabelnyy-vvo                
                             d-rezba-pg/kabelnyy-vvod-pg63-latun                
                             -ut1-5-ip68-d-kabelya-42-52-mm-zeta                
                             / "HTTP/1.1 200 OK"                                
[09/17/26 09:34:47] INFO     HTTP Request: GET                   _client.py:1740
                             https://www.elektro.ru/product/kabe                
                             lnyy_vvod_pg63_latun_ut1_5_ip68_d_k                
                             abelya_42-52_mm_zeta/ "HTTP/1.1 200                
                             OK"                                                
[09/17/26 09:34:50] INFO     HTTP Request: POST                  _client.py:1740
                             https://html.duckduckgo.com/html                   
                             "HTTP/1.1 200 OK"                                  
[09/17/26 09:35:02] INFO     HTTP Request: GET                   _client.py:1740
                             https://www.zkabel.ru/catalog/kabel                
                             nye-vvody-i-komplektujushhie/kabeln                
                             ye-vvody/s-rezboy-pg/ "HTTP/1.1 200                
                             OK"                                                
[09/17/26 09:35:07] INFO     HTTP Request: GET                   _client.py:1740
                             https://nzeta.ru/catalog/kabelnye-v                
                             vody-salniki-metallicheskie/kabelny                
                             e-vvody-metallicheskie/kabelnyy-vvo                
                             d-metricheskaya-rezba/kabelnyy-vvod                
                             -m-72kh2-latun-ut1-5-ip68-d-kabelya                
                             -42-52-mm-zeta/ "HTTP/1.1 200 OK"                  
[09/17/26 09:35:10] INFO     HTTP Request: GET                   _client.py:1740
                             https://e-kc.ru/cena/zeta-kabelnyj-                
                             vvod-m-72h2-latun-ut15-ip68-d-kabel                
                             ya-42-52-mm-zeta30130-zavod-elektro                
                             tehnicheskoj-armatury "HTTP/1.1 200                
                             OK"                                                
[09/17/26 09:35:13] INFO     HTTP Request: POST                  _client.py:1740
                             https://html.duckduckgo.com/html                   
                             "HTTP/1.1 200 OK"                                  
[09/17/26 09:35:14] INFO     HTTP Request: GET                   _client.py:1740
                             https://nzeta.ru/catalog/kabelnye-v                
                             vody-salniki-metallicheskie/kabelny                
                             e-vvody-metallicheskie/kabelnyy-vvo                
                             d-rezba-pg/ "HTTP/1.1 200 OK"                      
                    INFO     HTTP Request: GET                   _client.py:1740
                             https://www.zkabel.ru/catalog/kabel                
                             nye-vvody-i-komplektujushhie/kabeln                
                             ye-vvody/s-rezboy-m/kabelnyy-vvod-m                
                             -75kh2-latun-ut1-5-ip68-d-kabelya-4                
                             2-52-mm-zeta/ "HTTP/1.1 200 OK"                    
[09/17/26 09:35:18] INFO     HTTP Request: POST                  _client.py:1740
                             https://html.duckduckgo.com/html                   
                             "HTTP/1.1 200 OK"                                  
                    INFO     HTTP Request: GET                   _client.py:1740
                             https://www.zkabel.ru/catalog/kabel                
                             nye-vvody-i-komplektujushhie/kabeln                
                             ye-vvody/s-rezboy-m/kabelnyy-vvod-m                
                             -80kh2-latun-ut1-5-ip68-d-kabelya-5                
                             5-62-mm-zeta/ "HTTP/1.1 200 OK"                    
[09/17/26 09:35:19] INFO     HTTP Request: GET                   _client.py:1740
                             https://nzeta.ru/catalog/kabelnye-v                
                             vody-salniki-metallicheskie/kabelny                
                             e-vvody-metallicheskie/kabelnyy-vvo                
                             d-metricheskaya-rezba/kabelnyy-vvod                
                             -m-80kh2-latunnyy-ut1-5-ip68-d-kabe                
                             lya-55-62-mm-zeta/ "HTTP/1.1 200                   
                             OK"                                                
[09/17/26 09:35:22] INFO     HTTP Request: POST                  _client.py:1740
                             https://html.duckduckgo.com/html                   
                             "HTTP/1.1 200 OK"                                  
                    INFO     HTTP Request: GET                   _client.py:1740
                             https://nzeta.ru/catalog/kabelnye-v                
                             vody-salniki-metallicheskie/kabelny                
                             e-vvody-metallicheskie/kabelnyy-vvo                
                             d-metricheskaya-rezba/kabelnyy-vvod                
                             -m-88kh2-latunnyy-ut1-5-ip68-d-kabe                
                             lya-65-70-mm-zeta/ "HTTP/1.1 200                   
                             OK"                                                
[09/17/26 09:35:25] INFO     HTTP Request: POST                  _client.py:1740
                             https://html.duckduckgo.com/html                   
                             "HTTP/1.1 200 OK"                                  
[09/17/26 09:35:31] INFO     HTTP Request: GET                   _client.py:1740
                             https://www.zkabel.ru/catalog/kabel                
                             nye-vvody-i-komplektujushhie/kabeln                
                             ye-vvody/s-rezboy-m/kabelnyy-vvod-m                
                             100kh2-latun-ut1-5-ip68-d-kabelya-7                
                             8-84-mm-zeta/ "HTTP/1.1 200 OK"                    
                    INFO     HTTP Request: GET                   _client.py:1740
                             https://e-kc.ru/cena/zeta-kabelnyj-                
                             vvod-m100h2-latunnyj-ut15-ip68-d-ka                
                             belya-78-84-mm-zeta30132-zavod-elek                
                             trotehnicheskoj-armatury "HTTP/1.1                 
                             200 OK"                                            
[09/17/26 09:35:34] INFO     HTTP Request: POST                  _client.py:1740
                             https://html.duckduckgo.com/html                   
                             "HTTP/1.1 200 OK"                                  
                    INFO     HTTP Request: GET                   _client.py:1740
                             https://www.vseinstrumenti.ru/produ                
                             ct/kabelnyj-vvod-gofromatik-m-24x1-                
                             5-latunnyj-ut1-5-ip66-ip67-ip68-d-k                
                             abelya-10-14-mm-zeta30103-23544912/                
                              "HTTP/1.1 403 Forbidden"                          
[09/17/26 09:35:35] INFO     HTTP Request: GET                   _client.py:1740
                             https://www.texenergo.ru/catalog/it                
                             em.html/te00424275 "HTTP/1.1 200                   
                             OK"                                                
[09/17/26 09:35:36] INFO     HTTP Request: GET                   _client.py:1740
                             https://www.zkabel.ru/catalog/kabel                
                             nye-vvody-i-komplektujushhie/kabeln                
                             ye-vvody/s-rezboy-m/kabelnyy-vvod-m                
                             -24x1-5-latunnyy-ut1-5-ip68-d-kabel                
                             ya-10-14-mm-zeta/ "HTTP/1.1 200 OK"                
[09/17/26 09:35:38] INFO     HTTP Request: POST                  _client.py:1740
                             https://html.duckduckgo.com/html                   
                             "HTTP/1.1 200 OK"                                  
[09/17/26 09:35:39] INFO     HTTP Request: GET                   _client.py:1740
                             https://nzeta.ru/catalog/kabelnye-v                
                             vody-salniki-metallicheskie/kabelny                
                             e-vvody-metallicheskie/kabelnyy-vvo                
                             d-metricheskaya-rezba/kabelnyy-vvod                
                             -m28kh1-5-latun-ut1-5-ip68-d-kabely                
                             a-13-18-mm-zeta/ "HTTP/1.1 200 OK"                 
[09/17/26 09:35:40] INFO     HTTP Request: GET                   _client.py:1740
                             https://www.chipdip.ru/product/kabe                
                             lnyy-vvod-m-28x1-5-latunnyy-ut1-5-g                
                             ofromatik-8049178483 "HTTP/1.1 403                 
                             Forbidden"                                         
                    INFO     HTTP Request: GET                   _client.py:1740
                             https://www.zkabel.ru/catalog/kabel                
                             nye-vvody-i-komplektujushhie/kabeln                
                             ye-vvody/s-rezboy-m/kabelnyy-vvod-m                
                             28kh1-5-latun-ut1-5-ip68-d-kabelya-                
                             13-18-mm-zeta/ "HTTP/1.1 200 OK"                   
[09/17/26 09:35:43] INFO     HTTP Request: POST                  _client.py:1740
                             https://html.duckduckgo.com/html                   
                             "HTTP/1.1 200 OK"                                  
                    INFO     HTTP Request: GET                   _client.py:1740
                             https://nzeta.ru/catalog/kabelnye-v                
                             vody-salniki-metallicheskie/kabelny                
                             e-vvody-metallicheskie/kabelnyy-vvo                
                             d-metricheskaya-rezba/kabelnyy-vvod                
                             -m37kh1-5-latun-ut1-5-ip68-d-kabely                
                             a-18-25-mm-zeta/ "HTTP/1.1 200 OK"                 
[09/17/26 09:35:45] INFO     HTTP Request: GET                   _client.py:1740
                             https://www.chipdip.ru/product/kabe                
                             lnyy-vvod-m-37x1-5-latunnyy-ut1-5-g                
                             ofromatik-8049178479 "HTTP/1.1 403                 
                             Forbidden"                                         
[09/17/26 09:35:46] INFO     HTTP Request: GET                   _client.py:1740
                             https://www.zkabel.ru/catalog/kabel                
                             nye-vvody-i-komplektujushhie/kabeln                
                             ye-vvody/s-rezboy-m/kabelnyy-vvod-m                
                             37kh1-5-latun-ut1-5-ip68-d-kabelya-                
                             18-25-mm-zeta/ "HTTP/1.1 200 OK"                   
[09/17/26 09:35:49] INFO     HTTP Request: POST                  _client.py:1740
                             https://html.duckduckgo.com/html                   
                             "HTTP/1.1 200 OK"                                  
                    INFO     HTTP Request: GET                   _client.py:1740
                             https://nzeta.ru/catalog/kabelnye-v                
                             vody-salniki-metallicheskie/kabelny                
                             e-vvody-metallicheskie/kabelnyy-vvo                
                             d-metricheskaya-rezba/kabelnyy-vvod                
                             -m-47x1-5-latunnyy-ut1-5-ip68-d-kab                
                             elya-25-33-mm-zeta/ "HTTP/1.1 200                  
                             OK"                                                
[09/17/26 09:36:01] INFO     HTTP Request: GET                   _client.py:1740
                             https://www.texenergo.ru/catalog/it                
                             em.html/te00424288 "HTTP/1.1 200                   
                             OK"                                                
[09/17/26 09:36:07] INFO     HTTP Request: GET                   _client.py:1740
                             https://www.vseinstrumenti.ru/produ                
                             ct/kabelnyj-vvod-gofromatik-m-47x1-                
                             5-latunnyj-ut1-5-ip66-ip67-ip68-d-k                
                             abelya-25-33-mm-zeta30100-23544906/                
                              "HTTP/1.1 403 Forbidden"                          
[09/17/26 09:36:09] INFO     HTTP Request: POST                  _client.py:1740
                             https://html.duckduckgo.com/html                   
                             "HTTP/1.1 200 OK"                                  
[09/17/26 09:36:10] INFO     HTTP Request: GET                   _client.py:1740
                             https://nzeta.ru/catalog/kabelnye-v                
                             vody-salniki-metallicheskie/kabelny                
                             e-vvody-metallicheskie/kabelnyy-vvo                
                             d-metricheskaya-rezba/kabelnyy-vvod                
                             -m54kh1-5-latun-ut1-5-ip68-d-kabely                
                             a-32-38-mm-zeta/ "HTTP/1.1 200 OK"                 
[09/17/26 09:36:14] INFO     HTTP Request: GET                   _client.py:1740
                             https://www.zkabel.ru/catalog/kabel                
                             nye-vvody-i-komplektujushhie/kabeln                
                             ye-vvody/s-rezboy-m/kabelnyy-vvod-m                
                             54kh1-5-latun-ut1-5-ip68-d-kabelya-                
                             32-38-mm-zeta/ "HTTP/1.1 200 OK"                   
[09/17/26 09:36:15] INFO     HTTP Request: GET                   _client.py:1740
                             https://remitek.ru/goods_kabelnyiy-                
                             vvod--m--54h1-5-latunnyiy-ut1-5-ip6                
                             6-ip67-ip68--d-kabelya-32-38-mm--23                
                             0954.htm "HTTP/1.1 200 OK"                         
[09/17/26 09:36:17] INFO     HTTP Request: POST                  _client.py:1740
                             https://html.duckduckgo.com/html                   
                             "HTTP/1.1 200 OK"                                  
[09/17/26 09:36:18] INFO     HTTP Request: GET                   _client.py:1740
                             https://remitek.ru/goods_gayka-latu                
                             nnaya-g32l-g-1-1-2-zazemlyayuschaya                
                             -ustanovochnaya-230815.htm                         
                             "HTTP/1.1 200 OK"                                  
[09/17/26 09:36:19] INFO     HTTP Request: GET                   _client.py:1740
                             https://www.elektro.ru/product/gofr                
                             omatik_zetarus_gayka_g32l-g_1_1_2_z                
                             eta33380/ "HTTP/1.1 200 OK"                        
[09/17/26 09:36:22] INFO     HTTP Request: GET                   _client.py:1740
                             https://www.zkabel.ru/catalog/kabel                
                             nye-vvody-i-komplektujushhie/gayki-                
                             dlya-kabelnykh-vvodov/gayki-zazemly                
                             ayushchie-tipa-gz2/gayka-g32l-g-1-1                
                             -2/ "HTTP/1.1 404 Not Found"                       
/home/thesonikpk/.cache/uv/archive-v0/v2Cfq71VHMojKVxt/lib/python3.12/site-packages/duckduckgo_mcp_server/server.py:1152: MCPDeprecationWarning: The logging capability is deprecated as of 2026-07-28 (SEP-2577).
  await ctx.error(f"HTTP error occurred while fetching {url}: {str(e)}")
[09/17/26 09:36:25] INFO     HTTP Request: POST                  _client.py:1740
                             https://html.duckduckgo.com/html                   
                             "HTTP/1.1 200 OK"                                  
[09/17/26 09:36:31] INFO     HTTP Request: GET                   _client.py:1740
                             https://www.toketm.ru/catalog/shchi                
                             tovoe_oborudovanie/elementy_dlya_us                
                             tanovki_oborudovaniya_i_prokladki_k                
                             abelya/kabelnye_vvody_i_salniki/aks                
                             essuary_dlya_kabelnykh_vvodov_i_sal                
                             nikov/807283/ "HTTP/1.1 200 OK"                    
[09/17/26 09:36:33] INFO     HTTP Request: GET                   _client.py:1740
                             https://remitek.ru/goods_gayka-latu                
                             nnaya-g32l-m--32h1-5-zazemlyayuscha                
                             ya-ustanovochnaya-230808.htm                       
                             "HTTP/1.1 200 OK"                                  
[09/17/26 09:36:35] INFO     HTTP Request: GET                   _client.py:1740
                             https://satu.kz/p133103192-gajka-la                
                             tunnaya-g32l.html "HTTP/1.1 302                    
                             Found"                                             
[09/17/26 09:36:36] INFO     HTTP Request: GET                   _client.py:1740
                             https://satu.kz/kz/p133103192-gajka                
                             -latunnaya-g32l.html "HTTP/1.1 200                 
                             OK"                                                
[09/17/26 09:36:39] INFO     HTTP Request: POST                  _client.py:1740
                             https://html.duckduckgo.com/html                   
                             "HTTP/1.1 200 OK"                                  
                    INFO     HTTP Request: GET                   _client.py:1740
                             https://remitek.ru/goods_gayka-latu                
                             nnaya-g32l-g-1-zazemlyayuschaya-ust                
                             anovochnaya-230813.htm "HTTP/1.1                   
                             200 OK"                                            
[09/17/26 09:36:40] INFO     HTTP Request: GET                   _client.py:1740
                             https://www.texenergo.ru/catalog/it                
                             em.html/te00424532 "HTTP/1.1 200                   
                             OK"                                                
[09/17/26 09:36:41] INFO     HTTP Request: GET                   _client.py:1740
                             https://spb.tze1.ru/catalog/krepezh                
                             /metizy/metricheskiy-krepezh/gayki/                
                             gayka-latunnaya-g32l-g-1-zetarus-ze                
                             ta33378/ "HTTP/1.1 200 OK"                         
[09/17/26 09:36:45] INFO     HTTP Request: POST                  _client.py:1740
                             https://html.duckduckgo.com/html                   
                             "HTTP/1.1 200 OK"                                  
                    INFO     HTTP Request: GET                   _client.py:1740
                             https://remitek.ru/goods_gayka-latu                
                             nnaya-g32l-g-1-2-zazemlyayuschaya-u                
                             stanovochnaya-230811.htm "HTTP/1.1                 
                             200 OK"                                            
[09/17/26 09:36:46] INFO     HTTP Request: GET                   _client.py:1740
                             https://e-kc.ru/cena/zeta-gajka-g32                
                             l-g12-zeta33376-zavod-elektrotehnic                
                             heskoj-armatury "HTTP/1.1 200 OK"                  
[09/17/26 09:36:47] INFO     HTTP Request: GET                   _client.py:1740
                             https://www.texenergo.ru/catalog/it                
                             em.html/te00424537 "HTTP/1.1 200                   
                             OK"                                                
[09/17/26 09:36:49] INFO     HTTP Request: POST                  _client.py:1740
                             https://html.duckduckgo.com/html                   
                             "HTTP/1.1 200 OK"                                  
[09/17/26 09:36:50] INFO     HTTP Request: GET                   _client.py:1740
                             https://remitek.ru/goods_gayka-latu                
                             nnaya-g32l-g-2-zazemlyayuschaya-ust                
                             anovochnaya-230816.htm "HTTP/1.1                   
                             200 OK"                                            
[09/17/26 09:36:51] INFO     HTTP Request: GET                   _client.py:1740
                             https://www.texenergo.ru/catalog/it                
                             em.html/te00424536 "HTTP/1.1 200                   
                             OK"                                                
                    INFO     HTTP Request: GET                   _client.py:1740
                             https://www.elektro.ru/product/gofr                
                             omatik_zetarus_gayka_g32l-g2_zeta33                
                             381/ "HTTP/1.1 200 OK"                             
[09/17/26 09:36:54] INFO     HTTP Request: POST                  _client.py:1740
                             https://html.duckduckgo.com/html                   
                             "HTTP/1.1 200 OK"                                  
[09/17/26 09:37:01] INFO     HTTP Request: GET                   _client.py:1740
                             https://www.elektro.ru/product/gofr                
                             omatik_zetarus_gayka_g32l-g3_4_zeta                
                             33377/ "HTTP/1.1 200 OK"                           
[09/17/26 09:37:07] INFO     HTTP Request: GET                   _client.py:1740
                             https://www.texenergo.ru/catalog/it                
                             em.html/te00424538 "HTTP/1.1 200                   
                             OK"                                                
[09/17/26 09:37:11] INFO     HTTP Request: GET                   _client.py:1740
                             https://tze1.ru/catalog/krepezh/met                
                             izy/metricheskiy-krepezh/gayki/gayk                
                             a-latunnaya-g32l-g-3-zeta33377/                    
                             "HTTP/1.1 200 OK"                                  
[09/17/26 09:37:14] INFO     HTTP Request: POST                  _client.py:1740
                             https://html.duckduckgo.com/html                   
                             "HTTP/1.1 200 OK"                                  
[09/17/26 09:37:15] INFO     HTTP Request: GET                   _client.py:1740
                             https://www.texenergo.ru/catalog/it                
                             em.html/te00424535 "HTTP/1.1 200                   
                             OK"                                                
[09/17/26 09:37:16] INFO     HTTP Request: GET                   _client.py:1740
                             https://remitek.ru/goods_gayka-latu                
                             nnaya-g32l-g-2-1-2-zazemlyayuschaya                
                             -ustanovochnaya-231811.htm                         
                             "HTTP/1.1 200 OK"                                  
[09/17/26 09:37:19] INFO     HTTP Request: GET                   _client.py:1740
                             https://tze1.ru/catalog/krepezh/met                
                             izy/metricheskiy-krepezh/gayki/gayk                
                             a-latunnaya-g32l-g-2-1-zeta33382/                  
                             "HTTP/1.1 200 OK"                                  
[09/17/26 09:37:21] INFO     HTTP Request: POST                  _client.py:1740
                             https://html.duckduckgo.com/html                   
                             "HTTP/1.1 200 OK"                                  
[09/17/26 09:37:22] INFO     HTTP Request: GET                   _client.py:1740
                             https://remitek.ru/goods_gayka-latu                
                             nnaya-g32l-m--12h1-5-zazemlyayuscha                
                             ya-ustanovochnaya-231788.htm                       
                             "HTTP/1.1 200 OK"                                  
[09/17/26 09:37:23] INFO     HTTP Request: GET                   _client.py:1740
                             https://www.texenergo.ru/catalog/it                
                             em.html/te00424487 "HTTP/1.1 200                   
                             OK"                                                
[09/17/26 09:37:31] INFO     HTTP Request: GET                   _client.py:1740
                             https://nzeta.ru/catalog/aksessuary                
                             -dlya-kabelnykh-vvodov-i-fitingov_1                
                             /gayki-zazemlyayushchie-tipa-gz2-la                
                             tun-nikelirovannaya/gayka-latunnaya                
                             -g32l-m-12kh1-5-zeta/ "HTTP/1.1 200                
                             OK"                                                
[09/17/26 09:37:33] INFO     HTTP Request: POST                  _client.py:1740
                             https://html.duckduckgo.com/html                   
                             "HTTP/1.1 200 OK"                                  
[09/17/26 09:37:34] INFO     HTTP Request: GET                   _client.py:1740
                             https://nzeta.ru/catalog/aksessuary                
                             -dlya-kabelnykh-vvodov-i-fitingov_1                
                             /gayki-zazemlyayushchie-tipa-gz2-la                
                             tun-nikelirovannaya/gayka-g32l-m14k                
                             h1-5-zeta/ "HTTP/1.1 200 OK"                       
[09/17/26 09:37:35] INFO     HTTP Request: GET                   _client.py:1740
                             https://www.texenergo.ru/catalog/it                
                             em.html/te00424488 "HTTP/1.1 200                   
                             OK"                                                
[09/17/26 09:37:40] INFO     HTTP Request: GET                   _client.py:1740
                             https://www.elektro.ru/product/gofr                
                             omatik_zetarus_gayka_latunnaya_g32l                
                             -m_14kh1_5_zetarus_zeta33324/                      
                             "HTTP/1.1 200 OK"                                  
[09/17/26 09:37:43] INFO     HTTP Request: POST                  _client.py:1740
                             https://html.duckduckgo.com/html                   
                             "HTTP/1.1 200 OK"                                  
[09/17/26 09:37:44] INFO     HTTP Request: GET                   _client.py:1740
                             https://www.chipdip.ru/product/gayk                
                             a-latunnaya-g32l-m-16x1-5-gofromati                
                             k-8049178617 "HTTP/1.1 403                         
                             Forbidden"                                         
                    INFO     HTTP Request: GET                   _client.py:1740
                             https://remitek.ru/goods_gayka-latu                
                             nnaya-g32l-m--16h1-5-zazemlyayuscha                
                             ya-ustanovochnaya-230804.htm                       
                             "HTTP/1.1 200 OK"                                  
[09/17/26 09:37:45] INFO     HTTP Request: GET                   _client.py:1740
                             https://www.zkabel.ru/catalog/kabel                
                             nye-vvody-i-komplektujushhie/gayki-                
                             dlya-kabelnykh-vvodov/gayki-zazemly                
                             ayushchie-tipa-gz2/gayka-g32l-m16kh                
                             1-5/ "HTTP/1.1 200 OK"                             
[09/17/26 09:37:48] INFO     HTTP Request: POST                  _client.py:1740
                             https://html.duckduckgo.com/html                   
                             "HTTP/1.1 200 OK"                                  
                    INFO     HTTP Request: GET                   _client.py:1740
                             https://www.zkabel.ru/catalog/kabel                
                             nye-vvody-i-komplektujushhie/gayki-                
                             dlya-kabelnykh-vvodov/gayki-zazemly                
                             ayushchie-tipa-gz2/gayka-g32l-m18kh                
                             1-5-zeta/ "HTTP/1.1 200 OK"                        
[09/17/26 09:37:49] INFO     HTTP Request: GET                   _client.py:1740
                             https://nzeta.ru/catalog/aksessuary                
                             -dlya-kabelnykh-vvodov-i-fitingov_1                
                             /gayki-zazemlyayushchie-tipa-gz2-la                
                             tun-nikelirovannaya/gayka-g32l-m18k                
                             h1-5-zeta/ "HTTP/1.1 200 OK"                       
[09/17/26 09:37:50] INFO     HTTP Request: GET                   _client.py:1740
                             https://www.texenergo.ru/catalog/it                
                             em.html/te00424490 "HTTP/1.1 200                   
                             OK"                                                
[09/17/26 09:37:53] INFO     HTTP Request: POST                  _client.py:1740
                             https://html.duckduckgo.com/html                   
                             "HTTP/1.1 200 OK"                                  
                    INFO     HTTP Request: GET                   _client.py:1740
                             https://www.zkabel.ru/catalog/kabel                
                             nye-vvody-i-komplektujushhie/gayki-                
                             dlya-kabelnykh-vvodov/gayki-zazemly                
                             ayushchie-tipa-gz2/gayka-g32l-m20kh                
                             1-5/ "HTTP/1.1 200 OK"                             
[09/17/26 09:37:54] INFO     HTTP Request: GET                   _client.py:1740
                             https://www.chipdip.ru/product/gayk                
                             a-latunnaya-g32l-m-20x1-5-gofromati                
                             k-8049178618 "HTTP/1.1 403                         
                             Forbidden"                                         
[09/17/26 09:38:01] INFO     HTTP Request: GET                   _client.py:1740
                             https://nzeta.ru/catalog/aksessuary                
                             -dlya-kabelnykh-vvodov-i-fitingov_1                
                             /gayki-zazemlyayushchie-tipa-gz2-la                
                             tun-nikelirovannaya/gayka-g32l-m20k                
                             h1-5-zeta/ "HTTP/1.1 200 OK"                       
[09/17/26 09:38:04] INFO     HTTP Request: POST                  _client.py:1740
                             https://html.duckduckgo.com/html                   
                             "HTTP/1.1 200 OK"                                  
[09/17/26 09:38:07] INFO     HTTP Request: GET                   _client.py:1740
                             https://nzeta.ru/catalog/aksessuary                
                             -dlya-kabelnykh-vvodov-i-fitingov_1                
                             /gayki-zazemlyayushchie-tipa-gz2-la                
                             tun-nikelirovannaya/gayka-g32l-m22k                
                             h1-5-zeta/ "HTTP/1.1 200 OK"                       
[09/17/26 09:38:10] INFO     HTTP Request: GET                   _client.py:1740
                             https://www.texenergo.ru/catalog/it                
                             em.html/te00424492 "HTTP/1.1 200                   
                             OK"                                                
[09/17/26 09:38:16] INFO     HTTP Request: GET                   _client.py:1740
                             https://www.elektro.ru/product/gofr                
                             omatik_zetarus_gayka_g32l-m22kh1_5_                
                             zeta33328/ "HTTP/1.1 200 OK"                       
[09/17/26 09:38:19] INFO     HTTP Request: POST                  _client.py:1740
                             https://html.duckduckgo.com/html                   
                             "HTTP/1.1 200 OK"                                  
                    INFO     HTTP Request: GET                   _client.py:1740
                             https://nzeta.ru/catalog/aksessuary                
                             -dlya-kabelnykh-vvodov-i-fitingov_1                
                             /gayki-zazemlyayushchie-tipa-gz2-la                
                             tun-nikelirovannaya/gayka-g32l-m24k                
                             h1-5-zeta/ "HTTP/1.1 200 OK"                       
[09/17/26 09:38:20] INFO     HTTP Request: GET                   _client.py:1740
                             https://www.vseinstrumenti.ru/produ                
                             ct/gajka-latunnaya-g32l-m-24h1-5-go                
                             fromatik-zetarus-zeta33329-22029290                
                             / "HTTP/1.1 403 Forbidden"                         
[09/17/26 09:38:22] INFO     HTTP Request: GET                   _client.py:1740
                             https://www.zkabel.ru/catalog/kabel                
                             nye-vvody-i-komplektujushhie/gayki-                
                             dlya-kabelnykh-vvodov/gayki-zazemly                
                             ayushchie-tipa-gz2/gayka-g32l-m24kh                
                             1-5-zeta/ "HTTP/1.1 200 OK"                        
[09/17/26 09:38:25] INFO     HTTP Request: POST                  _client.py:1740
                             https://html.duckduckgo.com/html                   
                             "HTTP/1.1 200 OK"                                  
                    INFO     HTTP Request: GET                   _client.py:1740
                             https://www.chipdip.ru/product/gayk                
                             a-latunnaya-g32l-m-25x1-5-gofromati                
                             k-8049178620 "HTTP/1.1 403                         
                             Forbidden"                                         
[09/17/26 09:38:30] INFO     HTTP Request: GET                   _client.py:1740
                             https://nzeta.ru/catalog/aksessuary                
                             -dlya-kabelnykh-vvodov-i-fitingov_1                
                             /gayki-zazemlyayushchie-tipa-gz2-la                
                             tun-nikelirovannaya/gayka-g32l-m25k                
                             h1-5-zeta/ "HTTP/1.1 200 OK"                       
[09/17/26 09:38:34] INFO     HTTP Request: GET                   _client.py:1740
                             https://www.zkabel.ru/catalog/kabel                
                             nye-vvody-i-komplektujushhie/gayki-                
                             dlya-kabelnykh-vvodov/gayki-zazemly                
                             ayushchie-tipa-gz2/gayka-g32l-m25kh                
                             1-5/ "HTTP/1.1 200 OK"                             
[09/17/26 09:38:37] INFO     HTTP Request: POST                  _client.py:1740
                             https://html.duckduckgo.com/html                   
                             "HTTP/1.1 200 OK"                                  
                    INFO     HTTP Request: GET                   _client.py:1740
                             https://www.vseinstrumenti.ru/produ                
                             ct/gajka-latunnaya-gofromatik-g32l-                
                             m-27h1-5-zeta33331-22084586/                       
                             "HTTP/1.1 403 Forbidden"                           
[09/17/26 09:38:39] INFO     HTTP Request: GET                   _client.py:1740
                             https://www.zkabel.ru/catalog/kabel                
                             nye-vvody-i-komplektujushhie/gayki-                
                             dlya-kabelnykh-vvodov/gayki-zazemly                
                             ayushchie-tipa-gz2/gayka-g32l-m27kh                
                             1-5-zeta/ "HTTP/1.1 200 OK"                        
[09/17/26 09:38:44] INFO     HTTP Request: GET                   _client.py:1740
                             https://nzeta.ru/catalog/aksessuary                
                             -dlya-kabelnykh-vvodov-i-fitingov_1                
                             /gayki-zazemlyayushchie-tipa-gz2-la                
                             tun-nikelirovannaya/gayka-g32l-m27k                
                             h1-5-zeta/ "HTTP/1.1 200 OK"                       
[09/17/26 09:38:48] INFO     HTTP Request: POST                  _client.py:1740
                             https://html.duckduckgo.com/html                   
                             "HTTP/1.1 200 OK"                                  
                    INFO     HTTP Request: GET                   _client.py:1740
                             https://www.vseinstrumenti.ru/produ                
                             ct/gajka-latunnaya-gofromatik-g32l-                
                             m-30h1-5-zeta33332-22136246/                       
                             "HTTP/1.1 403 Forbidden"                           
[09/17/26 09:38:49] INFO     HTTP Request: GET                   _client.py:1740
                             https://www.texenergo.ru/catalog/it                
                             em.html/te00424496 "HTTP/1.1 200                   
                             OK"                                                
                    INFO     HTTP Request: GET                   _client.py:1740
                             https://remitek.ru/goods_gayka-latu                
                             nnaya-g32l-m--30h1-5-zazemlyayuscha                
                             ya-ustanovochnaya-231793.htm                       
                             "HTTP/1.1 200 OK"                                  
[09/17/26 09:38:52] INFO     HTTP Request: POST                  _client.py:1740
                             https://html.duckduckgo.com/html                   
                             "HTTP/1.1 200 OK"                                  
[09/17/26 09:38:53] INFO     HTTP Request: GET                   _client.py:1740
                             https://www.etm.ru/cat/nn/7022586                  
                             "HTTP/1.1 444 "                                    
                    INFO     HTTP Request: GET                   _client.py:1740
                             https://www.chipdip.am/product/gayk                
                             a-latunnaya-g32l-m-32x1-5-gofromati                
                             k-8049178621 "HTTP/1.1 200 OK"                     
[09/17/26 09:38:56] INFO     HTTP Request: POST                  _client.py:1740
                             https://html.duckduckgo.com/html                   
                             "HTTP/1.1 200 OK"                                  
                    INFO     HTTP Request: GET                   _client.py:1740
                             https://nzeta.ru/catalog/aksessuary                
                             -dlya-kabelnykh-vvodov-i-fitingov_1                
                             /gayki-zazemlyayushchie-tipa-gz2-la                
                             tun-nikelirovannaya/gayka-g32l-m33k                
                             h1-5-zeta/ "HTTP/1.1 200 OK"                       
[09/17/26 09:38:57] INFO     HTTP Request: GET                   _client.py:1740
                             https://www.vseinstrumenti.ru/produ                
                             ct/gajka-latunnaya-gofromatik-g32l-                
                             m-33h1-5-zeta33334-22136234/                       
                             "HTTP/1.1 403 Forbidden"                           
[09/17/26 09:39:01] INFO     HTTP Request: GET                   _client.py:1740
                             https://remitek.ru/goods_gayka-latu                
                             nnaya-g32l-m--33h1-5-zazemlyayuscha                
                             ya-ustanovochnaya-231794.htm                       
                             "HTTP/1.1 200 OK"                                  
[09/17/26 09:39:04] INFO     HTTP Request: POST                  _client.py:1740
                             https://html.duckduckgo.com/html                   
                             "HTTP/1.1 200 OK"                                  
[09/17/26 09:39:07] INFO     HTTP Request: GET                   _client.py:1740
                             https://www.vseinstrumenti.ru/produ                
                             ct/gajka-latunnaya-gofromatik-g32l-                
                             m-36h1-5-zeta33335-22084664/                       
                             "HTTP/1.1 403 Forbidden"                           
[09/17/26 09:39:10] INFO     HTTP Request: GET                   _client.py:1740
                             https://www.zkabel.ru/catalog/kabel                
                             nye-vvody-i-komplektujushhie/gayki-                
                             dlya-kabelnykh-vvodov/gayki-zazemly                
                             ayushchie-tipa-gz2/gayka-g32l-m36kh                
                             1-5-zeta/ "HTTP/1.1 200 OK"                        
[09/17/26 09:39:15] INFO     HTTP Request: GET                   _client.py:1740
                             https://www.texenergo.ru/catalog/it                
                             em.html/te00424499 "HTTP/1.1 200                   
                             OK"                                                
[09/17/26 09:39:17] INFO     HTTP Request: POST                  _client.py:1740
                             https://html.duckduckgo.com/html                   
                             "HTTP/1.1 200 OK"                                  
[09/17/26 09:39:19] INFO     HTTP Request: GET                   _client.py:1740
                             https://www.vseinstrumenti.ru/produ                
                             ct/gajka-latunnaya-gofromatik-g32l-                
                             m-37h1-5-zeta33336-22084574/                       
                             "HTTP/1.1 403 Forbidden"                           
[09/17/26 09:39:20] INFO     HTTP Request: GET                   _client.py:1740
                             https://nzeta.ru/catalog/aksessuary                
                             -dlya-kabelnykh-vvodov-i-fitingov_1                
                             /gayki-zazemlyayushchie-tipa-gz2-la                
                             tun-nikelirovannaya/gayka-g32l-m37k                
                             h1-5-zeta/ "HTTP/1.1 200 OK"                       
[09/17/26 09:39:22] INFO     HTTP Request: GET                   _client.py:1740
                             https://remitek.ru/goods_gayka-latu                
                             nnaya-g32l-m--37h1-5-zazemlyayuscha                
                             ya-ustanovochnaya-231796.htm                       
                             "HTTP/1.1 200 OK"                                  
[09/17/26 09:39:25] INFO     HTTP Request: POST                  _client.py:1740
                             https://html.duckduckgo.com/html                   
                             "HTTP/1.1 200 OK"                                  
[09/17/26 09:39:26] INFO     HTTP Request: GET                   _client.py:1740
                             https://www.zkabel.ru/catalog/kabel                
                             nye-vvody-i-komplektujushhie/gayki-                
                             dlya-kabelnykh-vvodov/gayki-zazemly                
                             ayushchie-tipa-gz2/gayka-g32l-m40kh                
                             1-5/ "HTTP/1.1 200 OK"                             
[09/17/26 09:39:30] INFO     HTTP Request: GET                   _client.py:1740
                             https://nzeta.ru/catalog/aksessuary                
                             -dlya-kabelnykh-vvodov-i-fitingov_1                
                             /gayki-zazemlyayushchie-tipa-gz2-la                
                             tun-nikelirovannaya/gayka-g32l-m40k                
                             h1-5-zeta/ "HTTP/1.1 200 OK"                       
[09/17/26 09:39:34] INFO     HTTP Request: GET                   _client.py:1740
                             https://remitek.ru/goods_gayka-latu                
                             nnaya-g32l-m--40h1-5-zazemlyayuscha                
                             ya-ustanovochnaya-230809.htm                       
                             "HTTP/1.1 200 OK"                                  
[09/17/26 09:39:37] INFO     HTTP Request: POST                  _client.py:1740
                             https://html.duckduckgo.com/html                   
                             "HTTP/1.1 200 OK"                                  
[09/17/26 09:39:38] INFO     HTTP Request: GET                   _client.py:1740
                             https://www.texenergo.ru/catalog/it                
                             em.html/te00424502 "HTTP/1.1 200                   
                             OK"                                                
[09/17/26 09:39:39] INFO     HTTP Request: GET                   _client.py:1740
                             https://remitek.ru/goods_gayka-latu                
                             nnaya-g32l-m--42h1-5-zazemlyayuscha                
                             ya-ustanovochnaya-231797.htm                       
                             "HTTP/1.1 200 OK"                                  
[09/17/26 09:39:44] INFO     HTTP Request: GET                   _client.py:1740
                             https://rs24.ru/product/3176890                    
                             "HTTP/1.1 200 OK"                                  
[09/17/26 09:39:47] INFO     HTTP Request: POST                  _client.py:1740
                             https://html.duckduckgo.com/html                   
                             "HTTP/1.1 200 OK"                                  
[09/17/26 09:39:48] INFO     HTTP Request: GET                   _client.py:1740
                             https://www.texenergo.ru/catalog/it                
                             em.html/te00424503 "HTTP/1.1 200                   
                             OK"                                                
[09/17/26 09:39:49] INFO     HTTP Request: GET                   _client.py:1740
                             https://www.vseinstrumenti.ru/produ                
                             ct/gajka-latunnaya-gofromatik-g32l-                
                             m-47h1-5-zeta33339-21999404/                       
                             "HTTP/1.1 403 Forbidden"                           
[09/17/26 09:39:50] INFO     HTTP Request: GET                   _client.py:1740
                             https://spb.tze1.ru/catalog/krepezh                
                             /metizy/metricheskiy-krepezh/gayki/                
                             gayka-latunnaya-g32l-m-47h1-zeta333                
                             39/ "HTTP/1.1 200 OK"                              
[09/17/26 09:39:52] INFO     HTTP Request: POST                  _client.py:1740
                             https://html.duckduckgo.com/html                   
                             "HTTP/1.1 200 OK"                                  
[09/17/26 09:39:53] INFO     HTTP Request: GET                   _client.py:1740
                             https://nzeta.ru/catalog/aksessuary                
                             -dlya-kabelnykh-vvodov-i-fitingov_1                
                             /gayki-zazemlyayushchie-tipa-gz2-la                
                             tun-nikelirovannaya/gayka-g32l-m48k                
                             h1-5-zeta/ "HTTP/1.1 200 OK"                       
                    INFO     HTTP Request: GET                   _client.py:1740
                             https://www.vseinstrumenti.ru/produ                
                             ct/gajka-latunnaya-gofromatik-g32l-                
                             m-48h1-5-zeta33340-22084658/                       
                             "HTTP/1.1 403 Forbidden"                           
[09/17/26 09:39:57] INFO     HTTP Request: GET                   _client.py:1740
                             https://remitek.ru/goods_gayka-latu                
                             nnaya-g32l-m--48h1-5-zazemlyayuscha                
                             ya-ustanovochnaya-231799.htm                       
                             "HTTP/1.1 200 OK"                                  
[09/17/26 09:39:59] INFO     HTTP Request: POST                  _client.py:1740
                             https://html.duckduckgo.com/html                   
                             "HTTP/1.1 200 OK"                                  
[09/17/26 09:40:00] INFO     HTTP Request: GET                   _client.py:1740
                             https://www.vseinstrumenti.ru/produ                
                             ct/gajka-latunnaya-gofromatik-g32l-                
                             m-50h1-5-zeta33341-22084508/                       
                             "HTTP/1.1 403 Forbidden"                           
[09/17/26 09:40:02] INFO     HTTP Request: GET                   _client.py:1740
                             https://www.toketm.ru/catalog/shchi                
                             tovoe_oborudovanie/elementy_dlya_us                
                             tanovki_oborudovaniya_i_prokladki_k                
                             abelya/kabelnye_vvody_i_salniki/aks                
                             essuary_dlya_kabelnykh_vvodov_i_sal                
                             nikov/546523/ "HTTP/1.1 200 OK"                    
[09/17/26 09:40:07] INFO     HTTP Request: GET                   _client.py:1740
                             https://remitek.ru/goods_gayka-latu                
                             nnaya-g32l-m--50h1-5-zazemlyayuscha                
                             ya-ustanovochnaya-230810.htm                       
                             "HTTP/1.1 200 OK"                                  
[09/17/26 09:40:10] INFO     HTTP Request: POST                  _client.py:1740
                             https://html.duckduckgo.com/html                   
                             "HTTP/1.1 200 OK"                                  
                    INFO     HTTP Request: GET                   _client.py:1740
                             https://www.texenergo.ru/catalog/it                
                             em.html/te00424506 "HTTP/1.1 200                   
                             OK"                                                
[09/17/26 09:40:14] INFO     HTTP Request: GET                   _client.py:1740
                             https://www.vseinstrumenti.ru/produ                
                             ct/gajka-latunnaya-g32l-m-54h1-5-go                
                             fromatik-zetarus-zeta33342-22029278                
                             / "HTTP/1.1 403 Forbidden"                         
[09/17/26 09:40:19] INFO     HTTP Request: GET                   _client.py:1740
                             https://www.zkabel.ru/catalog/kabel                
                             nye-vvody-i-komplektujushhie/gayki-                
                             dlya-kabelnykh-vvodov/gayki-zazemly                
                             ayushchie-tipa-gz2/gayka-g32l-m54kh                
                             1-5-zeta/ "HTTP/1.1 200 OK"                        
[09/17/26 09:40:23] INFO     HTTP Request: POST                  _client.py:1740
                             https://html.duckduckgo.com/html                   
                             "HTTP/1.1 200 OK"                                  
                    INFO     HTTP Request: GET                   _client.py:1740
                             https://nzeta.ru/catalog/aksessuary                
                             -dlya-kabelnykh-vvodov-i-fitingov_1                
                             /gayki-zazemlyayushchie-tipa-gz2-la                
                             tun-nikelirovannaya/gayka-g32l-m60k                
                             h1-5-zeta/ "HTTP/1.1 200 OK"                       
[09/17/26 09:40:24] INFO     HTTP Request: GET                   _client.py:1740
                             https://www.zkabel.ru/catalog/kabel                
                             nye-vvody-i-komplektujushhie/gayki-                
                             dlya-kabelnykh-vvodov/gayki-zazemly                
                             ayushchie-tipa-gz2/gayka-g32l-m60kh                
                             1-5-zeta/ "HTTP/1.1 200 OK"                        
[09/17/26 09:40:26] INFO     HTTP Request: GET                   _client.py:1740
                             https://remitek.ru/goods_gayka-latu                
                             nnaya-g32l-m--60h1-5-zazemlyayuscha                
                             ya-ustanovochnaya-231801.htm                       
                             "HTTP/1.1 200 OK"                                  
[09/17/26 09:40:29] INFO     HTTP Request: POST                  _client.py:1740
                             https://html.duckduckgo.com/html                   
                             "HTTP/1.1 200 OK"                                  
[09/17/26 09:40:30] INFO     HTTP Request: GET                   _client.py:1740
                             https://electrical.ru/product/87392                
                             6-gayka-latunnaya-g32l-m-63h1-5-gof                
                             romatik "HTTP/1.1 302 Moved                        
                             Temporarily"                                       
                    INFO     HTTP Request: GET                   _client.py:1740
                             https://electrical.ru/guard/captcha                
                             ?to=/product/873926-gayka-latunnaya                
                             -g32l-m-63h1-5-gofromatik "HTTP/1.1                
                             200 OK"                                            
[09/17/26 09:40:34] INFO     HTTP Request: GET                   _client.py:1740
                             https://remitek.ru/goods_gayka-latu                
                             nnaya-g32l-m--63h1-5-zazemlyayuscha                
                             ya-ustanovochnaya-231305.htm                       
                             "HTTP/1.1 200 OK"                                  
[09/17/26 09:40:37] INFO     HTTP Request: GET                   _client.py:1740
                             https://www.vseinstrumenti.ru/produ                
                             ct/gajka-latunnaya-gofromatik-g32l-                
                             m-63h1-5-zeta33344-22083194/                       
                             "HTTP/1.1 403 Forbidden"                           
[09/17/26 09:40:40] INFO     HTTP Request: POST                  _client.py:1740
                             https://html.duckduckgo.com/html                   
                             "HTTP/1.1 200 OK"                                  
                    INFO     HTTP Request: GET                   _client.py:1740
                             https://electrical.ru/product/86667                
                             7-gayka-latunnaya-g32l-m-64h2-gofro                
                             matik "HTTP/1.1 302 Moved                          
                             Temporarily"                                       
                    INFO     HTTP Request: GET                   _client.py:1740
                             https://electrical.ru/guard/captcha                
                             ?to=/product/866677-gayka-latunnaya                
                             -g32l-m-64h2-gofromatik "HTTP/1.1                  
                             200 OK"                                            
[09/17/26 09:40:44] INFO     HTTP Request: GET                   _client.py:1740
                             https://www.zkabel.ru/catalog/kabel                
                             nye-vvody-i-komplektujushhie/gayki-                
                             dlya-kabelnykh-vvodov/gayki-zazemly                
                             ayushchie-tipa-gz2/gayka-g32l-m64kh                
                             2-zeta/ "HTTP/1.1 200 OK"                          
[09/17/26 09:40:48] INFO     HTTP Request: GET                   _client.py:1740
                             https://nzeta.ru/catalog/aksessuary                
                             -dlya-kabelnykh-vvodov-i-fitingov_1                
                             /gayki-zazemlyayushchie-tipa-gz2-la                
                             tun-nikelirovannaya/gayka-g32l-m64k                
                             h2-zeta/ "HTTP/1.1 200 OK"                         
[09/17/26 09:40:51] INFO     HTTP Request: POST                  _client.py:1740
                             https://html.duckduckgo.com/html                   
                             "HTTP/1.1 200 OK"                                  
[09/17/26 09:40:52] INFO     HTTP Request: GET                   _client.py:1740
                             https://nzeta.ru/catalog/aksessuary                
                             -dlya-kabelnykh-vvodov-i-fitingov_1                
                             /gayki-zazemlyayushchie-tipa-gz2-la                
                             tun-nikelirovannaya/gayka-g32l-m72k                
                             h2-zeta/ "HTTP/1.1 200 OK"                         
                    INFO     HTTP Request: GET                   _client.py:1740
                             https://www.vseinstrumenti.ru/produ                
                             ct/gajka-latunnaya-gofromatik-g32l-                
                             m-72h2-zeta33346-21999398/                         
                             "HTTP/1.1 403 Forbidden"                           
[09/17/26 09:40:53] INFO     HTTP Request: GET                   _client.py:1740
                             https://www.texenergo.ru/catalog/it                
                             em.html/te00424510 "HTTP/1.1 200                   
                             OK"                                                
[09/17/26 09:40:56] INFO     HTTP Request: POST                  _client.py:1740
                             https://html.duckduckgo.com/html                   
                             "HTTP/1.1 200 OK"                                  
                    INFO     HTTP Request: GET                   _client.py:1740
                             https://nzeta.ru/catalog/aksessuary                
                             -dlya-kabelnykh-vvodov-i-fitingov_1                
                             /gayki-zazemlyayushchie-tipa-gz2-la                
                             tun-nikelirovannaya/gayka-g32l-m75k                
                             h2-zeta/ "HTTP/1.1 200 OK"                         
[09/17/26 09:40:57] INFO     HTTP Request: GET                   _client.py:1740
                             https://www.etm.ru/cat/nn/5188481                  
                             "HTTP/1.1 444 "                                    
[09/17/26 09:41:00] INFO     HTTP Request: GET                   _client.py:1740
                             https://www.texenergo.ru/catalog/it                
                             em.html/te00424511 "HTTP/1.1 200                   
                             OK"                                                
[09/17/26 09:41:03] INFO     HTTP Request: POST                  _client.py:1740
                             https://html.duckduckgo.com/html                   
                             "HTTP/1.1 200 OK"                                  
[09/17/26 09:41:04] INFO     HTTP Request: GET                   _client.py:1740
                             https://www.zkabel.ru/catalog/kabel                
                             nye-vvody-i-komplektujushhie/gayki-                
                             dlya-kabelnykh-vvodov/gayki-zazemly                
                             ayushchie-tipa-gz2/gayka-g32l-m80kh                
                             2-zeta/ "HTTP/1.1 200 OK"                          
[09/17/26 09:41:07] INFO     HTTP Request: GET                   _client.py:1740
                             https://nzeta.ru/catalog/aksessuary                
                             -dlya-kabelnykh-vvodov-i-fitingov_1                
                             /gayki-zazemlyayushchie-tipa-gz2-la                
                             tun-nikelirovannaya/gayka-g32l-m80k                
                             h2-zeta/ "HTTP/1.1 200 OK"                         
[09/17/26 09:41:10] INFO     HTTP Request: GET                   _client.py:1740
                             https://www.vseinstrumenti.ru/produ                
                             ct/gajka-latunnaya-gofromatik-g32l-                
                             m-80h2-zeta33348-22136240/                         
                             "HTTP/1.1 403 Forbidden"                           
[09/17/26 09:41:13] INFO     HTTP Request: POST                  _client.py:1740
                             https://html.duckduckgo.com/html                   
                             "HTTP/1.1 200 OK"                                  
[09/17/26 09:41:15] INFO     HTTP Request: GET                   _client.py:1740
                             https://www.zkabel.ru/catalog/kabel                
                             nye-vvody-i-komplektujushhie/gayki-                
                             dlya-kabelnykh-vvodov/gayki-zazemly                
                             ayushchie-tipa-gz2/gayka-g32l-m88kh                
                             2-zeta/ "HTTP/1.1 200 OK"                          
[09/17/26 09:41:19] INFO     HTTP Request: GET                   _client.py:1740
                             https://nzeta.ru/catalog/aksessuary                
                             -dlya-kabelnykh-vvodov-i-fitingov_1                
                             /gayki-zazemlyayushchie-tipa-gz2-la                
                             tun-nikelirovannaya/gayka-g32l-m88k                
                             h2-zeta/ "HTTP/1.1 200 OK"                         
[09/17/26 09:41:23] INFO     HTTP Request: GET                   _client.py:1740
                             https://www.vseinstrumenti.ru/produ                
                             ct/gajka-latunnaya-gofromatik-g32l-                
                             m-88h2-zeta33349-22084688/                         
                             "HTTP/1.1 403 Forbidden"                           
[09/17/26 09:41:26] INFO     HTTP Request: POST                  _client.py:1740
                             https://html.duckduckgo.com/html                   
                             "HTTP/1.1 200 OK"                                  
                    INFO     HTTP Request: GET                   _client.py:1740
                             https://www.vseinstrumenti.ru/produ                
                             ct/gajka-latunnaya-gofromatik-g32l-                
                             m-100h2-zeta33350-22084520/                        
                             "HTTP/1.1 403 Forbidden"                           
[09/17/26 09:41:27] INFO     HTTP Request: GET                   _client.py:1740
                             https://remitek.ru/goods_gayka-latu                
                             nnaya-g32l-m-100h2-zazemlyayuschaya                
                             -ustanovochnaya-231803.htm                         
                             "HTTP/1.1 200 OK"                                  
[09/17/26 09:41:31] INFO     HTTP Request: GET                   _client.py:1740
                             https://nzeta.ru/catalog/aksessuary                
                             -dlya-kabelnykh-vvodov-i-fitingov_1                
                             /gayki-zazemlyayushchie-tipa-gz2-la                
                             tun-nikelirovannaya/gayka-g32l-m100                
                             kh2-zeta/ "HTTP/1.1 200 OK"                        
[09/17/26 09:41:34] INFO     HTTP Request: POST                  _client.py:1740
                             https://html.duckduckgo.com/html                   
                             "HTTP/1.1 200 OK"                                  
/home/thesonikpk/.cache/uv/archive-v0/v2Cfq71VHMojKVxt/lib/python3.12/site-packages/duckduckgo_mcp_server/server.py:1149: MCPDeprecationWarning: The logging capability is deprecated as of 2026-07-28 (SEP-2577).
  await ctx.error(f"Request timed out for URL: {url}")
[09/17/26 09:42:05] INFO     HTTP Request: GET                   _client.py:1740
                             https://remitek.ru/goods_gayka-latu                
                             nnaya-gp2l-g-1-1-2-ploskaya-ustanov                
                             ochnaya-231039.htm "HTTP/1.1 200                   
                             OK"                                                
[09/17/26 09:42:06] INFO     HTTP Request: GET                   _client.py:1740
                             https://tze1.ru/catalog/krepezh/met                
                             izy/metricheskiy-krepezh/gayki/gayk                
                             a-latunnaya-gp2l-g-1-1-zeta33258/                  
                             "HTTP/1.1 200 OK"                                  
[09/17/26 09:42:09] INFO     HTTP Request: POST                  _client.py:1740
                             https://html.duckduckgo.com/html                   
                             "HTTP/1.1 200 OK"                                  
[09/17/26 09:42:10] INFO     HTTP Request: GET                   _client.py:1740
                             https://www.zkabel.ru/catalog/kabel                
                             nye-vvody-i-komplektujushhie/gayki-                
                             dlya-kabelnykh-vvodov/gayki-ploskie                
                             -tipa-gp2/gayka-gp2l-g-1-1-4/                      
                             "HTTP/1.1 404 Not Found"                           
                    INFO     HTTP Request: GET                   _client.py:1740
                             https://remitek.ru/goods_gayka-latu                
                             nnaya-gp2l-g-1-1-4-ploskaya-ustanov                
                             ochnaya-230789.htm "HTTP/1.1 200                   
                             OK"                                                
[09/17/26 09:42:11] INFO     HTTP Request: GET                   _client.py:1740
                             https://www.texenergo.ru/catalog/it                
                             em.html/te00424465 "HTTP/1.1 200                   
                             OK"                                                
[09/17/26 09:42:14] INFO     HTTP Request: POST                  _client.py:1740
                             https://html.duckduckgo.com/html                   
                             "HTTP/1.1 200 OK"                                  
[09/17/26 09:42:15] INFO     HTTP Request: GET                   _client.py:1740
                             https://remitek.ru/goods_gayka-latu                
                             nnaya-gp2l-g-1-ploskaya-ustanovochn                
                             aya-230788.htm "HTTP/1.1 200 OK"                   
                    INFO     HTTP Request: GET                   _client.py:1740
                             https://www.texenergo.ru/catalog/it                
                             em.html/te00424466 "HTTP/1.1 200                   
                             OK"                                                
[09/17/26 09:42:16] INFO     HTTP Request: GET                   _client.py:1740
                             https://tze1.ru/catalog/krepezh/met                
                             izy/metricheskiy-krepezh/gayki/gayk                
                             a-latunnaya-gp2l-g-1-zetarus-zeta33                
                             256/ "HTTP/1.1 200 OK"                             
[09/17/26 09:42:19] INFO     HTTP Request: POST                  _client.py:1740
                             https://html.duckduckgo.com/html                   
                             "HTTP/1.1 200 OK"                                  
[09/17/26 09:42:20] INFO     HTTP Request: GET                   _client.py:1740
                             https://remitek.ru/goods_gayka-latu                
                             nnaya-gp2l-g-1-2-ploskaya-ustanovoc                
                             hnaya-230786.htm "HTTP/1.1 200 OK"                 
                    INFO     HTTP Request: GET                   _client.py:1740
                             https://www.texenergo.ru/catalog/it                
                             em.html/te00424467 "HTTP/1.1 200                   
                             OK"                                                
[09/17/26 09:42:22] INFO     HTTP Request: GET                   _client.py:1740
                             https://tze1.ru/catalog/krepezh/met                
                             izy/metricheskiy-krepezh/gayki/gayk                
                             a-latunnaya-gp2l-g-1-zeta33254/                    
                             "HTTP/1.1 200 OK"                                  
[09/17/26 09:42:24] INFO     HTTP Request: POST                  _client.py:1740
                             https://html.duckduckgo.com/html                   
                             "HTTP/1.1 200 OK"                                  
[09/17/26 09:42:25] INFO     HTTP Request: GET                   _client.py:1740
                             https://remitek.ru/goods_gayka-latu                
                             nnaya-gp2l-g-2-ploskaya-ustanovochn                
                             aya-233210.htm "HTTP/1.1 200 OK"                   
[09/17/26 09:42:26] INFO     HTTP Request: GET                   _client.py:1740
                             https://online.el-com.ru/product/19                
                             d74462-c1f8-11ea-aad6-005056803666                 
                             "HTTP/1.1 200 OK"                                  
                    INFO     HTTP Request: GET                   _client.py:1740
                             https://www.texenergo.ru/catalog/it                
                             em.html/te00424470 "HTTP/1.1 200                   
                             OK"                                                
[09/17/26 09:42:29] INFO     HTTP Request: POST                  _client.py:1740
                             https://html.duckduckgo.com/html                   
                             "HTTP/1.1 202 Accepted"                            
/home/thesonikpk/.cache/uv/archive-v0/v2Cfq71VHMojKVxt/lib/python3.12/site-packages/duckduckgo_mcp_server/server.py:582: MCPDeprecationWarning: The logging capability is deprecated as of 2026-07-28 (SEP-2577).
  await ctx.info(
[09/17/26 09:42:31] INFO     HTTP Request: POST                  _client.py:1740
                             https://html.duckduckgo.com/html                   
                             "HTTP/1.1 200 OK"                                  
[09/17/26 09:42:32] INFO     HTTP Request: GET                   _client.py:1740
                             https://online.el-com.ru/product/19                
                             d7445e-c1f8-11ea-aad6-005056803666?                
                             region=58 "HTTP/1.1 200 OK"                        
                    INFO     HTTP Request: GET                   _client.py:1740
                             https://remitek.ru/goods_gayka-latu                
                             nnaya-gp2l-g-1-4-ploskaya-ustanovoc                
                             hnaya-231780.htm "HTTP/1.1 200 OK"                 
[09/17/26 09:42:35] INFO     HTTP Request: POST                  _client.py:1740
                             https://html.duckduckgo.com/html                   
                             "HTTP/1.1 200 OK"                                  
[09/17/26 09:42:36] INFO     HTTP Request: GET                   _client.py:1740
                             https://remitek.ru/goods_gayka-latu                
                             nnaya-gp2l-g-2-1-2-ploskaya-ustanov                
                             ochnaya-231782.htm "HTTP/1.1 200                   
                             OK"                                                
[09/17/26 09:42:37] INFO     HTTP Request: GET                   _client.py:1740
                             https://www.texenergo.ru/catalog/it                
                             em.html/te00424469 "HTTP/1.1 200                   
                             OK"                                                
[09/17/26 09:42:38] INFO     HTTP Request: GET                   _client.py:1740
                             https://tze1.ru/catalog/krepezh/met                
                             izy/metricheskiy-krepezh/gayki/gayk                
                             a-latunnaya-gp2l-g-2-1-zeta33260/                  
                             "HTTP/1.1 200 OK"                                  
[09/17/26 09:42:41] INFO     HTTP Request: POST                  _client.py:1740
                             https://html.duckduckgo.com/html                   
                             "HTTP/1.1 200 OK"                                  
                    INFO     HTTP Request: GET                   _client.py:1740
                             https://www.zkabel.ru/catalog/kabel                
                             nye-vvody-i-komplektujushhie/gayki-                
                             dlya-kabelnykh-vvodov/gayki-ploskie                
                             -tipa-gp2/gayka-latunnaya-gp2l-m-12                
                             kh1-5-zeta/ "HTTP/1.1 200 OK"                      
[09/17/26 09:43:05] INFO     HTTP Request: GET                   _client.py:1740
                             https://nzeta.ru/catalog/aksessuary                
                             -dlya-kabelnykh-vvodov-i-fitingov_1                
                             /gayki-ploskie-tipa-gp2-latun-nikel                
                             irovannaya/gayka-latunnaya-gp2l-m-1                
                             2kh1-5-zeta/ "HTTP/1.1 200 OK"                     
                    INFO     HTTP Request: GET                   _client.py:1740
                             https://www.chipdip.ru/product/gayk                
                             a-latunnaya-gp2l-m-12x1-5-gofromati                
                             k-8049178606 "HTTP/1.1 403                         
                             Forbidden"                                         
[09/17/26 09:43:08] INFO     HTTP Request: POST                  _client.py:1740
                             https://html.duckduckgo.com/html                   
                             "HTTP/1.1 200 OK"                                  
[09/17/26 09:43:10] INFO     HTTP Request: GET                   _client.py:1740
                             https://www.toketm.ru/catalog/shchi                
                             tovoe_oborudovanie/elementy_dlya_us                
                             tanovki_oborudovaniya_i_prokladki_k                
                             abelya/kabelnye_vvody_i_salniki/aks                
                             essuary_dlya_kabelnykh_vvodov_i_sal                
                             nikov/785643/ "HTTP/1.1 200 OK"                    
[09/17/26 09:43:11] INFO     HTTP Request: GET                   _client.py:1740
                             https://remitek.ru/goods_gayka-latu                
                             nnaya-gp2l-m--14h1-5-ploskaya-ustan                
                             ovochnaya-231754.htm "HTTP/1.1 200                 
                             OK"                                                
[09/17/26 09:43:12] INFO     HTTP Request: GET                   _client.py:1740
                             https://remitek.ru/goods_gayka-latu                
                             nnaya-gp2l-npt-1-1-2-ploskaya-ustan                
                             ovochnaya-230794.htm "HTTP/1.1 200                 
                             OK"                                                
[09/17/26 09:43:15] INFO     HTTP Request: POST                  _client.py:1740
                             https://html.duckduckgo.com/html                   
                             "HTTP/1.1 200 OK"                                  
                    INFO     HTTP Request: GET                   _client.py:1740
                             https://nzeta.ru/catalog/aksessuary                
                             -dlya-kabelnykh-vvodov-i-fitingov_1                
                             /gayki-ploskie-tipa-gp2-latun-nikel                
                             irovannaya/gayka-latunnaya-gp2l-m16                
                             kh1-5-zeta/ "HTTP/1.1 200 OK"                      
[09/17/26 09:43:16] INFO     HTTP Request: GET                   _client.py:1740
                             https://www.zkabel.ru/catalog/kabel                
                             nye-vvody-i-komplektujushhie/gayki-                
                             dlya-kabelnykh-vvodov/gayki-ploskie                
                             -tipa-gp2/gayka-gp2l-m16kh1-5/                     
                             "HTTP/1.1 200 OK"                                  
[09/17/26 09:43:17] INFO     HTTP Request: GET                   _client.py:1740
                             https://www.chipdip.am/product/gayk                
                             a-latunnaya-gp2l-m-16x1-5-gofromati                
                             k-8049178607 "HTTP/1.1 404 Not                     
                             Found"                                             
[09/17/26 09:43:19] INFO     HTTP Request: POST                  _client.py:1740
                             https://html.duckduckgo.com/html                   
                             "HTTP/1.1 200 OK"                                  
[09/17/26 09:43:20] INFO     HTTP Request: GET                   _client.py:1740
                             https://nzeta.ru/catalog/aksessuary                
                             -dlya-kabelnykh-vvodov-i-fitingov_1                
                             /gayki-ploskie-tipa-gp2-latun-nikel                
                             irovannaya/gayka-gp2l-m18kh1-5-zeta                
                             / "HTTP/1.1 200 OK"                                
                    INFO     HTTP Request: GET                   _client.py:1740
                             https://www.zkabel.ru/catalog/kabel                
                             nye-vvody-i-komplektujushhie/gayki-                
                             dlya-kabelnykh-vvodov/gayki-ploskie                
                             -tipa-gp2/gayka-gp2l-m18kh1-5-zeta/                
                              "HTTP/1.1 200 OK"                                 
[09/17/26 09:43:21] INFO     HTTP Request: GET                   _client.py:1740
                             https://remitek.ru/goods_gayka-latu                
                             nnaya-gp2l-m--18h1-5-ploskaya-ustan                
                             ovochnaya-231755.htm "HTTP/1.1 200                 
                             OK"                                                
[09/17/26 09:43:24] INFO     HTTP Request: POST                  _client.py:1740
                             https://html.duckduckgo.com/html                   
                             "HTTP/1.1 200 OK"                                  
[09/17/26 09:43:25] INFO     HTTP Request: GET                   _client.py:1740
                             https://nzeta.ru/catalog/aksessuary                
                             -dlya-kabelnykh-vvodov-i-fitingov_1                
                             /gayki-ploskie-tipa-gp2-latun-nikel                
                             irovannaya/gayka-latunnaya-gp2l-m20                
                             kh1-5-zeta/ "HTTP/1.1 200 OK"                      
[09/17/26 09:43:26] INFO     HTTP Request: GET                   _client.py:1740
                             https://www.zkabel.ru/catalog/kabel                
                             nye-vvody-i-komplektujushhie/gayki-                
                             dlya-kabelnykh-vvodov/gayki-ploskie                
                             -tipa-gp2/gayka-gp2l-m20kh1-5/                     
                             "HTTP/1.1 200 OK"                                  
                    INFO     HTTP Request: GET                   _client.py:1740
                             https://www.chipdip.ru/product/gayk                
                             a-latunnaya-gp2l-m-20x1-5-gofromati                
                             k-8049178608 "HTTP/1.1 403                         
                             Forbidden"                                         
[09/17/26 09:43:28] INFO     HTTP Request: POST                  _client.py:1740
                             https://html.duckduckgo.com/html                   
                             "HTTP/1.1 200 OK"                                  
[09/17/26 09:43:31] INFO     HTTP Request: GET                   _client.py:1740
                             https://www.chipdip.ru/product/gayk                
                             a-latunnaya-gp2l-m-22x1-5-gofromati                
                             k-8049178609 "HTTP/1.1 403                         
                             Forbidden"                                         
[09/17/26 09:43:32] INFO     HTTP Request: GET                   _client.py:1740
                             https://nzeta.ru/catalog/aksessuary                
                             -dlya-kabelnykh-vvodov-i-fitingov_1                
                             /gayki-ploskie-tipa-gp2-latun-nikel                
                             irovannaya/gayka-gp2l-m22kh1-5-zeta                
                             / "HTTP/1.1 200 OK"                                
[09/17/26 09:43:36] INFO     HTTP Request: GET                   _client.py:1740
                             https://www.zkabel.ru/catalog/kabel                
                             nye-vvody-i-komplektujushhie/gayki-                
                             dlya-kabelnykh-vvodov/gayki-ploskie                
                             -tipa-gp2/gayka-gp2l-m22kh1-5-zeta/                
                              "HTTP/1.1 200 OK"                                 
[09/17/26 09:43:39] INFO     HTTP Request: POST                  _client.py:1740
                             https://html.duckduckgo.com/html                   
                             "HTTP/1.1 200 OK"                                  
                    INFO     HTTP Request: GET                   _client.py:1740
                             https://www.zkabel.ru/catalog/kabel                
                             nye-vvody-i-komplektujushhie/gayki-                
                             dlya-kabelnykh-vvodov/gayki-ploskie                
                             -tipa-gp2/gayka-gp2l-m24kh1-5-zeta/                
                              "HTTP/1.1 200 OK"                                 
[09/17/26 09:43:40] INFO     HTTP Request: GET                   _client.py:1740
                             https://nzeta.ru/catalog/aksessuary                
                             -dlya-kabelnykh-vvodov-i-fitingov_1                
                             /gayki-ploskie-tipa-gp2-latun-nikel                
                             irovannaya/gayka-gp2l-m24kh1-5-zeta                
                             / "HTTP/1.1 200 OK"                                
[09/17/26 09:43:41] INFO     HTTP Request: GET                   _client.py:1740
                             https://www.vseinstrumenti.ru/produ                
                             ct/gajka-latunnaya-zetarus-gp2l-m-2                
                             4h1-5-gofromatik-zeta33207-20780564                
                             / "HTTP/1.1 403 Forbidden"                         
[09/17/26 09:43:43] INFO     HTTP Request: POST                  _client.py:1740
                             https://html.duckduckgo.com/html                   
                             "HTTP/1.1 200 OK"                                  
[09/17/26 09:44:05] INFO     HTTP Request: GET                   _client.py:1740
                             https://www.zkabel.ru/catalog/kabel                
                             nye-vvody-i-komplektujushhie/gayki-                
                             dlya-kabelnykh-vvodov/gayki-ploskie                
                             -tipa-gp2/gayka-gp2l-m25kh1-5/                     
                             "HTTP/1.1 200 OK"                                  
                    INFO     HTTP Request: GET                   _client.py:1740
                             https://www.chipdip.ru/product/gayk                
                             a-latunnaya-gp2l-m-25x1-5-gofromati                
                             k-8049700478 "HTTP/1.1 403                         
                             Forbidden"                                         
[09/17/26 09:44:10] INFO     HTTP Request: GET                   _client.py:1740
                             https://nzeta.ru/catalog/aksessuary                
                             -dlya-kabelnykh-vvodov-i-fitingov_1                
                             /gayki-ploskie-tipa-gp2-latun-nikel                
                             irovannaya/gayka-latunnaya-gp2l-m25                
                             kh1-5-zeta/ "HTTP/1.1 200 OK"                      
[09/17/26 09:44:12] INFO     HTTP Request: POST                  _client.py:1740
                             https://html.duckduckgo.com/html                   
                             "HTTP/1.1 200 OK"                                  
[09/17/26 09:44:13] INFO     HTTP Request: GET                   _client.py:1740
                             https://www.vseinstrumenti.ru/produ                
                             ct/gajka-latunnaya-gofromatik-gp2l-                
                             m-27h1-5-zeta33209-22084568/                       
                             "HTTP/1.1 403 Forbidden"                           
                    INFO     HTTP Request: GET                   _client.py:1740
                             https://www.zkabel.ru/catalog/kabel                
                             nye-vvody-i-komplektujushhie/gayki-                
                             dlya-kabelnykh-vvodov/gayki-ploskie                
                             -tipa-gp2/gayka-gp2l-m27kh1-5-zeta/                
                              "HTTP/1.1 200 OK"                                 
[09/17/26 09:44:16] INFO     HTTP Request: GET                   _client.py:1740
                             https://nzeta.ru/catalog/aksessuary                
                             -dlya-kabelnykh-vvodov-i-fitingov_1                
                             /gayki-ploskie-tipa-gp2-latun-nikel                
                             irovannaya/gayka-gp2l-m27kh1-5-zeta                
                             / "HTTP/1.1 200 OK"                                
[09/17/26 09:44:19] INFO     HTTP Request: POST                  _client.py:1740
                             https://html.duckduckgo.com/html                   
                             "HTTP/1.1 200 OK"                                  
                    INFO     HTTP Request: GET                   _client.py:1740
                             https://nzeta.ru/catalog/aksessuary                
                             -dlya-kabelnykh-vvodov-i-fitingov_1                
                             /gayki-ploskie-tipa-gp2-latun-nikel                
                             irovannaya/gayka-gp2l-m30kh1-5-zeta                
                             / "HTTP/1.1 200 OK"                                
[09/17/26 09:44:20] INFO     HTTP Request: GET                   _client.py:1740
                             https://www.zkabel.ru/catalog/kabel                
                             nye-vvody-i-komplektujushhie/gayki-                
                             dlya-kabelnykh-vvodov/gayki-ploskie                
                             -tipa-gp2/gayka-gp2l-m30kh1-5-zeta/                
                              "HTTP/1.1 200 OK"                                 
[09/17/26 09:44:22] INFO     HTTP Request: GET                   _client.py:1740
                             https://remitek.ru/goods_gayka-latu                
                             nnaya-gp2l-m--30h1-5-ploskaya-ustan                
                             ovochnaya-231759.htm "HTTP/1.1 200                 
                             OK"                                                
[09/17/26 09:44:25] INFO     HTTP Request: POST                  _client.py:1740
                             https://html.duckduckgo.com/html                   
                             "HTTP/1.1 200 OK"                                  
[09/17/26 09:44:26] INFO     HTTP Request: GET                   _client.py:1740
                             https://www.chipdip.ru/product/gayk                
                             a-latunnaya-gp2l-m-32x1-5-gofromati                
                             k-8049178610 "HTTP/1.1 403                         
                             Forbidden"                                         
                    INFO     HTTP Request: GET                   _client.py:1740
                             https://nzeta.ru/catalog/aksessuary                
                             -dlya-kabelnykh-vvodov-i-fitingov_1                
                             /gayki-ploskie-tipa-gp2-latun-nikel                
                             irovannaya/gayka-latunnaya-gp2l-m32                
                             kh1-5-zeta/ "HTTP/1.1 200 OK"                      
[09/17/26 09:44:27] INFO     HTTP Request: GET                   _client.py:1740
                             https://remitek.ru/goods_gayka-latu                
                             nnaya-gp2l-m--32h1-5-ploskaya-ustan                
                             ovochnaya-230783.htm "HTTP/1.1 200                 
                             OK"                                                
[09/17/26 09:44:31] INFO     HTTP Request: POST                  _client.py:1740
                             https://html.duckduckgo.com/html                   
                             "HTTP/1.1 200 OK"                                  
                    INFO     HTTP Request: GET                   _client.py:1740
                             https://nzeta.ru/catalog/aksessuary                
                             -dlya-kabelnykh-vvodov-i-fitingov_1                
                             /gayki-ploskie-tipa-gp2-latun-nikel                
                             irovannaya/gayka-gp2l-m33kh1-5-zeta                
                             / "HTTP/1.1 200 OK"                                
[09/17/26 09:44:32] INFO     HTTP Request: GET                   _client.py:1740
                             https://electrical.ru/product/81991                
                             1-gayka-latunnaya-gp2l-m-33h1-5-gof                
                             romatik "HTTP/1.1 302 Moved                        
                             Temporarily"                                       
                    INFO     HTTP Request: GET                   _client.py:1740
                             https://electrical.ru/guard/captcha                
                             ?to=/product/819911-gayka-latunnaya                
                             -gp2l-m-33h1-5-gofromatik "HTTP/1.1                
                             200 OK"                                            
                    INFO     HTTP Request: GET                   _client.py:1740
                             https://remitek.ru/goods_gayka-latu                
                             nnaya-gp2l-m--33h1-5-ploskaya-ustan                
                             ovochnaya-231760.htm "HTTP/1.1 200                 
                             OK"                                                
[09/17/26 09:44:35] INFO     HTTP Request: POST                  _client.py:1740
                             https://html.duckduckgo.com/html                   
                             "HTTP/1.1 200 OK"                                  
                    INFO     HTTP Request: GET                   _client.py:1740
                             https://www.chipdip.by/product/gayk                
                             a-latunnaya-gp2l-m-36x1-5-gofromati                
                             k-8049178611 "HTTP/1.1 200 OK"                     
                    INFO     HTTP Request: GET                   _client.py:1740
                             https://www.chipdip.ru/product/gayk                
                             a-latunnaya-gp2l-m-36x1-5-gofromati                
                             k-8049178611 "HTTP/1.1 403                         
                             Forbidden"                                         
[09/17/26 09:44:40] INFO     HTTP Request: GET                   _client.py:1740
                             https://www.zkabel.ru/catalog/kabel                
                             nye-vvody-i-komplektujushhie/gayki-                
                             dlya-kabelnykh-vvodov/gayki-ploskie                
                             -tipa-gp2/gayka-gp2l-m36kh1-5-zeta/                
                              "HTTP/1.1 200 OK"                                 
[09/17/26 09:44:43] INFO     HTTP Request: POST                  _client.py:1740
                             https://html.duckduckgo.com/html                   
                             "HTTP/1.1 200 OK"                                  
                    INFO     HTTP Request: GET                   _client.py:1740
                             https://www.zkabel.ru/catalog/kabel                
                             nye-vvody-i-komplektujushhie/gayki-                
                             dlya-kabelnykh-vvodov/gayki-ploskie                
                             -tipa-gp2/gayka-gp2l-m37kh1-5-zeta/                
                              "HTTP/1.1 200 OK"                                 
[09/17/26 09:44:44] INFO     HTTP Request: GET                   _client.py:1740
                             https://nzeta.ru/catalog/aksessuary                
                             -dlya-kabelnykh-vvodov-i-fitingov_1                
                             /gayki-ploskie-tipa-gp2-latun-nikel                
                             irovannaya/gayka-gp2l-m37kh1-5-zeta                
                             / "HTTP/1.1 200 OK"                                
[09/17/26 09:45:05] INFO     HTTP Request: GET                   _client.py:1740
                             https://remitek.ru/goods_gayka-latu                
                             nnaya-gp2l-m--37h1-5-ploskaya-ustan                
                             ovochnaya-231762.htm "HTTP/1.1 200                 
                             OK"                                                
[09/17/26 09:45:08] INFO     HTTP Request: POST                  _client.py:1740
                             https://html.duckduckgo.com/html                   
                             "HTTP/1.1 200 OK"                                  
                    INFO     HTTP Request: GET                   _client.py:1740
                             https://www.chipdip.ru/product/gayk                
                             a-latunnaya-gp2l-m-40x1-5-gofromati                
                             k-8049178612 "HTTP/1.1 403                         
                             Forbidden"                                         
[09/17/26 09:45:10] INFO     HTTP Request: GET                   _client.py:1740
                             https://www.zkabel.ru/catalog/kabel                
                             nye-vvody-i-komplektujushhie/gayki-                
                             dlya-kabelnykh-vvodov/gayki-ploskie                
                             -tipa-gp2/gayka-gp2l-m40kh1-5/                     
                             "HTTP/1.1 200 OK"                                  
[09/17/26 09:45:13] INFO     HTTP Request: GET                   _client.py:1740
                             https://www.chipdip.kz/product/gayk                
                             a-latunnaya-gp2l-m-40x1-5-gofromati                
                             k-8049178612 "HTTP/1.1 404 Not                     
                             Found"                                             
[09/17/26 09:45:16] INFO     HTTP Request: POST                  _client.py:1740
                             https://html.duckduckgo.com/html                   
                             "HTTP/1.1 200 OK"                                  
                    INFO     HTTP Request: GET                   _client.py:1740
                             https://nzeta.ru/catalog/aksessuary                
                             -dlya-kabelnykh-vvodov-i-fitingov_1                
                             /gayki-ploskie-tipa-gp2-latun-nikel                
                             irovannaya/gayka-gp2l-m42kh1-5-zeta                
                             / "HTTP/1.1 200 OK"                                
[09/17/26 09:45:17] INFO     HTTP Request: GET                   _client.py:1740
                             https://www.zkabel.ru/catalog/kabel                
                             nye-vvody-i-komplektujushhie/gayki-                
                             dlya-kabelnykh-vvodov/gayki-ploskie                
                             -tipa-gp2/gayka-gp2l-m42kh1-5-zeta/                
                              "HTTP/1.1 200 OK"                                 
[09/17/26 09:45:20] INFO     HTTP Request: GET                   _client.py:1740
                             https://remitek.ru/goods_gayka-latu                
                             nnaya-gp2l-m--42h1-5-ploskaya-ustan                
                             ovochnaya-231763.htm "HTTP/1.1 200                 
                             OK"                                                
[09/17/26 09:45:22] INFO     HTTP Request: POST                  _client.py:1740
                             https://html.duckduckgo.com/html                   
                             "HTTP/1.1 200 OK"                                  
[09/17/26 09:45:23] INFO     HTTP Request: GET                   _client.py:1740
                             https://nzeta.ru/catalog/aksessuary                
                             -dlya-kabelnykh-vvodov-i-fitingov_1                
                             /gayki-ploskie-tipa-gp2-latun-nikel                
                             irovannaya/gayka-gp2l-m47kh1-5-zeta                
                             / "HTTP/1.1 200 OK"                                
[09/17/26 09:45:25] INFO     HTTP Request: GET                   _client.py:1740
                             https://www.zkabel.ru/catalog/kabel                
                             nye-vvody-i-komplektujushhie/gayki-                
                             dlya-kabelnykh-vvodov/gayki-ploskie                
                             -tipa-gp2/gayka-gp2l-m47kh1-5-zeta/                
                              "HTTP/1.1 200 OK"                                 
[09/17/26 09:45:26] INFO     HTTP Request: GET                   _client.py:1740
                             https://www.vseinstrumenti.ru/produ                
                             ct/gajka-latunnaya-gofromatik-gp2l-                
                             m-47h1-5-zeta33217-22083200/                       
                             "HTTP/1.1 403 Forbidden"                           
[09/17/26 09:45:28] INFO     HTTP Request: POST                  _client.py:1740
                             https://html.duckduckgo.com/html                   
                             "HTTP/1.1 200 OK"                                  
[09/17/26 09:45:29] INFO     HTTP Request: GET                   _client.py:1740
                             https://nzeta.ru/catalog/aksessuary                
                             -dlya-kabelnykh-vvodov-i-fitingov_1                
                             /gayki-ploskie-tipa-gp2-latun-nikel                
                             irovannaya/gayka-gp2l-m48kh1-5-zeta                
                             / "HTTP/1.1 200 OK"                                
[09/17/26 09:45:30] INFO     HTTP Request: GET                   _client.py:1740
                             https://www.zkabel.ru/catalog/kabel                
                             nye-vvody-i-komplektujushhie/gayki-                
                             dlya-kabelnykh-vvodov/gayki-ploskie                
                             -tipa-gp2/gayka-gp2l-m48kh1-5-zeta/                
                              "HTTP/1.1 200 OK"                                 
[09/17/26 09:45:31] INFO     HTTP Request: GET                   _client.py:1740
                             https://remitek.ru/goods_gayka-latu                
                             nnaya-gp2l-m--48h1-5-ploskaya-ustan                
                             ovochnaya-231765.htm "HTTP/1.1 200                 
                             OK"                                                
[09/17/26 09:45:34] INFO     HTTP Request: POST                  _client.py:1740
                             https://html.duckduckgo.com/html                   
                             "HTTP/1.1 200 OK"                                  
[09/17/26 09:45:35] INFO     HTTP Request: GET                   _client.py:1740
                             https://www.chipdip.ru/product/gayk                
                             a-latunnaya-gp2l-m-50x1-5-gofromati                
                             k-8049178613 "HTTP/1.1 403                         
                             Forbidden"                                         
                    INFO     HTTP Request: GET                   _client.py:1740
                             https://www.zkabel.ru/catalog/kabel                
                             nye-vvody-i-komplektujushhie/gayki-                
                             dlya-kabelnykh-vvodov/gayki-ploskie                
                             -tipa-gp2/gayka-gp2l-m50kh1-5/                     
                             "HTTP/1.1 200 OK"                                  
[09/17/26 09:45:36] INFO     HTTP Request: GET                   _client.py:1740
                             https://nzeta.ru/catalog/aksessuary                
                             -dlya-kabelnykh-vvodov-i-fitingov_1                
                             /gayki-ploskie-tipa-gp2-latun-nikel                
                             irovannaya/gayka-latunnaya-gp2l-m50                
                             kh1-5-zeta/ "HTTP/1.1 200 OK"                      
[09/17/26 09:45:38] INFO     HTTP Request: POST                  _client.py:1740
                             https://html.duckduckgo.com/html                   
                             "HTTP/1.1 200 OK"                                  
[09/17/26 09:45:39] INFO     HTTP Request: GET                   _client.py:1740
                             https://nzeta.ru/catalog/aksessuary                
                             -dlya-kabelnykh-vvodov-i-fitingov_1                
                             /gayki-ploskie-tipa-gp2-latun-nikel                
                             irovannaya/gayka-gp2l-m54kh1-5-zeta                
                             / "HTTP/1.1 200 OK"                                
                    INFO     HTTP Request: GET                   _client.py:1740
                             https://www.vseinstrumenti.ru/produ                
                             ct/gajka-latunnaya-gofromatik-gp2l-                
                             m-54h1-5-zeta33220-22083152/                       
                             "HTTP/1.1 403 Forbidden"                           
[09/17/26 09:45:43] INFO     HTTP Request: GET                   _client.py:1740
                             https://www.zkabel.ru/catalog/kabel                
                             nye-vvody-i-komplektujushhie/gayki-                
                             dlya-kabelnykh-vvodov/gayki-ploskie                
                             -tipa-gp2/gayka-gp2l-m54kh1-5-zeta/                
                              "HTTP/1.1 200 OK"                                 
[09/17/26 09:45:47] INFO     HTTP Request: POST                  _client.py:1740
                             https://html.duckduckgo.com/html                   
                             "HTTP/1.1 200 OK"                                  
                    INFO     HTTP Request: GET                   _client.py:1740
                             https://www.zkabel.ru/catalog/kabel                
                             nye-vvody-i-komplektujushhie/gayki-                
                             dlya-kabelnykh-vvodov/gayki-ploskie                
                             -tipa-gp2/gayka-gp2l-m60kh1-5-zeta/                
                              "HTTP/1.1 200 OK"                                 
[09/17/26 09:46:05] INFO     HTTP Request: GET                   _client.py:1740
                             https://nzeta.ru/catalog/aksessuary                
                             -dlya-kabelnykh-vvodov-i-fitingov_1                
                             /gayki-ploskie-tipa-gp2-latun-nikel                
                             irovannaya/gayka-gp2l-m60kh1-5-zeta                
                             / "HTTP/1.1 200 OK"                                
[09/17/26 09:46:08] INFO     HTTP Request: GET                   _client.py:1740
                             https://electrical.ru/product/90239                
                             9-gayka-latunnaya-gp2l-m-60h1-5-gof                
                             romatik "HTTP/1.1 302 Moved                        
                             Temporarily"                                       
                    INFO     HTTP Request: GET                   _client.py:1740
                             https://electrical.ru/guard/captcha                
                             ?to=/product/902399-gayka-latunnaya                
                             -gp2l-m-60h1-5-gofromatik "HTTP/1.1                
                             200 OK"                                            
[09/17/26 09:46:11] INFO     HTTP Request: POST                  _client.py:1740
                             https://html.duckduckgo.com/html                   
                             "HTTP/1.1 200 OK"                                  
                    INFO     HTTP Request: GET                   _client.py:1740
                             https://www.zkabel.ru/catalog/kabel                
                             nye-vvody-i-komplektujushhie/gayki-                
                             dlya-kabelnykh-vvodov/gayki-ploskie                
                             -tipa-gp2/gayka-latunnaya-gp2l-m-63                
                             kh1-5-zeta/ "HTTP/1.1 200 OK"                      
[09/17/26 09:46:13] INFO     HTTP Request: GET                   _client.py:1740
                             https://remitek.ru/goods_gayka-latu                
                             nnaya-gp2l-m--63h1-5-ploskaya-ustan                
                             ovochnaya-231768.htm "HTTP/1.1 200                 
                             OK"                                                
[09/17/26 09:46:16] INFO     HTTP Request: GET                   _client.py:1740
                             https://www.chipdip.ru/product/gayk                
                             a-latunnaya-gp2l-m-63x1-5-gofromati                
                             k-8049178614 "HTTP/1.1 403                         
                             Forbidden"                                         
[09/17/26 09:46:19] INFO     HTTP Request: POST                  _client.py:1740
                             https://html.duckduckgo.com/html                   
                             "HTTP/1.1 200 OK"                                  
                    INFO     HTTP Request: GET                   _client.py:1740
                             https://nzeta.ru/catalog/aksessuary                
                             -dlya-kabelnykh-vvodov-i-fitingov_1                
                             /gayki-ploskie-tipa-gp2-latun-nikel                
                             irovannaya/gayka-gp2l-m64kh2-zeta/                 
                             "HTTP/1.1 200 OK"                                  
[09/17/26 09:46:20] INFO     HTTP Request: GET                   _client.py:1740
                             https://remitek.ru/goods_gayka-latu                
                             nnaya-gp2l-m--64h2-ploskaya-ustanov                
                             ochnaya-231769.htm "HTTP/1.1 200                   
                             OK"                                                
[09/17/26 09:46:23] INFO     HTTP Request: GET                   _client.py:1740
                             https://www.vseinstrumenti.ru/produ                
                             ct/gajka-latunnaya-gofromatik-gp2l-                
                             m-64h2-zeta33223-22083218/                         
                             "HTTP/1.1 403 Forbidden"                           
[09/17/26 09:46:26] INFO     HTTP Request: POST                  _client.py:1740
                             https://html.duckduckgo.com/html                   
                             "HTTP/1.1 200 OK"                                  
                    INFO     HTTP Request: GET                   _client.py:1740
                             https://www.texenergo.ru/catalog/it                
                             em.html/te00424444 "HTTP/1.1 200                   
                             OK"                                                
[09/17/26 09:46:27] INFO     HTTP Request: GET                   _client.py:1740
                             https://online.el-com.ru/product/19                
                             d744c9-c1f8-11ea-aad6-005056803666                 
                             "HTTP/1.1 200 OK"                                  
[09/17/26 09:46:29] INFO     HTTP Request: GET                   _client.py:1740
                             https://remitek.ru/goods_gayka-latu                
                             nnaya-gp2l-m--72h2-ploskaya-ustanov                
                             ochnaya-231770.htm "HTTP/1.1 200                   
                             OK"                                                
[09/17/26 09:46:32] INFO     HTTP Request: POST                  _client.py:1740
                             https://html.duckduckgo.com/html                   
                             "HTTP/1.1 200 OK"                                  
                    INFO     HTTP Request: GET                   _client.py:1740
                             https://nzeta.ru/catalog/aksessuary                
                             -dlya-kabelnykh-vvodov-i-fitingov_1                
                             /gayki-ploskie-tipa-gp2-latun-nikel                
                             irovannaya/gayka-gp2l-m75kh2-zeta/                 
                             "HTTP/1.1 200 OK"                                  
[09/17/26 09:46:33] INFO     HTTP Request: GET                   _client.py:1740
                             https://electrical.ru/product/87834                
                             6-gayka-latunnaya-gp2l-m-75h2-gofro                
                             matik "HTTP/1.1 302 Moved                          
                             Temporarily"                                       
                    INFO     HTTP Request: GET                   _client.py:1740
                             https://electrical.ru/guard/captcha                
                             ?to=/product/878346-gayka-latunnaya                
                             -gp2l-m-75h2-gofromatik "HTTP/1.1                  
                             200 OK"                                            
[09/17/26 09:46:35] INFO     HTTP Request: GET                   _client.py:1740
                             https://www.zkabel.ru/catalog/kabel                
                             nye-vvody-i-komplektujushhie/gayki-                
                             dlya-kabelnykh-vvodov/gayki-ploskie                
                             -tipa-gp2/gayka-gp2l-m75kh2-zeta/                  
                             "HTTP/1.1 200 OK"                                  
[09/17/26 09:46:38] INFO     HTTP Request: POST                  _client.py:1740
                             https://html.duckduckgo.com/html                   
                             "HTTP/1.1 200 OK"                                  
                    INFO     HTTP Request: GET                   _client.py:1740
                             https://nzeta.ru/catalog/aksessuary                
                             -dlya-kabelnykh-vvodov-i-fitingov_1                
                             /gayki-ploskie-tipa-gp2-latun-nikel                
                             irovannaya/gayka-gp2l-m80kh2-zeta/                 
                             "HTTP/1.1 200 OK"                                  
[09/17/26 09:46:39] INFO     HTTP Request: GET                   _client.py:1740
                             https://electrical.ru/product/87776                
                             7-gayka-latunnaya-gp2l-m-80h2-gofro                
                             matik "HTTP/1.1 302 Moved                          
                             Temporarily"                                       
                    INFO     HTTP Request: GET                   _client.py:1740
                             https://electrical.ru/guard/captcha                
                             ?to=/product/877767-gayka-latunnaya                
                             -gp2l-m-80h2-gofromatik "HTTP/1.1                  
                             200 OK"                                            
[09/17/26 09:46:40] INFO     HTTP Request: GET                   _client.py:1740
                             https://www.zkabel.ru/catalog/kabel                
                             nye-vvody-i-komplektujushhie/gayki-                
                             dlya-kabelnykh-vvodov/gayki-ploskie                
                             -tipa-gp2/gayka-gp2l-m80kh2-zeta/                  
                             "HTTP/1.1 200 OK"                                  
[09/17/26 09:46:43] INFO     HTTP Request: POST                  _client.py:1740
                             https://html.duckduckgo.com/html                   
                             "HTTP/1.1 200 OK"                                  
                    INFO     HTTP Request: GET                   _client.py:1740
                             https://www.zkabel.ru/catalog/kabel                
                             nye-vvody-i-komplektujushhie/gayki-                
                             dlya-kabelnykh-vvodov/gayki-ploskie                
                             -tipa-gp2/gayka-gp2l-m100kh2-zeta/                 
                             "HTTP/1.1 200 OK"                                  
[09/17/26 09:46:44] INFO     HTTP Request: GET                   _client.py:1740
                             https://nzeta.ru/catalog/aksessuary                
                             -dlya-kabelnykh-vvodov-i-fitingov_1                
                             /gayki-ploskie-tipa-gp2-latun-nikel                
                             irovannaya/gayka-gp2l-m100kh2-zeta/                
                              "HTTP/1.1 200 OK"                                 
[09/17/26 09:46:48] INFO     HTTP Request: GET                   _client.py:1740
                             https://www.texenergo.ru/catalog/it                
                             em.html/te00424448 "HTTP/1.1 200                   
                             OK"                                                
[09/17/26 09:46:50] INFO     HTTP Request: POST                  _client.py:1740
                             https://html.duckduckgo.com/html                   
                             "HTTP/1.1 200 OK"                                  
[09/17/26 09:47:05] INFO     HTTP Request: GET                   _client.py:1740
                             https://nzeta.ru/catalog/aksessuary                
                             -dlya-kabelnykh-vvodov-i-fitingov_1                
                             /gayki-ploskie-tipa-gp2-latun-nikel                
                             irovannaya/gayka-gp2l-m88kh2-zeta/                 
                             "HTTP/1.1 200 OK"                                  
[09/17/26 09:47:08] INFO     HTTP Request: GET                   _client.py:1740
                             https://www.vseinstrumenti.ru/produ                
                             ct/gajka-latunnaya-gofromatik-gp2l-                
                             m-88h2-zeta33227-21881882/                         
                             "HTTP/1.1 403 Forbidden"                           
[09/17/26 09:47:12] INFO     HTTP Request: GET                   _client.py:1740
                             https://www.texenergo.ru/catalog/it                
                             em.html/te00424447 "HTTP/1.1 200                   
                             OK"                                                
[09/17/26 09:47:14] INFO     HTTP Request: POST                  _client.py:1740
                             https://html.duckduckgo.com/html                   
                             "HTTP/1.1 200 OK"                                  
[09/17/26 09:47:15] INFO     HTTP Request: GET                   _client.py:1740
                             https://www.etm.ru/cat/nn/960461                   
                             "HTTP/1.1 444 "                                    
[09/17/26 09:47:16] INFO     HTTP Request: GET                   _client.py:1740
                             https://www.texenergo.ru/catalog/it                
                             em.html/te00445604 "HTTP/1.1 200                   
                             OK"                                                
[09/17/26 09:47:19] INFO     HTTP Request: GET                   _client.py:1740
                             https://www.etm.ru/cat/nn/6715127                  
                             "HTTP/1.1 444 "                                    
[09/17/26 09:47:22] INFO     HTTP Request: POST                  _client.py:1740
                             https://html.duckduckgo.com/html                   
                             "HTTP/1.1 200 OK"                                  
                    INFO     HTTP Request: GET                   _client.py:1740
                             https://www.texenergo.ru/catalog/it                
                             em.html/te00010574 "HTTP/1.1 200                   
                             OK"                                                
[09/17/26 09:47:23] INFO     HTTP Request: GET                   _client.py:1740
                             https://www.etm.ru/cat/nn/4910774                  
                             "HTTP/1.1 444 "                                    
[09/17/26 09:47:26] INFO     HTTP Request: GET                   _client.py:1740
                             https://www.etm.ru/cat/nn/960461                   
                             "HTTP/1.1 444 "                                    
[09/17/26 09:47:29] INFO     HTTP Request: POST                  _client.py:1740
                             https://html.duckduckgo.com/html                   
                             "HTTP/1.1 200 OK"                                  
                    INFO     HTTP Request: GET                   _client.py:1740
                             https://www.texenergo.ru/catalog/it                
                             em.html/te00421402 "HTTP/1.1 200                   
                             OK"                                                
[09/17/26 09:48:00] INFO     HTTP Request: GET                   _client.py:1740
                             https://avtarkia.com/catalog/item/r                
                             azyom-rvsh-32-001-ukhl4-32a-ou-cher                
                             nyy-latunnye-kontakty "HTTP/1.1 200                
                             OK"                                                
[09/17/26 09:48:03] INFO     HTTP Request: POST                  _client.py:1740
                             https://html.duckduckgo.com/html                   
                             "HTTP/1.1 200 OK"                                  
[09/17/26 09:48:04] INFO     HTTP Request: GET                   _client.py:1740
                             https://www.texenergo.ru/catalog/it                
                             em.html/te00421403 "HTTP/1.1 200                   
                             OK"                                                
[09/17/26 09:48:05] INFO     HTTP Request: GET                   _client.py:1740
                             https://svet-spb.com/product/jelekt                
                             romontazhnye-izdelija/soediniteli-e                
                             lektricheskie/soedinitel-jelektrich                
                             eskij-sje-rvsh-32-002-uhl4/                        
                             "HTTP/1.1 200 OK"                                  
[09/17/26 09:48:07] INFO     HTTP Request: GET                   _client.py:1740
                             https://svet-vitebsk.by/product/cat                
                             alog/elektroustanovochnye-izdeliya/                
                             soediniteli-elektricheskie/soedinit                
                             el-jelektricheskij-sje-rvsh-32-002-                
                             uhl4/ "HTTP/1.1 200 OK"                            
[09/17/26 09:48:09] INFO     HTTP Request: POST                  _client.py:1740
                             https://html.duckduckgo.com/html                   
                             "HTTP/1.1 200 OK"                                  
[09/17/26 09:48:10] INFO     HTTP Request: GET                   _client.py:1740
                             https://avs.by/product/soedinitel-e                
                             lektricheskiy-se-rvsh-32-003-ukhl4-                
                             1234648925 "HTTP/1.1 200 OK"                       
                    INFO     HTTP Request: GET                   _client.py:1740
                             https://www.chipdip.ru/product/soed                
                             initel-se-rvsh-32-003-uhl4-svet-800                
                             9345879 "HTTP/1.1 403 Forbidden"                   
                    INFO     HTTP Request: GET                   _client.py:1740
                             https://svet-vitebsk.by/product/cat                
                             alog/elektroustanovochnye-izdeliya/                
                             soediniteli-elektricheskie/soedinit                
                             el-jelektricheskij-sje-rvsh-32-003-                
                             uhl4-2/ "HTTP/1.1 200 OK"                          
[09/17/26 09:48:13] INFO     HTTP Request: POST                  _client.py:1740
                             https://html.duckduckgo.com/html                   
                             "HTTP/1.1 200 OK"                                  
[09/17/26 09:48:14] INFO     HTTP Request: GET                   _client.py:1740
                             https://www.texenergo.ru/catalog/it                
                             em.html/te00135089 "HTTP/1.1 200                   
                             OK"                                                
[09/17/26 09:48:19] INFO     HTTP Request: GET                   _client.py:1740
                             https://www.attrade.by/catalog/silo                
                             vye-vilkie-rozetkie-raz-emy/6959-ra                
                             zaiom-rsh-vsh-30-32a-4-shtirk-krugl                
                             -380v "HTTP/1.1 200 OK"                            
[09/17/26 09:48:20] INFO     HTTP Request: GET                   _client.py:1740
                             https://avtarkia.com/catalog/item/r                
                             azyom-rsh-vsh-30-32a-380v-4-shtyrka                
                              "HTTP/1.1 200 OK"                                 
[09/17/26 09:48:23] INFO     HTTP Request: POST                  _client.py:1740
                             https://html.duckduckgo.com/html                   
                             "HTTP/1.1 200 OK"                                  
                    INFO     HTTP Request: GET                   _client.py:1740
                             https://www.etm.ru/cat/nn/7770754                  
                             "HTTP/1.1 444 "                                    
[09/17/26 09:48:24] INFO     HTTP Request: GET                   _client.py:1740
                             https://nzeta.ru/catalog/korobki-kl                
                             emmnye/klemmnye/korobki-klemmnye-kz                
                             ns/korobka-s-zazhimami-nabornymi-kz                
                             ns-08-ukhl1-5-ip65-latunnyy-vvod-ze                
                             ta/ "HTTP/1.1 200 OK"                              
[09/17/26 09:48:25] INFO     HTTP Request: GET                   _client.py:1740
                             https://www.tinko.ru/catalog/produc                
                             t/278849/ "HTTP/1.1 200 OK"                        
[09/17/26 09:48:28] INFO     HTTP Request: POST                  _client.py:1740
                             https://html.duckduckgo.com/html                   
                             "HTTP/1.1 200 OK"                                  
                    INFO     HTTP Request: GET                   _client.py:1740
                             https://www.etm.ru/cat/nn/5359482                  
                             "HTTP/1.1 444 "                                    
                    INFO     HTTP Request: GET                   _client.py:1740
                             https://www.zkabel.ru/catalog/korob                
                             ki-klemmnye/klemmnye/korobki-klemmn                
                             ye-kzns/korobka-s-zazhimami-naborny                
                             mi-kzns-16-ukhl1-5-ip65-latunnyy-vv                
                             od-zeta/ "HTTP/1.1 200 OK"                         
[09/17/26 09:48:29] INFO     HTTP Request: GET                   _client.py:1740
                             https://nzeta.ru/catalog/korobki-kl                
                             emmnye/klemmnye/korobki-klemmnye-kz                
                             ns/korobka-s-zazhimami-nabornymi-kz                
                             ns-16-ukhl1-5-ip65-latunnyy-vvod-ze                
                             ta/ "HTTP/1.1 200 OK"                              
[09/17/26 09:48:32] INFO     HTTP Request: POST                  _client.py:1740
                             https://html.duckduckgo.com/html                   
                             "HTTP/1.1 200 OK"                                  
                    INFO     HTTP Request: GET                   _client.py:1740
                             https://www.zkabel.ru/catalog/korob                
                             ki-klemmnye/klemmnye/korobki-klemmn                
                             ye-kzns/korobka-s-zazhimami-naborny                
                             mi-kzns-32-ukhl1-5-ip65-latunnyy-vv                
                             od-zeta/ "HTTP/1.1 200 OK"                         
[09/17/26 09:48:33] INFO     HTTP Request: GET                   _client.py:1740
                             https://www.chipdip.ru/product/koro                
                             bka-s-zazhimami-nabornymi-kzns-32-u                
                             hl1-5-gofromatik-8049178544                        
                             "HTTP/1.1 403 Forbidden"                           
[09/17/26 09:48:34] INFO     HTTP Request: GET                   _client.py:1740
                             https://nzeta.ru/catalog/korobki-kl                
                             emmnye/klemmnye/korobki-klemmnye-kz                
                             ns/korobka-s-zazhimami-nabornymi-kz                
                             ns-32-ukhl1-5-ip65-latunnyy-vvod-ze                
                             ta/ "HTTP/1.1 200 OK"                              
[09/17/26 09:48:36] INFO     HTTP Request: POST                  _client.py:1740
                             https://html.duckduckgo.com/html                   
                             "HTTP/1.1 200 OK"                                  
                    INFO     HTTP Request: GET                   _client.py:1740
                             https://www.chipdip.ru/product/koro                
                             bka-s-zazhimami-nabornymi-kzns-48-u                
                             hl-1-5-gofromatik-8049178563                       
                             "HTTP/1.1 403 Forbidden"                           
[09/17/26 09:49:00] INFO     HTTP Request: GET                   _client.py:1740
                             https://www.etm.ru/cat/nn/5146565                  
                             "HTTP/1.1 444 "                                    
[09/17/26 09:49:04] INFO     HTTP Request: GET                   _client.py:1740
                             https://remitek.ru/goods_korobka-s-                
                             zazhimami-nabornyimi-kzns-48-uhl-1-                
                             5-ip65-latunnyiy-vvod-231242.htm                   
                             "HTTP/1.1 200 OK"                                  
[09/17/26 09:49:07] INFO     HTTP Request: POST                  _client.py:1740
                             https://html.duckduckgo.com/html                   
                             "HTTP/1.1 200 OK"                                  
[09/17/26 09:49:08] INFO     HTTP Request: GET                   _client.py:1740
                             https://nzeta.ru/catalog/korobki-kl                
                             emmnye/klemmnye/korobki-montazhnye-                
                             km/korobka-montazhnaya-km-65-10-ukh                
                             l1-5-ip65-latunnyy-vvod-zeta/                      
                             "HTTP/1.1 200 OK"                                  
                    INFO     HTTP Request: GET                   _client.py:1740
                             https://www.zkabel.ru/catalog/korob                
                             ki-klemmnye/klemmnye/km-43-km-65/ko                
                             robka-montazhnaya-km-65-10-ukhl1-5-                
                             ip65-latunnyy-vvod-zeta/ "HTTP/1.1                 
                             200 OK"                                            
[09/17/26 09:49:10] INFO     HTTP Request: GET                   _client.py:1740
                             https://www.chipdip.ru/product/koro                
                             bka-montazhnaya-km-65-10-uhl1-5-ip6                
                             5-gofromatik-8061305835 "HTTP/1.1                  
                             403 Forbidden"                                     
[09/17/26 09:49:12] INFO     HTTP Request: POST                  _client.py:1740
                             https://html.duckduckgo.com/html                   
                             "HTTP/1.1 200 OK"                                  
[09/17/26 09:49:13] INFO     HTTP Request: GET                   _client.py:1740
                             https://nzeta.ru/catalog/korobki-kl                
                             emmnye/klemmnye/korobki-montazhnye-                
                             km/korobka-montazhnaya-km-65-20-ukh                
                             l1-5-ip65-latunnyy-vvod-zeta/                      
                             "HTTP/1.1 200 OK"                                  
[09/17/26 09:49:14] INFO     HTTP Request: GET                   _client.py:1740
                             https://www.zkabel.ru/catalog/korob                
                             ki-klemmnye/klemmnye/km-43-km-65/ko                
                             robka-montazhnaya-km-65-20-ukhl1-5-                
                             ip65-latunnyy-vvod-zeta/ "HTTP/1.1                 
                             200 OK"                                            
                    INFO     HTTP Request: GET                   _client.py:1740
                             https://nzeta.ru/catalog/korobki-kl                
                             emmnye/klemmnye/korobki-montazhnye-                
                             km/korobka-montazhnaya-km-65-20-ukh                
                             l1-5-ip65-metallicheskie-zaglushki-                
                             zeta/ "HTTP/1.1 200 OK"                            
[09/17/26 09:49:18] INFO     HTTP Request: POST                  _client.py:1740
                             https://html.duckduckgo.com/html                   
                             "HTTP/1.1 200 OK"                                  
                    INFO     HTTP Request: GET                   _client.py:1740
                             https://nzeta.ru/catalog/korobki-kl                
                             emmnye/klemmnye/korobki-montazhnye-                
                             km/korobka-montazhnaya-km-65-40-ukh                
                             l1-5-latunnyy-vvod-ip65-zeta/                      
                             "HTTP/1.1 200 OK"                                  
[09/17/26 09:49:20] INFO     HTTP Request: GET                   _client.py:1740
                             https://www.zkabel.ru/catalog/korob                
                             ki-klemmnye/klemmnye/km-43-km-65/ko                
                             robka-montazhnaya-km-65-40-ukhl1-5-                
                             latunnyy-vvod-ip65-zeta/ "HTTP/1.1                 
                             200 OK"                                            
[09/17/26 09:49:23] INFO     HTTP Request: GET                   _client.py:1740
                             https://www.texenergo.ru/catalog/it                
                             em.html/te00427839 "HTTP/1.1 200                   
                             OK"                                                
[09/17/26 09:49:26] INFO     HTTP Request: POST                  _client.py:1740
                             https://html.duckduckgo.com/html                   
                             "HTTP/1.1 200 OK"                                  
[09/17/26 09:49:27] INFO     HTTP Request: GET                   _client.py:1740
                             https://www.zkabel.ru/catalog/korob                
                             ki-klemmnye/klemmnye/korobki-soedin                
                             itelnye-ks/korobka-soedinitelnaya-k                
                             s-10-ukhl1-5-ip65-latunnyy-vvod-zet                
                             a/ "HTTP/1.1 200 OK"                               
                    INFO     HTTP Request: GET                   _client.py:1740
                             https://www.etm.ru/cat/nn/2904509                  
                             "HTTP/1.1 444 "                                    
[09/17/26 09:49:28] INFO     HTTP Request: GET                   _client.py:1740
                             https://www.texenergo.ru/catalog/it                
                             em.html/te00427854 "HTTP/1.1 200                   
                             OK"                                                
[09/17/26 09:49:31] INFO     HTTP Request: POST                  _client.py:1740
                             https://html.duckduckgo.com/html                   
                             "HTTP/1.1 200 OK"                                  
                    INFO     HTTP Request: GET                   _client.py:1740
                             https://www.chipdip.ru/product/koro                
                             bka-soedinitelnaya-ks-20-uhl1-5-ip6                
                             5-gofromatik-8049178559 "HTTP/1.1                  
                             403 Forbidden"                                     
[09/17/26 09:49:32] INFO     HTTP Request: GET                   _client.py:1740
                             https://nzeta.ru/catalog/korobki-kl                
                             emmnye/klemmnye/korobki-soediniteln                
                             ye-ks/korobka-soedinitelnaya-ks-20-                
                             ukhl1-5-ip65-latunnyy-vvod-zeta/                   
                             "HTTP/1.1 200 OK"                                  
                    INFO     HTTP Request: GET                   _client.py:1740
                             https://www.etm.ru/cat/nn/4200452                  
                             "HTTP/1.1 444 "                                    
[09/17/26 09:49:45] INFO     HTTP Request: POST                  _client.py:1740
                             https://html.duckduckgo.com/html                   
                             "HTTP/1.1 200 OK"                                  
                    INFO     HTTP Request: GET                   _client.py:1740
                             https://lunda.ru/catalog/category/c                
                             13261/product/gilza-mbt-ridan_11174                
                             2/item/g4242.html "HTTP/1.1 401                    
                             Unauthorized"                                      
                    INFO     HTTP Request: GET                   _client.py:1740
                             https://lunda.ru/catalog/category/c                
                             13261/product/gilza-mbt-ridan_11174                
                             2.html "HTTP/1.1 401 Unauthorized"                 
[09/17/26 09:49:46] INFO     HTTP Request: GET                   _client.py:1740
                             https://lunda.kz/catalog/category/c                
                             13261/product/gilza-mbt-ridan_11174                
                             2/item/g4242.html "HTTP/1.1 200 OK"                
[09/17/26 09:49:50] INFO     HTTP Request: POST                  _client.py:1740
                             https://html.duckduckgo.com/html                   
                             "HTTP/1.1 200 OK"                                  
[09/17/26 09:49:52] INFO     HTTP Request: POST                  _client.py:1740
                             https://html.duckduckgo.com/html                   
                             "HTTP/1.1 202 Accepted"                            
[09/17/26 09:49:55] INFO     HTTP Request: POST                  _client.py:1740
                             https://html.duckduckgo.com/html                   
                             "HTTP/1.1 200 OK"                                  
[09/17/26 09:50:00] INFO     HTTP Request: GET                   _client.py:1740
                             https://www.etm.ru/cat/nn/2186550                  
                             "HTTP/1.1 444 "                                    
[09/17/26 09:50:04] INFO     HTTP Request: GET                   _client.py:1740
                             https://dendor.ru/zatvory/zatvor-po                
                             vorotnyj-diskovyj-typ-017w-mezhflan                
                             cevyj-chugun/ "HTTP/1.1 200 OK"                    
[09/17/26 09:50:08] INFO     HTTP Request: GET                   _client.py:1740
                             https://awstroy.ru/product/zatvor-d                
                             endor-017w-dn-100-pn-10-povorotnyj-                
                             diskovyj-mezhflancevyj-chugunnyj-s-                
                             rukoyatkoj-dlya-sistem-pozharotushe                
                             niya/ "HTTP/1.1 200 OK"                            
[09/17/26 09:50:13] INFO     HTTP Request: POST                  _client.py:1740
                             https://html.duckduckgo.com/html                   
                             "HTTP/1.1 200 OK"                                  
[09/17/26 09:50:15] INFO     HTTP Request: GET                   _client.py:1740
                             https://ksteel.ru/product/zatvor-de                
                             ndor-017w-dn-125-pn-10-povorotnyy-d                
                             iskovyy-mezhflantsevyy-chugunnyy-s-                
                             elektroprivodom/ "HTTP/1.1 200 OK"                 
                    INFO     HTTP Request: GET                   _client.py:1740
                             https://dendor.ru/zatvory/zatvor-po                
                             vorotnyj-diskovyj-dlya-system-pojar                
                             otusheniya-typ-017w-mezhflancevyj-c                
                             hugun/ "HTTP/1.1 200 OK"                           
[09/17/26 09:50:20] INFO     HTTP Request: POST                  _client.py:1740
                             https://html.duckduckgo.com/html                   
                             "HTTP/1.1 200 OK"                                  
[09/17/26 09:50:22] INFO     HTTP Request: GET                   _client.py:1740
                             https://dn.ru/zatvor/zatvor-s-elekt                
                             roprivodom/dendor/017w_chugun220v/d                
                             n150 "HTTP/1.1 200 OK"                             
                    INFO     HTTP Request: GET                   _client.py:1740
                             https://abctrading.ru/zatvory/dendo                
                             r-017w-du-150-ru-16-chugun-chugun-e                
                             pdm/ "HTTP/1.1 200 OK"                             
[09/17/26 09:50:24] INFO     HTTP Request: GET                   _client.py:1740
                             https://dn.ru/zatvor/zatvor-ruchnoi                
                             /dendor/017w_reduktor_chugun_ukpon/                
                             dn150 "HTTP/1.1 200 OK"                            
[09/17/26 09:50:28] INFO     HTTP Request: POST                  _client.py:1740
                             https://html.duckduckgo.com/html                   
                             "HTTP/1.1 200 OK"                                  
[09/17/26 09:50:29] INFO     HTTP Request: GET                   _client.py:1740
                             https://de-arm.ru/zapornaya-armatur                
                             a/zatvory-diskovye/zatvor-dendor-01                
                             7w-dn-200-pn-10-povorotnyy-diskovy/                
                              "HTTP/1.1 200 OK"                                 
[09/17/26 09:50:33] INFO     HTTP Request: POST                  _client.py:1740
                             https://html.duckduckgo.com/html                   
                             "HTTP/1.1 200 OK"                                  
                    INFO     HTTP Request: GET                   _client.py:1740
                             https://de-arm.ru/zapornaya-armatur                
                             a/zatvory-diskovye/zatvor-dendor-01                
                             7w-dn-32-pn-10-povorotnyy-diskovyy/                
                              "HTTP/1.1 200 OK"                                 
[09/17/26 09:50:35] INFO     HTTP Request: GET                   _client.py:1740
                             https://ksteel.ru/product/zatvor-de                
                             ndor-017w-dn-32-pn-16-povorotnyy-di                
                             skovyy-mezhflantsevyy-chugunnyy-s-e                
                             lektroprivodom/ "HTTP/1.1 200 OK"                  
[09/17/26 09:50:40] INFO     HTTP Request: POST                  _client.py:1740
                             https://html.duckduckgo.com/html                   
                             "HTTP/1.1 200 OK"                                  
[09/17/26 09:50:41] INFO     HTTP Request: GET                   _client.py:1740
                             https://dn.ru/zatvor/zatvor-ruchnoi                
                             /dendor/017w-ru16/dn350 "HTTP/1.1                  
                             200 OK"                                            
[09/17/26 09:50:45] INFO     HTTP Request: POST                  _client.py:1740
                             https://html.duckduckgo.com/html                   
                             "HTTP/1.1 200 OK"                                  
[09/17/26 09:50:47] INFO     HTTP Request: GET                   _client.py:1740
                             https://dn.ru/zatvor/zatvor-ruchnoi                
                             /dendor/017w_ruchka_chugun_ukponoff                
                              "HTTP/1.1 200 OK"                                 
[09/17/26 09:50:51] INFO     HTTP Request: POST                  _client.py:1740
                             https://html.duckduckgo.com/html                   
                             "HTTP/1.1 200 OK"                                  
[09/17/26 09:50:52] INFO     HTTP Request: GET                   _client.py:1740
                             https://de-arm.ru/zapornaya-armatur                
                             a/zatvory-diskovye/zatvor-dendor-02                
                             1f-dn-400-pn-10-povorotnyy-diskovy/                
                              "HTTP/1.1 200 OK"                                 
[09/17/26 09:50:53] INFO     HTTP Request: GET                   _client.py:1740
                             https://de-arm.ru/zapornaya-armatur                
                             a/zatvory-diskovye/zatvor-dendor-02                
                             1f-dn-400-pn-16-povorotnyy-diskovy/                
                              "HTTP/1.1 200 OK"                                 
                    INFO     HTTP Request: GET                   _client.py:1740
                             https://dendor.ru/zatvory/zatvor-po                
                             vorotnyj-diskovyj-typ-021f-flancevy                
                             j-chugun/ "HTTP/1.1 200 OK"                        
[09/17/26 09:51:00] INFO     HTTP Request: POST                  _client.py:1740
                             https://html.duckduckgo.com/html                   
                             "HTTP/1.1 200 OK"                                  
[09/17/26 09:51:01] INFO     HTTP Request: GET                   _client.py:1740
                             https://dn.ru/zatvor/zatvor-ruchnoi                
                             /dendor/021f-ru16_reduktor/dn500                   
                             "HTTP/1.1 200 OK"                                  
[09/17/26 09:51:03] INFO     HTTP Request: GET                   _client.py:1740
                             https://dn.ru/zatvor/zatvor-ruchnoi                
                             /dendor/021f-ru10/dn500 "HTTP/1.1                  
                             200 OK"                                            
[09/17/26 09:51:04] INFO     HTTP Request: GET                   _client.py:1740
                             https://de-arm.ru/zapornaya-armatur                
                             a/zatvory-diskovye/zatvor-dendor-02                
                             1f-dn-500-pn-16-povorotnyy-diskovy/                
                              "HTTP/1.1 200 OK"                                 
[09/17/26 09:51:07] INFO     HTTP Request: POST                  _client.py:1740
                             https://html.duckduckgo.com/html                   
                             "HTTP/1.1 200 OK"                                  
[09/17/26 09:51:10] INFO     HTTP Request: GET                   _client.py:1740
                             https://ridan.ru/product/065B7366/p                
                             roperties "HTTP/1.1 200 OK"                        
[09/17/26 09:51:11] INFO     HTTP Request: GET                   _client.py:1740
                             https://danfoss.gkipm.ru/catalog/za                
                             tvory-diskovye-povorotnye/diskovyy_                
                             povorotnyy_zatvor_vfy_lh_mezhflants                
                             evyy_korpus_chugun_rukoyatka_du_40_                
                             mm_ru_16_bar_tmaks/ "HTTP/1.1 200                  
                             OK"                                                
                    INFO     HTTP Request: GET                   _client.py:1740
                             https://designcenter.danfoss.com/ru                
                             -kz/products/climate-solutions-for-                
                             heating/butterfly-valves/butterfly-                
                             valves-for-heating-and-cooling/manu                
                             aly-operated-butterfly-valves/vfy-w                
                             h--vfy-lh/p/065B7366 "HTTP/1.1 200                 
                             OK"                                                
[09/17/26 09:51:15] INFO     HTTP Request: POST                  _client.py:1740
                             https://html.duckduckgo.com/html                   
                             "HTTP/1.1 200 OK"                                  
[09/17/26 09:51:16] INFO     HTTP Request: GET                   _client.py:1740
                             https://www.logika-consortium.ru/ko                
                             mplektnye-postavki/product/vfy-wh/                 
                             "HTTP/1.1 200 OK"                                  
[09/17/26 09:51:17] INFO     HTTP Request: GET                   _client.py:1740
                             https://assets.danfoss.com/document                
                             s/latest/81325/AI176286477306ru-RU0                
                             102.pdf "HTTP/1.1 200 OK"                          
                    INFO     HTTP Request: GET                   _client.py:1740
                             https://assets.danfoss.com/document                
                             s/latest/81313/AI176286477306ru-000                
                             101.pdf "HTTP/1.1 200 OK"                          
[09/17/26 09:51:21] INFO     HTTP Request: POST                  _client.py:1740
                             https://html.duckduckgo.com/html                   
                             "HTTP/1.1 200 OK"                                  
[09/17/26 09:51:22] INFO     HTTP Request: GET                   _client.py:1740
                             https://ridan.ru/product/082X4404R                 
                             "HTTP/1.1 200 OK"                                  
[09/17/26 09:51:24] INFO     HTTP Request: GET                   _client.py:1740
                             https://ridan.ru/product/082X4404R/                
                             docs "HTTP/1.1 200 OK"                             
[09/17/26 09:51:25] INFO     HTTP Request: GET                   _client.py:1740
                             https://rosarmatorg.ru/zatvor-disko                
                             vyj-povorotnyj-ridan-zdm-0316100-pn                
                             16-dn100-korpus-gg25-disk-chugun-gg                
                             g40-uplotnenie-epdm-upravlenie-ruko                
                             yatka-082x4404r "HTTP/1.1 200 OK"                  
[09/17/26 09:51:29] INFO     HTTP Request: POST                  _client.py:1740
                             https://html.duckduckgo.com/html                   
                             "HTTP/1.1 200 OK"                                  
[09/17/26 09:51:30] INFO     HTTP Request: GET                   _client.py:1740
                             https://ridan.tesrussia.ru/product/                
                             ts-082X4405R/ "HTTP/1.1 200 OK"                    
[09/17/26 09:51:34] INFO     HTTP Request: GET                   _client.py:1740
                             https://ridan.farmina.ru/ridan-082x                
                             4405r-zatvor-diskovyy-povorotnyy-zd                
                             m-03-16-125-pn16-dn125-korpus-gg25-                
                             disk-chugun-ggg40-uplotnenie-epdm-u                
                             pravlenie-rukoyatka/ "HTTP/1.1 200                 
                             OK"                                                
[09/17/26 09:51:35] INFO     HTTP Request: GET                   _client.py:1740
                             https://ridan.center-pto.ru/ridan-0                
                             82x4405r-zatvor-diskovyy-povorotnyy                
                             -zdm-03-16-125-pn16-dn125-korpus-gg                
                             25-disk-chugun-ggg40-uplotnenie-epd                
                             m-upravlenie-rukoyatka/ "HTTP/1.1                  
                             200 OK"                                            
[09/17/26 09:51:40] INFO     HTTP Request: POST                  _client.py:1740
                             https://html.duckduckgo.com/html                   
                             "HTTP/1.1 200 OK"                                  
                    INFO     HTTP Request: GET                   _client.py:1740
                             https://ridan.ru/catalog/370/zatvor                
                             y-diskovye-s-rucnym-upravleniem                    
                             "HTTP/1.1 200 OK"                                  
[09/17/26 09:51:45] INFO     HTTP Request: GET                   _client.py:1740
                             https://ridan-gsk.ru/product/ridan-                
                             082x4406r-zatvor-diskovyj-povorotny                
                             j-zdm-03-16-150-pn16-dn150-korpus-g                
                             g25-disk-chugun-ggg40-uplotnenie-ep                
                             dm-upravlenie-rukoyatka/ "HTTP/1.1                 
                             200 OK"                                            
[09/17/26 09:51:51] INFO     HTTP Request: GET                   _client.py:1740
                             https://lunda.ru/catalog/category/c                
                             13079/product/zatvor-disk-ridan_325                
                             50.html "HTTP/1.1 401 Unauthorized"                
[09/17/26 09:51:55] INFO     HTTP Request: POST                  _client.py:1740
                             https://html.duckduckgo.com/html                   
                             "HTTP/1.1 200 OK"                                  
[09/17/26 09:51:58] INFO     HTTP Request: GET                   _client.py:1740
                             https://ridan.ru/product/082X4402                  
                             "HTTP/1.1 200 OK"                                  
[09/17/26 09:51:59] INFO     HTTP Request: GET                   _client.py:1740
                             https://ridan.ru/product/082X4402R                 
                             "HTTP/1.1 200 OK"                                  
[09/17/26 09:52:01] INFO     HTTP Request: GET                   _client.py:1740
                             https://ridan.tesrussia.ru/product/                
                             ts-082X4402R/ "HTTP/1.1 200 OK"                    
[09/17/26 09:52:05] INFO     HTTP Request: POST                  _client.py:1740
                             https://html.duckduckgo.com/html                   
                             "HTTP/1.1 200 OK"                                  
[09/17/26 09:52:06] INFO     HTTP Request: GET                   _client.py:1740
                             https://ridan.tesrussia.ru/product/                
                             ts-082x4424r/ "HTTP/1.1 200 OK"                    
[09/17/26 09:52:07] INFO     HTTP Request: GET                   _client.py:1740
                             https://climate-techno.ru/zatvor-di                
                             skovyj-povorotnyj-ridan-zdm-0516100                
                             -pn16-dn100-korp-gg25-disk-nergavey                
                             uschaya-stal-aisi/ "HTTP/1.1 200                   
                             OK"                                                
[09/17/26 09:52:08] INFO     HTTP Request: GET                   _client.py:1740
                             https://ridan.cooltrust-ice.ru/rida                
                             n-082x4424r-zatvor-diskovyy-povorot                
                             nyy-zdm-05-16-100-pn16-dn100-korpus                
                             -gg25-disk-nerzhaveyushchaya-stal-a                
                             isi316-uplotnenie-epdm/ "HTTP/1.1                  
                             200 OK"                                            
[09/17/26 09:52:13] INFO     HTTP Request: POST                  _client.py:1740
                             https://html.duckduckgo.com/html                   
                             "HTTP/1.1 200 OK"                                  
[09/17/26 09:52:14] INFO     HTTP Request: GET                   _client.py:1740
                             https://ridan.ru/product/082X4426R                 
                             "HTTP/1.1 200 OK"                                  
[09/17/26 09:52:15] INFO     HTTP Request: GET                   _client.py:1740
                             https://ridan.tesrussia.ru/product/                
                             ts-082X4426R/ "HTTP/1.1 200 OK"                    
[09/17/26 09:52:16] INFO     HTTP Request: GET                   _client.py:1740
                             https://ridan.cooltrust-ice.ru/rida                
                             n-082x4426r-zatvor-diskovyy-povorot                
                             nyy-zdm-05-16-150-pn16-dn150-korpus                
                             -gg25-disk-nerzhaveyushchaya-stal-a                
                             isi316-uplotnenie-epdm/ "HTTP/1.1                  
                             200 OK"                                            
[09/17/26 09:52:20] INFO     HTTP Request: POST                  _client.py:1740
                             https://html.duckduckgo.com/html                   
                             "HTTP/1.1 200 OK"                                  
[09/17/26 09:52:21] INFO     HTTP Request: GET                   _client.py:1740
                             https://ridan.ru/product/082X4427R                 
                             "HTTP/1.1 200 OK"                                  
[09/17/26 09:52:24] INFO     HTTP Request: GET                   _client.py:1740
                             https://ridan.ru/product/082X4427                  
                             "HTTP/1.1 200 OK"                                  
[09/17/26 09:52:25] INFO     HTTP Request: GET                   _client.py:1740
                             https://holod.shop/zatvor-diskovyy-                
                             povorotnyy-ridan-zdm-05-16-200-dn20                
                             0-pn16/ "HTTP/1.1 200 OK"                          
[09/17/26 09:54:36] INFO     HTTP Request: POST                  _client.py:1740
                             https://html.duckduckgo.com/html                   
                             "HTTP/1.1 200 OK"                                  
                    INFO     HTTP Request: GET                   _client.py:1740
                             https://valtec.ru/catalog/truboprov                
                             odnaya_armatura/sharovye_krany_dlya                
                             _vody_base/kran_sharovoj_valtec_bas                
                             e_vt214n.html "HTTP/1.1 200 OK"                    
[09/17/26 09:54:37] INFO     HTTP Request: GET                   _client.py:1740
                             https://valtec.in.ua/vt.214/                       
                             "HTTP/1.1 200 OK"                                  
                    INFO     HTTP Request: GET                   _client.py:1740
                             https://www.vseinstrumenti.ru/produ                
                             ct/sharovoj-kran-stalnaya-rukoyatka                
                             -1-1-2-vn-vn-valtec-base-vt-214-n-0                
                             8-827820/ "HTTP/1.1 403 Forbidden"                 
[09/17/26 09:54:41] INFO     HTTP Request: POST                  _client.py:1740
                             https://html.duckduckgo.com/html                   
                             "HTTP/1.1 200 OK"                                  
[09/17/26 09:54:42] INFO     HTTP Request: GET                   _client.py:1740
                             https://www.vseinstrumenti.ru/produ                
                             ct/sharovoj-kran-1-1-4-valtec-vt-21                
                             4-n-07-36914-726515/ "HTTP/1.1 403                 
                             Forbidden"                                         
[09/17/26 09:54:45] INFO     HTTP Request: POST                  _client.py:1740
                             https://html.duckduckgo.com/html                   
                             "HTTP/1.1 202 Accepted"                            
[09/17/26 09:54:48] INFO     HTTP Request: POST                  _client.py:1740
                             https://html.duckduckgo.com/html                   
                             "HTTP/1.1 202 Accepted"                            
[09/17/26 09:54:50] INFO     HTTP Request: POST                  _client.py:1740
                             https://html.duckduckgo.com/html                   
                             "HTTP/1.1 202 Accepted"                            
[09/17/26 09:54:53] INFO     HTTP Request: POST                  _client.py:1740
                             https://html.duckduckgo.com/html                   
                             "HTTP/1.1 202 Accepted"                            
[09/17/26 09:54:56] INFO     HTTP Request: POST                  _client.py:1740
                             https://html.duckduckgo.com/html                   
                             "HTTP/1.1 202 Accepted"                            
[09/17/26 09:54:58] INFO     HTTP Request: POST                  _client.py:1740
                             https://html.duckduckgo.com/html                   
                             "HTTP/1.1 202 Accepted"                            
[09/17/26 09:55:01] INFO     HTTP Request: POST                  _client.py:1740
                             https://html.duckduckgo.com/html                   
                             "HTTP/1.1 202 Accepted"                            
[09/17/26 09:55:04] INFO     HTTP Request: POST                  _client.py:1740
                             https://html.duckduckgo.com/html                   
                             "HTTP/1.1 202 Accepted"                            
[09/17/26 09:55:06] INFO     HTTP Request: POST                  _client.py:1740
                             https://html.duckduckgo.com/html                   
                             "HTTP/1.1 202 Accepted"                            
[09/17/26 09:55:09] INFO     HTTP Request: POST                  _client.py:1740
                             https://html.duckduckgo.com/html                   
                             "HTTP/1.1 202 Accepted"                            
[09/17/26 09:55:12] INFO     HTTP Request: POST                  _client.py:1740
                             https://html.duckduckgo.com/html                   
                             "HTTP/1.1 202 Accepted"                            
[09/17/26 09:55:14] INFO     HTTP Request: POST                  _client.py:1740
                             https://html.duckduckgo.com/html                   
                             "HTTP/1.1 202 Accepted"                            
[09/17/26 09:55:17] INFO     HTTP Request: POST                  _client.py:1740
                             https://html.duckduckgo.com/html                   
                             "HTTP/1.1 202 Accepted"                            
[09/17/26 09:55:21] INFO     HTTP Request: POST                  _client.py:1740
                             https://html.duckduckgo.com/html                   
                             "HTTP/1.1 202 Accepted"                            
[09/17/26 09:55:25] INFO     HTTP Request: POST                  _client.py:1740
                             https://html.duckduckgo.com/html                   
                             "HTTP/1.1 202 Accepted"                            
[09/17/26 09:55:28] INFO     HTTP Request: POST                  _client.py:1740
                             https://html.duckduckgo.com/html                   
                             "HTTP/1.1 202 Accepted"                            
[09/17/26 09:55:30] INFO     HTTP Request: POST                  _client.py:1740
                             https://html.duckduckgo.com/html                   
                             "HTTP/1.1 202 Accepted"                            
[09/17/26 09:55:34] INFO     HTTP Request: POST                  _client.py:1740
                             https://html.duckduckgo.com/html                   
                             "HTTP/1.1 202 Accepted"                            
[09/17/26 09:55:37] INFO     HTTP Request: POST                  _client.py:1740
                             https://html.duckduckgo.com/html                   
                             "HTTP/1.1 202 Accepted"                            
[09/17/26 09:55:39] INFO     HTTP Request: POST                  _client.py:1740
                             https://html.duckduckgo.com/html                   
                             "HTTP/1.1 202 Accepted"                            
[09/17/26 09:55:41] INFO     HTTP Request: GET                   _client.py:1740
                             https://assets.danfoss.com/document                
                             s/latest/73737/AI138786466020ru-RU0                
                             102.pdf "HTTP/1.1 200 OK"                          
                    INFO     HTTP Request: GET                   _client.py:1740
                             https://assets.danfoss.com/document                
                             s/latest/73738/AI138786466020ru-000                
                             101.pdf "HTTP/1.1 200 OK"                          
[09/17/26 09:55:43] INFO     HTTP Request: GET                   _client.py:1740
                             https://flumtec.ru/danfoss/danfoss_                
                             piping_valves/filtry-setchatye/filt                
                             ry-setchatye-fvr-fvr-d/danfoss-fvr-                
                             d-065b8246/ "HTTP/1.1 200 OK"                      
[09/17/26 09:55:48] INFO     HTTP Request: POST                  _client.py:1740
                             https://html.duckduckgo.com/html                   
                             "HTTP/1.1 200 OK"                                  
[09/17/26 09:55:49] INFO     HTTP Request: GET                   _client.py:1740
                             https://ridan.ru/product/065B8337R                 
                             "HTTP/1.1 200 OK"                                  
[09/17/26 09:55:50] INFO     HTTP Request: GET                   _client.py:1740
                             https://ridan.ru/product/065B8237R/                
                             properties "HTTP/1.1 200 OK"                       
[09/17/26 09:55:53] INFO     HTTP Request: GET                   _client.py:1740
                             https://ridan.ftsale.com/ridan-fvr-                
                             r-065b8337r-filtr-setchatyy-s-probk                
                             oy-dn25-pn25-t-ot-20-s-130-s-materi                
                             al-korpusa-latun-cw602n/ "HTTP/1.1                 
                             200 OK"                                            
[09/17/26 09:55:57] INFO     HTTP Request: POST                  _client.py:1740
                             https://html.duckduckgo.com/html                   
                             "HTTP/1.1 200 OK"                                  
[09/17/26 09:55:58] INFO     HTTP Request: GET                   _client.py:1740
                             https://kpsk.ru/oborudovaniye/filtr                
                             y/vody/fmf-100.html "HTTP/1.1 200                  
                             OK"                                                
                    INFO     HTTP Request: GET                   _client.py:1740
                             https://tdnhi.ru/catalog/detali_tru                
                             boprovoda/filjtry/i_filjtr_magnitny                
                             j_flantsevyj~56/ "HTTP/1.1 200 OK"                 
[09/17/26 09:55:59] INFO     HTTP Request: GET                   _client.py:1740
                             https://hmnk.ru/products/filtr-magn                
                             itnyj-flancevyj-fmf-100/ "HTTP/1.1                 
                             200 OK"                                            
[09/17/26 09:56:04] INFO     HTTP Request: POST                  _client.py:1740
                             https://html.duckduckgo.com/html                   
                             "HTTP/1.1 200 OK"                                  
[09/17/26 09:56:05] INFO     HTTP Request: GET                   _client.py:1740
                             https://tdnhi.ru/catalog/detali_tru                
                             boprovoda/filjtry/i_filjtr_magnitny                
                             j_flantsevyj~82/ "HTTP/1.1 200 OK"                 
                    INFO     HTTP Request: GET                   _client.py:1740
                             https://hmnk.ru/products/filtr-magn                
                             itnyj-flancevyj-fmf-125/ "HTTP/1.1                 
                             200 OK"                                            
[09/17/26 09:56:06] INFO     HTTP Request: GET                   _client.py:1740
                             https://flexapipe.ru/filtr-setchaty                
                             j-magnitnyj-fmf-flancevyj-dn125-pn1                
                             6-dendor-tip-021y-l400mm-korpus-ggg                
                             40-setka-ss416-me/epdm-tmax150c                    
                             "HTTP/1.1 200 OK"                                  
[09/17/26 09:56:12] INFO     HTTP Request: POST                  _client.py:1740
                             https://html.duckduckgo.com/html                   
                             "HTTP/1.1 200 OK"                                  
                    INFO     HTTP Request: GET                   _client.py:1740
                             https://kpsk.ru/oborudovaniye/filtr                
                             y/vody/fmf-150.html "HTTP/1.1 200                  
                             OK"                                                
[09/17/26 09:56:13] INFO     HTTP Request: GET                   _client.py:1740
                             https://tdnhi.ru/catalog/detali_tru                
                             boprovoda/filjtry/i_filjtr_magnitny                
                             j_flantsevyj~61/ "HTTP/1.1 200 OK"                 
                    INFO     HTTP Request: GET                   _client.py:1740
                             https://tdnhi.ru/catalog/detali_tru                
                             boprovoda/filjtry/i_filjtr_magnitny                
                             j_flantsevyj~60/ "HTTP/1.1 200 OK"                 
[09/17/26 09:56:19] INFO     HTTP Request: POST                  _client.py:1740
                             https://html.duckduckgo.com/html                   
                             "HTTP/1.1 200 OK"                                  
                    INFO     HTTP Request: GET                   _client.py:1740
                             https://kpsk.ru/oborudovaniye/filtr                
                             y/vody/fmf-200.html "HTTP/1.1 200                  
                             OK"                                                
[09/17/26 09:56:20] INFO     HTTP Request: GET                   _client.py:1740
                             https://hmnk.ru/products/filtr-magn                
                             itnyj-flancevyj-fmf-200/ "HTTP/1.1                 
                             200 OK"                                            
                    INFO     HTTP Request: GET                   _client.py:1740
                             https://flexapipe.ru/filtr-setchaty                
                             j-magnitnyj-fmf-flancevyj-dn200-pn1                
                             6-dendor-tip-021y-l600mm-korpus-ggg                
                             40-setka-ss416-me/epdm-tmax150c                    
                             "HTTP/1.1 200 OK"                                  
[09/17/26 09:56:24] INFO     HTTP Request: POST                  _client.py:1740
                             https://html.duckduckgo.com/html                   
                             "HTTP/1.1 200 OK"                                  
                    INFO     HTTP Request: GET                   _client.py:1740
                             https://tdnhi.ru/catalog/detali_tru                
                             boprovoda/filjtry/i_filjtr_magnitny                
                             j_flantsevyj~89/ "HTTP/1.1 200 OK"                 
[09/17/26 09:56:25] INFO     HTTP Request: GET                   _client.py:1740
                             https://hmnk.ru/products/filtr-magn                
                             itnyj-flancevyj-fmf-250/ "HTTP/1.1                 
                             200 OK"                                            
[09/17/26 09:56:41] INFO     HTTP Request: GET                   _client.py:1740
                             https://flexapipe.ru/filtr-setchaty                
                             j-magnitnyj-fmf-flancevyj-dn250-pn1                
                             6-dendor-tip-021y-l730mm-korpus-ggg                
                             40-setka-ss416-me/epdm-tmax150c                    
                             "HTTP/1.1 200 OK"                                  
[09/17/26 09:56:45] INFO     HTTP Request: POST                  _client.py:1740
                             https://html.duckduckgo.com/html                   
                             "HTTP/1.1 200 OK"                                  
                    INFO     HTTP Request: GET                   _client.py:1740
                             https://tdnhi.ru/catalog/detali_tru                
                             boprovoda/filjtry/i_filjtr_magnitny                
                             j_flantsevyj~66/ "HTTP/1.1 200 OK"                 
[09/17/26 09:56:46] INFO     HTTP Request: GET                   _client.py:1740
                             https://hmnk.ru/products/filtr-magn                
                             itnyj-flancevyj-fmf-300/ "HTTP/1.1                 
                             200 OK"                                            
[09/17/26 09:56:48] INFO     HTTP Request: GET                   _client.py:1740
                             https://tdnhi.ru/catalog/detali_tru                
                             boprovoda/filjtry/i_filjtr_magnitny                
                             j_flantsevyj~91/ "HTTP/1.1 200 OK"                 
[09/17/26 09:56:52] INFO     HTTP Request: POST                  _client.py:1740
                             https://html.duckduckgo.com/html                   
                             "HTTP/1.1 200 OK"                                  
                    INFO     HTTP Request: GET                   _client.py:1740
                             https://hmnk.ru/products/filtr-magn                
                             itnyj-flancevyj-fmf-32/ "HTTP/1.1                  
                             200 OK"                                            
[09/17/26 09:56:54] INFO     HTTP Request: GET                   _client.py:1740
                             https://kanpribor.ru/shop/filtr-mag                
                             nitnyj-flancevyj-fmf/ "HTTP/1.1 200                
                             OK"                                                
[09/17/26 09:56:58] INFO     HTTP Request: GET                   _client.py:1740
                             https://sibtexcom.ru/nashi-uslugi/t                
                             ruboprovodnaya-armatura/filtryi/mag                
                             nitnyie/ "HTTP/1.1 404 Not Found"                  
[09/17/26 09:57:01] INFO     HTTP Request: POST                  _client.py:1740
                             https://html.duckduckgo.com/html                   
                             "HTTP/1.1 200 OK"                                  
[09/17/26 09:57:02] INFO     HTTP Request: GET                   _client.py:1740
                             https://tdnhi.ru/catalog/detali_tru                
                             boprovoda/filjtry/i_filjtr_magnitny                
                             j_flantsevyj~68/ "HTTP/1.1 200 OK"                 
[09/17/26 09:57:03] INFO     HTTP Request: GET                   _client.py:1740
                             https://hmnk.ru/products/filtr-magn                
                             itnyj-flancevyj-fmf-350/ "HTTP/1.1                 
                             200 OK"                                            
[09/17/26 09:57:04] INFO     HTTP Request: GET                   _client.py:1740
                             https://flexapipe.ru/filtr-setchaty                
                             j-magnitnyj-fmf-flancevyj-dn350-pn1                
                             6-dendor-tip-021y-l980mm-korpus-ggg                
                             40-setka-ss416-me/epdm-tmax150c                    
                             "HTTP/1.1 200 OK"                                  
[09/17/26 09:57:10] INFO     HTTP Request: POST                  _client.py:1740
                             https://html.duckduckgo.com/html                   
                             "HTTP/1.1 200 OK"                                  
                    INFO     HTTP Request: GET                   _client.py:1740
                             https://tdnhi.ru/catalog/detali_tru                
                             boprovoda/filjtry/i_filjtr_magnitny                
                             j_flantsevyj~48/ "HTTP/1.1 200 OK"                 
[09/17/26 09:57:11] INFO     HTTP Request: GET                   _client.py:1740
                             https://hmnk.ru/products/filtr-magn                
                             itnyj-flancevyj-fmf-40/ "HTTP/1.1                  
                             200 OK"                                            
[09/17/26 09:57:12] INFO     HTTP Request: GET                   _client.py:1740
                             https://flexapipe.ru/filtr-setchaty                
                             j-magnitnyj-fmf-flancevyj-dn040-pn1                
                             6-dendor-tip-021y-l200mm-korpus-ggg                
                             40-setka-ss416-me/epdm-tmax150c                    
                             "HTTP/1.1 200 OK"                                  
[09/17/26 09:57:16] INFO     HTTP Request: POST                  _client.py:1740
                             https://html.duckduckgo.com/html                   
                             "HTTP/1.1 200 OK"                                  
                    INFO     HTTP Request: GET                   _client.py:1740
                             https://tdnhi.ru/catalog/detali_tru                
                             boprovoda/filjtry/i_filjtr_magnitny                
                             j_flantsevyj~50/ "HTTP/1.1 200 OK"                 
[09/17/26 09:57:17] INFO     HTTP Request: GET                   _client.py:1740
                             https://fmtag.ru/oborudovaniye/filt                
                             ry/vody/fmf-50.html "HTTP/1.1 200                  
                             OK"                                                
[09/17/26 09:57:19] INFO     HTTP Request: GET                   _client.py:1740
                             https://sibecs.com/filtry-kondensat                
                             ootvodchiki/filtr-magnitnyi-fmf-du-                
                             50-ru-16-chugunnyi-flancevyi                       
                             "HTTP/1.1 200 OK"                                  
[09/17/26 09:57:23] INFO     HTTP Request: POST                  _client.py:1740
                             https://html.duckduckgo.com/html                   
                             "HTTP/1.1 200 OK"                                  
                    INFO     HTTP Request: GET                   _client.py:1740
                             https://tdnhi.ru/catalog/detali_tru                
                             boprovoda/filjtry/i_filjtr_magnitny                
                             j_flantsevyj~52/ "HTTP/1.1 200 OK"                 
[09/17/26 09:57:24] INFO     HTTP Request: GET                   _client.py:1740
                             https://hmnk.ru/products/filtr-magn                
                             itnyj-flancevyj-fmf-65/ "HTTP/1.1                  
                             200 OK"                                            
[09/17/26 09:57:25] INFO     HTTP Request: GET                   _client.py:1740
                             https://fmtag.ru/oborudovaniye/filt                
                             ry/vody/fmf-65.html "HTTP/1.1 200                  
                             OK"                                                
[09/17/26 09:57:29] INFO     HTTP Request: POST                  _client.py:1740
                             https://html.duckduckgo.com/html                   
                             "HTTP/1.1 200 OK"                                  
[09/17/26 09:57:30] INFO     HTTP Request: GET                   _client.py:1740
                             https://kpsk.ru/oborudovaniye/filtr                
                             y/vody/fmf-80.html "HTTP/1.1 200                   
                             OK"                                                
[09/17/26 09:57:41] INFO     HTTP Request: GET                   _client.py:1740
                             https://tdnhi.ru/catalog/detali_tru                
                             boprovoda/filjtry/i_filjtr_magnitny                
                             j_flantsevyj~79/ "HTTP/1.1 200 OK"                 
[09/17/26 09:57:45] INFO     HTTP Request: GET                   _client.py:1740
                             https://tdnhi.ru/catalog/detali_tru                
                             boprovoda/filjtry/i_filjtr_magnitny                
                             j_flantsevyj~54/ "HTTP/1.1 200 OK"                 
[09/17/26 09:57:51] INFO     HTTP Request: POST                  _client.py:1740
                             https://html.duckduckgo.com/html                   
                             "HTTP/1.1 200 OK"                                  
[09/17/26 09:57:52] INFO     HTTP Request: GET                   _client.py:1740
                             https://dn.ru/filtr/flantcevyi/teco                
                             fi/f-3240/dn25 "HTTP/1.1 200 OK"                   
[09/17/26 09:57:53] INFO     HTTP Request: GET                   _client.py:1740
                             https://dn.ru/filtr/flantcevyi/teco                
                             fi/f3240na/dn25 "HTTP/1.1 200 OK"                  
                    INFO     HTTP Request: GET                   _client.py:1740
                             https://lunda.ru/catalog/category/c                
                             13179/product/filtr-tecofi_13574.ht                
                             ml "HTTP/1.1 401 Unauthorized"                     
[09/17/26 09:57:57] INFO     HTTP Request: POST                  _client.py:1740
                             https://html.duckduckgo.com/html                   
                             "HTTP/1.1 200 OK"                                  
                    INFO     HTTP Request: GET                   _client.py:1740
                             https://lunda.ru/catalog/category/c                
                             13179/product/filtr-tecofi_13574.ht                
                             ml "HTTP/1.1 401 Unauthorized"                     
[09/17/26 09:57:58] INFO     HTTP Request: GET                   _client.py:1740
                             https://asso.com.ua/zapornaja-armat                
                             ura/filtr-setchatyj-flantsevyj-teco                
                             fi-f3240-du-32-ru16-7-21257                        
                             "HTTP/1.1 200 OK"                                  
[09/17/26 09:58:03] INFO     HTTP Request: GET                   _client.py:1740
                             https://tecofi-armature.ru/klapany-                
                             obratnye-filtry/filtry/flancevyj-ch                
                             ugunnyj-setchatyj-naklonnyj-filtr-r                
                             u16-dlja-vysokih-temperatur/                       
                             "HTTP/1.1 200 OK"                                  
[09/17/26 09:58:07] INFO     HTTP Request: POST                  _client.py:1740
                             https://html.duckduckgo.com/html                   
                             "HTTP/1.1 200 OK"                                  
[09/17/26 09:58:08] INFO     HTTP Request: GET                   _client.py:1740
                             https://dn.ru/filtr/flantcevyi/teco                
                             fi/f-3240/dn40 "HTTP/1.1 200 OK"                   
[09/17/26 09:58:10] INFO     HTTP Request: GET                   _client.py:1740
                             https://lunda.ru/catalog/category/c                
                             13179/product/filtr-tecofi_13574.ht                
                             ml "HTTP/1.1 401 Unauthorized"                     
[09/17/26 09:58:13] INFO     HTTP Request: POST                  _client.py:1740
                             https://html.duckduckgo.com/html                   
                             "HTTP/1.1 200 OK"                                  
[09/17/26 09:58:14] INFO     HTTP Request: GET                   _client.py:1740
                             https://dn.ru/filtr/flantcevyi/teco                
                             fi/f-3240/dn50 "HTTP/1.1 200 OK"                   
[09/17/26 09:58:15] INFO     HTTP Request: GET                   _client.py:1740
                             https://dn.ru/filtr/flantcevyi/teco                
                             fi/f3240na/dn50 "HTTP/1.1 200 OK"                  
[09/17/26 09:58:16] INFO     HTTP Request: GET                   _client.py:1740
                             https://lunda.ru/catalog/category/c                
                             13179/product/filtr-tecofi_13574.ht                
                             ml "HTTP/1.1 401 Unauthorized"                     
[09/17/26 09:58:21] INFO     HTTP Request: POST                  _client.py:1740
                             https://html.duckduckgo.com/html                   
                             "HTTP/1.1 200 OK"                                  
[09/17/26 09:58:22] INFO     HTTP Request: GET                   _client.py:1740
                             https://dn.ru/filtr/flantcevyi/teco                
                             fi/f-3240/dn65 "HTTP/1.1 200 OK"                   
                    INFO     HTTP Request: GET                   _client.py:1740
                             https://lunda.ru/catalog/category/c                
                             13179/product/filtr-tecofi_13574.ht                
                             ml "HTTP/1.1 401 Unauthorized"                     
[09/17/26 09:58:24] INFO     HTTP Request: GET                   _client.py:1740
                             https://www.irimex.ru/services/cata                
                             log/armatura/tecofi/product_1959/                  
                             "HTTP/1.1 200 OK"                                  
[09/17/26 09:58:29] INFO     HTTP Request: POST                  _client.py:1740
                             https://html.duckduckgo.com/html                   
                             "HTTP/1.1 200 OK"                                  
[09/17/26 09:58:30] INFO     HTTP Request: GET                   _client.py:1740
                             https://termopartner.ru/catalog/tru                
                             boprovodnaya_armatura/filtry_setcha                
                             tye/filtry_setchatye_tecofi/filtry_                
                             setchatye_f3240n_tecofi/filtr_setch                
                             atyy_f3240n_du80_ru16_tecofi/                      
                             "HTTP/1.1 200 OK"                                  
[09/17/26 09:58:33] INFO     HTTP Request: GET                   _client.py:1740
                             https://www.proteplo-spb.ru/product                
                             /tecofi-f-3240-080-dn-80-pn-16-filt                
                             r-setchatyi-naklonnyi-flantsevyi                   
                             "HTTP/1.1 200 OK"                                  
[09/17/26 09:58:37] INFO     HTTP Request: POST                  _client.py:1740
                             https://html.duckduckgo.com/html                   
                             "HTTP/1.1 200 OK"                                  
[09/17/26 09:58:41] INFO     HTTP Request: GET                   _client.py:1740
                             https://dn.ru/filtr/flantcevyi/teco                
                             fi/f3240na/dn100 "HTTP/1.1 200 OK"                 
[09/17/26 09:58:46] INFO     HTTP Request: GET                   _client.py:1740
                             https://dn.ru/filtr/flantcevyi/teco                
                             fi/f-3240/dn100 "HTTP/1.1 200 OK"                  
[09/17/26 09:58:51] INFO     HTTP Request: GET                   _client.py:1740
                             https://lunda.ru/catalog/category/c                
                             13179/product/filtr-tecofi_13574.ht                
                             ml "HTTP/1.1 401 Unauthorized"                     
[09/17/26 09:58:56] INFO     HTTP Request: POST                  _client.py:1740
                             https://html.duckduckgo.com/html                   
                             "HTTP/1.1 200 OK"                                  
[09/17/26 09:58:57] INFO     HTTP Request: GET                   _client.py:1740
                             https://dedaltrade.ru/filtr-setchat                
                             yj-chugunnyj-tecofi-f3240-du150-ru1                
                             6/ "HTTP/1.1 200 OK"                               
                    INFO     HTTP Request: GET                   _client.py:1740
                             https://lunda.ru/catalog/category/c                
                             13179/product/filtr-tecofi_13574.ht                
                             ml "HTTP/1.1 401 Unauthorized"                     
[09/17/26 09:58:58] INFO     HTTP Request: GET                   _client.py:1740
                             https://dn.ru/filtr/flantcevyi/teco                
                             fi/f-3240/dn150 "HTTP/1.1 200 OK"                  
[09/17/26 09:59:04] INFO     HTTP Request: POST                  _client.py:1740
                             https://html.duckduckgo.com/html                   
                             "HTTP/1.1 200 OK"                                  
                    INFO     HTTP Request: GET                   _client.py:1740
                             https://dn.ru/filtr/flantcevyi/teco                
                             fi/f-3240/dn200 "HTTP/1.1 200 OK"                  
[09/17/26 09:59:06] INFO     HTTP Request: GET                   _client.py:1740
                             https://ironpolimer.ru/filtry-setch                
                             atye-chugunnye-flancevye-tecofi-f32                
                             40/filtr-setchatyy-y-obraznyy-chugu                
                             n-f3240-du-200-ru16-flantsevyy-teco                
                             fi/ "HTTP/1.1 200 OK"                              
[09/17/26 09:59:07] INFO     HTTP Request: GET                   _client.py:1740
                             https://asso.com.ua/zapornaja-armat                
                             ura/filtr-setchatyj-flantsevyj-teco                
                             fi-f3240-du-200-ru16-7-21277                       
                             "HTTP/1.1 200 OK"                                  
[09/17/26 09:59:10] INFO     HTTP Request: POST                  _client.py:1740
                             https://html.duckduckgo.com/html                   
                             "HTTP/1.1 200 OK"                                  
[09/17/26 09:59:13] INFO     HTTP Request: GET                   _client.py:1740
                             https://ridan.ru/catalog/407/cugunn                
                             ye-filtry-setcatye "HTTP/1.1 200                   
                             OK"                                                
[09/17/26 09:59:14] INFO     HTTP Request: GET                   _client.py:1740
                             https://ridan.ru/catalog/408/filtr-                
                             setcatiy-ridan-fsf "HTTP/1.1 200                   
                             OK"                                                
[09/17/26 09:59:15] INFO     HTTP Request: GET                   _client.py:1740
                             https://www.santech.ru/catalog/353/                
                             359/i547/v1/ "HTTP/1.1 200 OK"                     
[09/17/26 09:59:19] INFO     HTTP Request: POST                  _client.py:1740
                             https://html.duckduckgo.com/html                   
                             "HTTP/1.1 200 OK"                                  
[09/17/26 09:59:20] INFO     HTTP Request: GET                   _client.py:1740
                             https://ridan-danfoss.ru/product/fi                
                             ltry-setchatye-ridan-fsf-082x4062r-                
                             ridan "HTTP/1.1 200 OK"                            
[09/17/26 09:59:22] INFO     HTTP Request: GET                   _client.py:1740
                             https://ridan.ru/product/082X5162R/                
                             properties "HTTP/1.1 200 OK"                       
[09/17/26 09:59:23] INFO     HTTP Request: GET                   _client.py:1740
                             https://eu-avtomatica.ru/truboprovo                
                             dnaya-armatura/setchatye-filtry/fil                
                             try-setchatye-ridan-fsf/filtr-setch                
                             atyj-ridan-fsf-s-probkoj-chugun-fla                
                             ntsevyj-pn16-dn25-082x4062r                        
                             "HTTP/1.1 200 OK"                                  
[09/17/26 09:59:27] INFO     HTTP Request: POST                  _client.py:1740
                             https://html.duckduckgo.com/html                   
                             "HTTP/1.1 200 OK"                                  
[09/17/26 09:59:28] INFO     HTTP Request: GET                   _client.py:1740
                             https://ridan-danfoss.ru/product/fi                
                             ltry-setchatye-ridan-fsf-082x4063r-                
                             ridan "HTTP/1.1 200 OK"                            
[09/17/26 09:59:29] INFO     HTTP Request: GET                   _client.py:1740
                             https://ridan.ru/product/082X4063R                 
                             "HTTP/1.1 200 OK"                                  
[09/17/26 09:59:31] INFO     HTTP Request: GET                   _client.py:1740
                             https://ridan.tesrussia.ru/product/                
                             ts-082X4063R/ "HTTP/1.1 200 OK"                    
[09/17/26 09:59:35] INFO     HTTP Request: POST                  _client.py:1740
                             https://html.duckduckgo.com/html                   
                             "HTTP/1.1 200 OK"                                  
[09/17/26 09:59:37] INFO     HTTP Request: GET                   _client.py:1740
                             https://ridan.ru/product/082X4064R                 
                             "HTTP/1.1 200 OK"                                  
[09/17/26 09:59:38] INFO     HTTP Request: GET                   _client.py:1740
                             https://ridan.tesrussia.ru/product/                
                             ts-082X4064R/ "HTTP/1.1 200 OK"                    
[09/17/26 09:59:42] INFO     HTTP Request: POST                  _client.py:1740
                             https://html.duckduckgo.com/html                   
                             "HTTP/1.1 200 OK"                                  
[09/17/26 09:59:43] INFO     HTTP Request: GET                   _client.py:1740
                             https://ridan.ru/product/082X4065R                 
                             "HTTP/1.1 200 OK"                                  
[09/17/26 09:59:46] INFO     HTTP Request: GET                   _client.py:1740
                             https://ridan.tesrussia.ru/product/                
                             ts-082X4065R/ "HTTP/1.1 200 OK"                    
[09/17/26 09:59:51] INFO     HTTP Request: GET                   _client.py:1740
                             https://ridan-danfoss.ru/product/fi                
                             ltry-setchatye-ridan-fsf-082x4065r-                
                             ridan "HTTP/1.1 200 OK"                            
[09/17/26 09:59:55] INFO     HTTP Request: POST                  _client.py:1740
                             https://html.duckduckgo.com/html                   
                             "HTTP/1.1 200 OK"                                  
[09/17/26 09:59:57] INFO     HTTP Request: GET                   _client.py:1740
                             https://ridan.ru/product/082X4066R                 
                             "HTTP/1.1 200 OK"                                  
[09/17/26 09:59:58] INFO     HTTP Request: GET                   _client.py:1740
                             https://ridan-danfoss.ru/product/fi                
                             ltry-setchatye-ridan-fsf-082x4066r-                
                             ridan "HTTP/1.1 200 OK"                            
[09/17/26 09:59:59] INFO     HTTP Request: GET                   _client.py:1740
                             https://ridan.tesrussia.ru/product/                
                             ts-082X4066R/ "HTTP/1.1 200 OK"                    
[09/17/26 10:00:03] INFO     HTTP Request: POST                  _client.py:1740
                             https://html.duckduckgo.com/html                   
                             "HTTP/1.1 200 OK"                                  
[09/17/26 10:00:05] INFO     HTTP Request: GET                   _client.py:1740
                             https://ridan.ru/product/082X4067R                 
                             "HTTP/1.1 200 OK"                                  
[09/17/26 10:00:06] INFO     HTTP Request: GET                   _client.py:1740
                             https://ridan-danfoss.ru/product/fi                
                             ltry-setchatye-ridan-fsf-082x4067r-                
                             ridan "HTTP/1.1 200 OK"                            
[09/17/26 10:00:08] INFO     HTTP Request: GET                   _client.py:1740
                             https://www.santech.ru/catalog/353/                
                             359/i547/v3~1/ "HTTP/1.1 200 OK"                   
[09/17/26 10:00:11] INFO     HTTP Request: POST                  _client.py:1740
                             https://html.duckduckgo.com/html                   
                             "HTTP/1.1 200 OK"                                  
[09/17/26 10:00:13] INFO     HTTP Request: GET                   _client.py:1740
                             https://ridan.ru/product/082X4068R                 
                             "HTTP/1.1 200 OK"                                  
[09/17/26 10:00:14] INFO     HTTP Request: GET                   _client.py:1740
                             https://ridan-danfoss.ru/product/fi                
                             ltry-setchatye-ridan-fsf-082x4068r-                
                             ridan "HTTP/1.1 200 OK"                            
[09/17/26 10:00:15] INFO     HTTP Request: GET                   _client.py:1740
                             https://ridan.tesrussia.ru/product/                
                             ts-082x4068r/ "HTTP/1.1 200 OK"                    
[09/17/26 10:00:19] INFO     HTTP Request: POST                  _client.py:1740
                             https://html.duckduckgo.com/html                   
                             "HTTP/1.1 200 OK"                                  
[09/17/26 10:00:20] INFO     HTTP Request: GET                   _client.py:1740
                             https://ridan.ru/product/082X4069R                 
                             "HTTP/1.1 200 OK"                                  
[09/17/26 10:00:22] INFO     HTTP Request: GET                   _client.py:1740
                             https://ridan.tesrussia.ru/product/                
                             ts-082X4069R/ "HTTP/1.1 200 OK"                    
[09/17/26 10:00:23] INFO     HTTP Request: GET                   _client.py:1740
                             https://ridan-danfoss.ru/product/fi                
                             ltry-setchatye-ridan-fsf-082x4069r-                
                             ridan "HTTP/1.1 200 OK"                            
[09/17/26 10:00:27] INFO     HTTP Request: POST                  _client.py:1740
                             https://html.duckduckgo.com/html                   
                             "HTTP/1.1 200 OK"                                  
[09/17/26 10:00:29] INFO     HTTP Request: GET                   _client.py:1740
                             https://ridan.ru/product/082X4070R                 
                             "HTTP/1.1 200 OK"                                  
[09/17/26 10:00:30] INFO     HTTP Request: GET                   _client.py:1740
                             https://ridan.ru/product/082X4070R/                
                             properties "HTTP/1.1 200 OK"                       
[09/17/26 10:00:31] INFO     HTTP Request: GET                   _client.py:1740
                             https://ridan.tesrussia.ru/product/                
                             ts-082X4070R/ "HTTP/1.1 200 OK"                    
[09/17/26 10:00:35] INFO     HTTP Request: POST                  _client.py:1740
                             https://html.duckduckgo.com/html                   
                             "HTTP/1.1 200 OK"                                  
[09/17/26 10:00:37] INFO     HTTP Request: GET                   _client.py:1740
                             https://ridan.ru/product/082X4071R                 
                             "HTTP/1.1 200 OK"                                  
[09/17/26 10:00:38] INFO     HTTP Request: GET                   _client.py:1740
                             https://ridan.ru/product/082X4071R/                
                             properties "HTTP/1.1 200 OK"                       
[09/17/26 10:00:42] INFO     HTTP Request: GET                   _client.py:1740
                             https://ridan.tesrussia.ru/product/                
                             ts-082X4071R/ "HTTP/1.1 200 OK"                    
[09/17/26 10:00:46] INFO     HTTP Request: POST                  _client.py:1740
                             https://html.duckduckgo.com/html                   
                             "HTTP/1.1 200 OK"                                  
[09/17/26 10:00:47] INFO     HTTP Request: GET                   _client.py:1740
                             https://ridan.ru/product/082X4072R                 
                             "HTTP/1.1 200 OK"                                  
[09/17/26 10:00:51] INFO     HTTP Request: GET                   _client.py:1740
                             https://ridan-danfoss.ru/product/fi                
                             ltry-setchatye-ridan-fsf-082x4072r-                
                             ridan "HTTP/1.1 200 OK"                            
[09/17/26 10:00:57] INFO     HTTP Request: GET                   _client.py:1740
                             https://dn.ru/filtr/flantcevyi/rida                
                             n/fsf-p/250 "HTTP/1.1 200 OK"                      
[09/17/26 10:01:01] INFO     HTTP Request: POST                  _client.py:1740
                             https://html.duckduckgo.com/html                   
                             "HTTP/1.1 200 OK"                                  
[09/17/26 10:01:02] INFO     HTTP Request: GET                   _client.py:1740
                             https://ridan.ru/product/082X4073R                 
                             "HTTP/1.1 200 OK"                                  
[09/17/26 10:01:04] INFO     HTTP Request: GET                   _client.py:1740
                             https://ridan.ru/product/082X4073R/                
                             properties "HTTP/1.1 200 OK"                       
[09/17/26 10:01:05] INFO     HTTP Request: GET                   _client.py:1740
                             https://ridan-danfoss.ru/product/fi                
                             ltry-setchatye-ridan-fsf-082x4073r-                
                             ridan "HTTP/1.1 200 OK"                            
[09/17/26 10:01:09] INFO     HTTP Request: POST                  _client.py:1740
                             https://html.duckduckgo.com/html                   
                             "HTTP/1.1 200 OK"                                  
                    INFO     HTTP Request: GET                   _client.py:1740
                             https://dn.ru/kipia/kran-dlya-manom                
                             etra/komplektuyshie/rosma/bobyshka/                
                             nerzh-g12-l40 "HTTP/1.1 200 OK"                    
                    INFO     HTTP Request: GET                   _client.py:1740
                             https://dn.ru/kipia/kran-dlya-manom                
                             etra/komplektuyshie/rosma/bobyshka/                
                             steel-g12-l40 "HTTP/1.1 200 OK"                    
[09/17/26 10:01:12] INFO     HTTP Request: GET                   _client.py:1740
                             https://rosma-russia.ru/shop/dopoln                
                             itelnoe-oborudovanie/bobyshki-iz-ne                
                             rzhaveyushhej-stali/dopolnitelnoe-o                
                             borudovanie-bobyshka-privarnaya-%E2                
                             %84%964-bp-kr-40-g1-2-nerzh/                       
                             "HTTP/1.1 200 OK"                                  
[09/17/26 10:01:16] INFO     HTTP Request: POST                  _client.py:1740
                             https://html.duckduckgo.com/html                   
                             "HTTP/1.1 200 OK"                                  
[09/17/26 10:01:17] INFO     HTTP Request: GET                   _client.py:1740
                             https://www.souz-pribor.ru/product/                
                             bsf-d3-1-2/ "HTTP/1.1 200 OK"                      
[09/17/26 10:01:48] INFO     HTTP Request: GET                   _client.py:1740
                             https://owen.ru/product/bsf                        
                             "HTTP/1.1 200 OK"                                  
[09/17/26 10:01:50] INFO     HTTP Request: POST                  _client.py:1740
                             https://html.duckduckgo.com/html                   
                             "HTTP/1.1 200 OK"                                  
[09/17/26 10:01:51] INFO     HTTP Request: GET                   _client.py:1740
                             https://stimek.ru/product/trap-pp-1                
                             10-150h150-pramoj-nerzresetka-popla                
                             vkovyj-suhoj-zatvor-tp-104110-150vs                
                             ds-tatpolimer-6109 "HTTP/1.1 200                   
                             OK"                                                
[09/17/26 10:01:52] INFO     HTTP Request: GET                   _client.py:1740
                             https://ost-m.ru/catalog/kanalizats                
                             iya_trapy_kanalizatsionnye_trapy_s_                
                             reshetkoy_iz_nerzhaveyushchey_stali                
                             /trap_pp_110_goriz_vypusk_reshetka_                
                             nerzh_stal_150kh150_sukhoy_mekhanic                
                             heskiy_zatvor_tp_105_110_150hsms.ph                
                             p "HTTP/1.1 200 OK"                                
[09/17/26 10:01:53] INFO     HTTP Request: GET                   _client.py:1740
                             https://santehnica.kz/p89302578-tra                
                             p-150150-du110.html "HTTP/1.1 200                  
                             OK"                                                
[09/17/26 10:02:07] INFO     HTTP Request: POST                  _client.py:1740
                             https://html.duckduckgo.com/html                   
                             "HTTP/1.1 200 OK"                                  
[09/17/26 10:02:09] INFO     HTTP Request: GET                   _client.py:1740
                             https://ridan.ru/product/082X4534R                 
                             "HTTP/1.1 200 OK"                                  
[09/17/26 10:02:11] INFO     HTTP Request: GET                   _client.py:1740
                             https://ridan.tesrussia.ru/product/                
                             ts-082X4534R/ "HTTP/1.1 200 OK"                    
[09/17/26 10:02:12] INFO     HTTP Request: GET                   _client.py:1740
                             https://ridan.ekoport.ru/ridan-082x                
                             4534r-zatvor-diskovyy-pn16-dn100-di                
                             sk-chugun-s-elektroprivodom-220v/                  
                             "HTTP/1.1 200 OK"                                  
[09/17/26 10:02:16] INFO     HTTP Request: POST                  _client.py:1740
                             https://html.duckduckgo.com/html                   
                             "HTTP/1.1 200 OK"                                  
                    INFO     HTTP Request: GET                   _client.py:1740
                             https://ridan.ru/product/082X8498R/                
                             properties "HTTP/1.1 200 OK"                       
[09/17/26 10:02:17] INFO     HTTP Request: GET                   _client.py:1740
                             https://ridan.ru/catalog/387/zatvor                
                             -obratnyi-nvd-895r "HTTP/1.1 200                   
                             OK"                                                
[09/17/26 10:02:18] INFO     HTTP Request: GET                   _client.py:1740
                             https://ridan.tesrussia.ru/ridan-nv                
                             d-895r-082x8498r-zatvor-obratnyy-me                
                             zhflantsevyy-pruzhinnyy-dvustvorcha                
                             tyy-pn16-dn100-chugun-gjl250/                      
                             "HTTP/1.1 301 Moved Permanently"                   
[09/17/26 10:02:19] INFO     HTTP Request: GET                   _client.py:1740
                             https://ridan.tesrussia.ru/product/                
                             ts-082X8498R/ "HTTP/1.1 200 OK"                    
[09/17/26 10:02:23] INFO     HTTP Request: POST                  _client.py:1740
                             https://html.duckduckgo.com/html                   
                             "HTTP/1.1 200 OK"                                  
[09/17/26 10:02:24] INFO     HTTP Request: GET                   _client.py:1740
                             https://ridan.ru/product/065B8329R/                
                             properties "HTTP/1.1 200 OK"                       
[09/17/26 10:02:25] INFO     HTTP Request: GET                   _client.py:1740
                             https://ridan.ru/product/065B8229R                 
                             "HTTP/1.1 200 OK"                                  
[09/17/26 10:02:26] INFO     HTTP Request: GET                   _client.py:1740
                             https://lunda.ru/catalog/category/c                
                             13177/product/klapan-nrv-ridan_3594                
                             2.html "HTTP/1.1 401 Unauthorized"                 
[09/17/26 10:02:29] INFO     HTTP Request: POST                  _client.py:1740
                             https://html.duckduckgo.com/html                   
                             "HTTP/1.1 200 OK"                                  
[09/17/26 10:02:31] INFO     HTTP Request: GET                   _client.py:1740
                             https://ridan.ru/catalog/384/obratn                
                             yi-klapan-nvd-402r "HTTP/1.1 200                   
                             OK"                                                
[09/17/26 10:02:32] INFO     HTTP Request: GET                   _client.py:1740
                             https://ridan.ru/product/082X8475R                 
                             "HTTP/1.1 200 OK"                                  
[09/17/26 10:02:34] INFO     HTTP Request: GET                   _client.py:1740
                             https://dn.ru/klapan/klapan-obratny                
                             i/flantcevyi/pruzhinnyi/ridan/nvd-4                
                             02r/dn40 "HTTP/1.1 200 OK"                         
[09/17/26 10:02:38] INFO     HTTP Request: POST                  _client.py:1740
                             https://html.duckduckgo.com/html                   
                             "HTTP/1.1 200 OK"                                  
[09/17/26 10:02:39] INFO     HTTP Request: GET                   _client.py:1740
                             https://ridan.ru/product/065B8328R/                
                             properties "HTTP/1.1 200 OK"                       
[09/17/26 10:02:40] INFO     HTTP Request: GET                   _client.py:1740
                             https://ridan.tesrussia.ru/product/                
                             ts-065B8328R/ "HTTP/1.1 200 OK"                    
[09/17/26 10:02:41] INFO     HTTP Request: GET                   _client.py:1740
                             https://www.etm.ru/cat/nn/1459750                  
                             "HTTP/1.1 444 "                                    
[09/17/26 10:02:45] INFO     HTTP Request: POST                  _client.py:1740
                             https://html.duckduckgo.com/html                   
                             "HTTP/1.1 200 OK"                                  
[09/17/26 10:02:46] INFO     HTTP Request: GET                   _client.py:1740
                             https://ridan.ru/product/065N9508GR                
                             "HTTP/1.1 200 OK"                                  
[09/17/26 10:02:48] INFO     HTTP Request: GET                   _client.py:1740
                             https://ridan.ru/product/065N9508GR                
                             /properties "HTTP/1.1 200 OK"                      
[09/17/26 10:02:50] INFO     HTTP Request: GET                   _client.py:1740
                             https://lunda.ru/catalog/category/c                
                             13147/product/kran-rjip-babv3-ww-ri                
                             dan_35909/item/a6058.html "HTTP/1.1                
                             401 Unauthorized"                                  
[09/17/26 10:02:54] INFO     HTTP Request: POST                  _client.py:1740
                             https://html.duckduckgo.com/html                   
                             "HTTP/1.1 200 OK"                                  
                    INFO     HTTP Request: GET                   _client.py:1740
                             https://lunda.ru/catalog/category/c                
                             13147/product/kran-rjip-babv3-ww-ri                
                             dan_35909/item/a6059.html "HTTP/1.1                
                             401 Unauthorized"                                  
[09/17/26 10:02:55] INFO     HTTP Request: GET                   _client.py:1740
                             https://ridan.ru/product/065N9509GR                
                             /docs "HTTP/1.1 200 OK"                            
[09/17/26 10:03:08] INFO     HTTP Request: GET                   _client.py:1740
                             https://ridan.teploprofi.com/ridan-                
                             065n9509gr-klapan-zaporno-reguliruy                
                             ushchiy-rjip-babv3-du125-ru25-pod-p                
                             rivarku/ "HTTP/1.1 200 OK"                         
[09/17/26 10:03:12] INFO     HTTP Request: POST                  _client.py:1740
                             https://html.duckduckgo.com/html                   
                             "HTTP/1.1 200 OK"                                  
[09/17/26 10:03:13] INFO     HTTP Request: GET                   _client.py:1740
                             https://dn.ru/storage/certificates/                
                             ridan/krany/rjip_babv.pdf "HTTP/1.1                
                             200 OK"                                            
[09/17/26 10:03:14] INFO     HTTP Request: GET                   _client.py:1740
                             https://ridan.ru/catalog/321/stalny                
                             e-zaporno-reguliruyushhie-krany-rji                
                             p-babv3 "HTTP/1.1 200 OK"                          
[09/17/26 10:03:16] INFO     HTTP Request: GET                   _client.py:1740
                             https://lunda.ru/catalog/category/c                
                             13147/product/kran-rjip-babv3-ff-ri                
                             dan_35910/item/a6064.html "HTTP/1.1                
                             401 Unauthorized"                                  
[09/17/26 10:03:20] INFO     HTTP Request: POST                  _client.py:1740
                             https://html.duckduckgo.com/html                   
                             "HTTP/1.1 200 OK"                                  
[09/17/26 10:03:21] INFO     HTTP Request: GET                   _client.py:1740
                             https://ridan.ru/product/065N9510GR                
                             "HTTP/1.1 200 OK"                                  
[09/17/26 10:03:22] INFO     HTTP Request: GET                   _client.py:1740
                             https://ridan.tesrussia.ru/product/                
                             ts-065N9510GR/ "HTTP/1.1 200 OK"                   
[09/17/26 10:03:31] INFO     HTTP Request: GET                   _client.py:1740
                             https://ridandanfoss.ru/teplovaya-a                
                             vtomatika/truboprovodnaya-armatura-                
                             teplovoj-avtomatiki/stalnye-krany-z                
                             aporno-reguliruyushchie-ridan/ridan                
                             -065n9510gr-%E2%80%94-klapan-zaporn                
                             o-reguliruyushij-rjip-babv3-du150-r                
                             u25-pod-privarku "HTTP/1.1 200 OK"                 
[09/17/26 10:03:35] INFO     HTTP Request: POST                  _client.py:1740
                             https://html.duckduckgo.com/html                   
                             "HTTP/1.1 200 OK"                                  
[09/17/26 10:03:36] INFO     HTTP Request: GET                   _client.py:1740
                             https://ridan.tesrussia.ru/product/                
                             ts-065N9505GR/ "HTTP/1.1 200 OK"                   
[09/17/26 10:03:37] INFO     HTTP Request: GET                   _client.py:1740
                             https://lunda.ru/catalog/category/c                
                             13147/product/kran-rjip-babv3-ww-ri                
                             dan_35909/item/a6055.html "HTTP/1.1                
                             401 Unauthorized"                                  
[09/17/26 10:03:42] INFO     HTTP Request: POST                  _client.py:1740
                             https://html.duckduckgo.com/html                   
                             "HTTP/1.1 200 OK"                                  
                    INFO     HTTP Request: GET                   _client.py:1740
                             https://lunda.ru/catalog/category/c                
                             13147/product/kran-rjip-babv3-ww-ri                
                             dan_35909/item/a6055.html "HTTP/1.1                
                             401 Unauthorized"                                  
[09/17/26 10:03:46] INFO     HTTP Request: POST                  _client.py:1740
                             https://html.duckduckgo.com/html                   
                             "HTTP/1.1 200 OK"                                  
[09/17/26 10:03:47] INFO     HTTP Request: GET                   _client.py:1740
                             https://ridan.tesrussia.ru/product/                
                             ts-065n9506gr/ "HTTP/1.1 200 OK"                   
                    INFO     HTTP Request: GET                   _client.py:1740
                             https://lunda.ru/catalog/category/c                
                             13147/product/kran-rjip-babv3-ww-ri                
                             dan_35909/item/a6056.html "HTTP/1.1                
                             401 Unauthorized"                                  
[09/17/26 10:03:51] INFO     HTTP Request: POST                  _client.py:1740
                             https://html.duckduckgo.com/html                   
                             "HTTP/1.1 200 OK"                                  
[09/17/26 10:03:52] INFO     HTTP Request: GET                   _client.py:1740
                             https://ridan.ru/product/065N9546GR                
                             "HTTP/1.1 200 OK"                                  
[09/17/26 10:03:53] INFO     HTTP Request: GET                   _client.py:1740
                             https://ridan.tesrussia.ru/product/                
                             ts-065n9546gr/ "HTTP/1.1 200 OK"                   
[09/17/26 10:03:58] INFO     HTTP Request: POST                  _client.py:1740
                             https://html.duckduckgo.com/html                   
                             "HTTP/1.1 200 OK"                                  
                    INFO     HTTP Request: GET                   _client.py:1740
                             https://lunda.ru/catalog/category/c                
                             13147/product/kran-rjip-babv3-ww-ri                
                             dan_35909/item/a6057.html "HTTP/1.1                
                             401 Unauthorized"                                  
[09/17/26 10:04:01] INFO     HTTP Request: GET                   _client.py:1740
                             https://ridan.ru/product/065N9507G/                
                             properties "HTTP/1.1 200 OK"                       
[09/17/26 10:04:05] INFO     HTTP Request: POST                  _client.py:1740
                             https://html.duckduckgo.com/html                   
                             "HTTP/1.1 200 OK"                                  
[09/17/26 10:04:07] INFO     HTTP Request: GET                   _client.py:1740
                             https://ridan.ru/product/065N9547GR                
                             "HTTP/1.1 200 OK"                                  
[09/17/26 10:04:08] INFO     HTTP Request: GET                   _client.py:1740
                             https://ridan.tesrussia.ru/product/                
                             ts-065n9547gr/ "HTTP/1.1 200 OK"                   
[09/17/26 10:04:13] INFO     HTTP Request: POST                  _client.py:1740
                             https://html.duckduckgo.com/html                   
                             "HTTP/1.1 200 OK"                                  
[09/17/26 10:04:15] INFO     HTTP Request: GET                   _client.py:1740
                             https://ridan.ru/product/082X4130R                 
                             "HTTP/1.1 200 OK"                                  
[09/17/26 10:04:16] INFO     HTTP Request: GET                   _client.py:1740
                             https://ridan.ekoport.ru/ridan-082x                
                             4140r-klapan-reduktsionnyy-7biz-pn1                
                             6-dn15-latun-cw602n/ "HTTP/1.1 200                 
                             OK"                                                
[09/17/26 10:04:17] INFO     HTTP Request: GET                   _client.py:1740
                             https://ridan.ink-engineering.ru/ri                
                             dan-082x4140r-klapan-reduktsionnyy-                
                             7biz-pn16-dn15-latun-cw602n/                       
                             "HTTP/1.1 200 OK"                                  
[09/17/26 10:04:35] INFO     HTTP Request: POST                  _client.py:1740
                             https://html.duckduckgo.com/html                   
                             "HTTP/1.1 200 OK"                                  
                    INFO     HTTP Request: GET                   _client.py:1740
                             https://www.vseinstrumenti.ru/produ                
                             ct/kran-dlya-manometra-rosma-3-hodo                
                             voj-du15-ru25-latun-prokladka-gajka                
                             -vr-m20h1-5-g1-2-d070-04245-1644529                
                             7/ "HTTP/1.1 403 Forbidden"                        
[09/17/26 10:04:36] INFO     HTTP Request: GET                   _client.py:1740
                             https://www.vseinstrumenti.ru/produ                
                             ct/kran-dlya-manometra-trehhodovoj-                
                             rosma-du15-ru25-latun-vr-nr-m20h1-5                
                             -g1-2-d070-04251-18444774/                         
                             "HTTP/1.1 403 Forbidden"                           
                    INFO     HTTP Request: GET                   _client.py:1740
                             https://mera-tek.ru/catalog/otborny                
                             e-ustroystva-opravy-bobyshki/kran-3                
                             -kh-khodovoy-m20kh1-5-g1-2-vnutr-vn                
                             utr-rosma/ "HTTP/1.1 200 OK"                       
[09/17/26 10:04:44] INFO     HTTP Request: POST                  _client.py:1740
                             https://html.duckduckgo.com/html                   
                             "HTTP/1.1 200 OK"                                  
[09/17/26 10:04:50] INFO     HTTP Request: GET                   _client.py:1740
                             https://dn.ru/sharovyi-kran/teplosn                
                             abzhenie/rezbovye-kran/polnoprohodn                
                             oi/danfoss/amz112/dn25 "HTTP/1.1                   
                             200 OK"                                            
[09/17/26 10:04:51] INFO     HTTP Request: GET                   _client.py:1740
                             https://ridan-danfoss.ru/product/kl                
                             apany-sharovye-s-elektroprivodom-08                
                             2g5408-danfoss "HTTP/1.1 200 OK"                   
                    INFO     HTTP Request: GET                   _client.py:1740
                             https://aquatora.ru/product/kran-sh                
                             arovoi-danfoss-amz-112-2kh-poz-du25                
                             -ep-230v "HTTP/1.1 200 OK"                         
[09/17/26 10:04:56] INFO     HTTP Request: POST                  _client.py:1740
                             https://html.duckduckgo.com/html                   
                             "HTTP/1.1 200 OK"                                  
                    INFO     HTTP Request: GET                   _client.py:1740
                             https://eu-avtomatica.ru/klapany-sh                
                             arovye-s-elektroprivodom/kran-sharo                
                             vyj-dvukhkhodovoj-s-e-privodom-danf                
                             oss-amz-112-du25-24v-082g5402                      
                             "HTTP/1.1 200 OK"                                  
                    INFO     HTTP Request: GET                   _client.py:1740
                             https://lunda.ru/catalog/category/c                
                             1251/product/kran-amz112-danfoss_22                
                             79.html "HTTP/1.1 401 Unauthorized"                
[09/17/26 10:04:57] INFO     HTTP Request: GET                   _client.py:1740
                             https://aquatora.ru/product/kran-sh                
                             arovoi-danfoss-amz-112-2kh-poz-du25                
                             -ep-24v "HTTP/1.1 200 OK"                          
[09/17/26 10:05:01] INFO     HTTP Request: POST                  _client.py:1740
                             https://html.duckduckgo.com/html                   
                             "HTTP/1.1 200 OK"                                  
[09/17/26 10:05:02] INFO     HTTP Request: GET                   _client.py:1740
                             https://www.logikamarket.ru/catalog                
                             /zaporno-reguliruyushchaya-armatura                
                             /krany-sharovye/bvr/ "HTTP/1.1 200                 
                             OK"                                                
[09/17/26 10:05:03] INFO     HTTP Request: GET                   _client.py:1740
                             https://www.logika-consortium.ru/ko                
                             mplektnye-postavki/product/bvr/                    
                             "HTTP/1.1 200 OK"                                  
[09/17/26 10:05:04] INFO     HTTP Request: GET                   _client.py:1740
                             https://assets.danfoss.com/document                
                             s/latest/44221/AI324433841887ru-RU0                
                             101.pdf "HTTP/1.1 200 OK"                          
[09/17/26 10:05:08] INFO     HTTP Request: POST                  _client.py:1740
                             https://html.duckduckgo.com/html                   
                             "HTTP/1.1 200 OK"                                  
[09/17/26 10:05:09] INFO     HTTP Request: GET                   _client.py:1740
                             https://ridan.ru/catalog/333/sarovy                
                             e-krany-bvr-r "HTTP/1.1 200 OK"                    
[09/17/26 10:05:10] INFO     HTTP Request: GET                   _client.py:1740
                             https://ridan-danfoss.ru/product/la                
                             tunnye-sharovye-krany-bvr-065b8210-                
                             danfoss "HTTP/1.1 200 OK"                          
[09/17/26 10:05:13] INFO     HTTP Request: POST                  _client.py:1740
                             https://html.duckduckgo.com/html                   
                             "HTTP/1.1 200 OK"                                  
[09/17/26 10:05:15] INFO     HTTP Request: GET                   _client.py:1740
                             https://ridan.ru/product/187F0593                  
                             "HTTP/1.1 200 OK"                                  
[09/17/26 10:05:16] INFO     HTTP Request: GET                   _client.py:1740
                             https://www.ru-danfoss.ru/kran-shar                
                             -dn15-dlya-mont-termodatchika-187f0                
                             593 "HTTP/1.1 200 OK"                              
                    INFO     HTTP Request: GET                   _client.py:1740
                             https://www.is-com.ru/products/shar                
                             ovoy-kran-danfoss-187f0593/                        
                             "HTTP/1.1 200 OK"                                  
[09/17/26 10:05:19] INFO     HTTP Request: POST                  _client.py:1740
                             https://html.duckduckgo.com/html                   
                             "HTTP/1.1 200 OK"                                  
[09/17/26 10:05:20] INFO     HTTP Request: GET                   _client.py:1740
                             https://ridan.ru/product/065B8307RG                
                             "HTTP/1.1 200 OK"                                  
[09/17/26 10:05:21] INFO     HTTP Request: GET                   _client.py:1740
                             https://www.etm.ru/cat/nn/6538362                  
                             "HTTP/1.1 444 "                                    
[09/17/26 10:05:25] INFO     HTTP Request: POST                  _client.py:1740
                             https://html.duckduckgo.com/html                   
                             "HTTP/1.1 200 OK"                                  
[09/17/26 10:05:32] INFO     HTTP Request: GET                   _client.py:1740
                             https://dn.ru/sharovyi-kran/teplosn                
                             abzhenie/rezbovye-kran/polnoprohodn                
                             oi/ridan/bvr-r/dn50 "HTTP/1.1 200                  
                             OK"                                                
[09/17/26 10:05:36] INFO     HTTP Request: GET                   _client.py:1740
                             https://ridan.ru/catalog/1172/sarov                
                             ye-krany-bvr-r-gost "HTTP/1.1 200                  
                             OK"                                                
[09/17/26 10:05:40] INFO     HTTP Request: POST                  _client.py:1740
                             https://html.duckduckgo.com/html                   
                             "HTTP/1.1 200 OK"                                  
[09/17/26 10:05:41] INFO     HTTP Request: GET                   _client.py:1740
                             https://ridan.ru/product/082G5409R                 
                             "HTTP/1.1 200 OK"                                  
[09/17/26 10:05:43] INFO     HTTP Request: GET                   _client.py:1740
                             https://ridan.ru/product/082G5409R/                
                             docs "HTTP/1.1 200 OK"                             
[09/17/26 10:05:44] INFO     HTTP Request: GET                   _client.py:1740
                             https://ridan-danfoss.ru/product/kl                
                             apany-sharovye-s-elektroprivodom-08                
                             2g5409r-ridan "HTTP/1.1 200 OK"                    
[09/17/26 10:05:49] INFO     HTTP Request: POST                  _client.py:1740
                             https://html.duckduckgo.com/html                   
                             "HTTP/1.1 200 OK"                                  
[09/17/26 10:05:51] INFO     HTTP Request: GET                   _client.py:1740
                             https://heat-energy.ru/product/shar                
                             ovoj-kran-danfoss-jip-g-ff-art-065n                
                             0351/ "HTTP/1.1 200 OK"                            
[09/17/26 10:05:56] INFO     HTTP Request: GET                   _client.py:1740
                             https://ridan-danfoss.ru/product/st                
                             alnye-sharovye-krany-danfoss-065n03                
                             51g-danfoss-1275 "HTTP/1.1 200 OK"                 
[09/17/26 10:06:00] INFO     HTTP Request: POST                  _client.py:1740
                             https://html.duckduckgo.com/html                   
                             "HTTP/1.1 200 OK"                                  
[09/17/26 10:06:03] INFO     HTTP Request: GET                   _client.py:1740
                             https://ridan.ru/product/065N0340GR                
                             "HTTP/1.1 200 OK"                                  
[09/17/26 10:06:09] INFO     HTTP Request: GET                   _client.py:1740
                             https://dn.ru/sharovyi-kran/teplosn                
                             abzhenie/flantcevyi-kran/standartny                
                             i/ridan/rjip-premium-ff-gr/dn100                   
                             "HTTP/1.1 200 OK"                                  
[09/17/26 10:06:10] INFO     HTTP Request: GET                   _client.py:1740
                             https://lunda.ru/catalog/category/c                
                             1105/product/kran-jip-premium-ff-ri                
                             dan_35875.html "HTTP/1.1 401                       
                             Unauthorized"                                      
[09/17/26 10:06:13] INFO     HTTP Request: POST                  _client.py:1740
                             https://html.duckduckgo.com/html                   
                             "HTTP/1.1 200 OK"                                  
[09/17/26 10:06:14] INFO     HTTP Request: GET                   _client.py:1740
                             https://ridan-danfoss.ru/product/st                
                             alnye-sharovye-krany-danfoss-065n03                
                             00g-danfoss-1250 "HTTP/1.1 200 OK"                 
[09/17/26 10:06:18] INFO     HTTP Request: GET                   _client.py:1740
                             https://dn.ru/sharovyi-kran/teplosn                
                             abzhenie/flantcevyi-kran/standartny                
                             i/danfoss/jip-ff/dn15 "HTTP/1.1 200                
                             OK"                                                
[09/17/26 10:06:23] INFO     HTTP Request: GET                   _client.py:1740
                             https://ridandanfoss.ru/truboprovod                
                             naya-armatura/sharovye-krany/stalny                
                             e-sharovye-krany-danfoss/danfoss-ji                
                             p-premium-ff-kran-sharovyj-du15-ru4                
                             0-s-rukoyatkoj-065n0300g "HTTP/1.1                 
                             200 OK"                                            
[09/17/26 10:06:27] INFO     HTTP Request: POST                  _client.py:1740
                             https://html.duckduckgo.com/html                   
                             "HTTP/1.1 200 OK"                                  
[09/17/26 10:06:29] INFO     HTTP Request: GET                   _client.py:1740
                             https://ridan.ru/product/065N9600R                 
                             "HTTP/1.1 200 OK"                                  
[09/17/26 10:06:35] INFO     HTTP Request: GET                   _client.py:1740
                             https://dn.ru/sharovyi-kran/teplosn                
                             abzhenie/kran-pod-privarku/standart                
                             nyi/ridan/jip-r-standard-ww/dn15                   
                             "HTTP/1.1 200 OK"                                  
[09/17/26 10:06:36] INFO     HTTP Request: GET                   _client.py:1740
                             https://ridan-danfoss.ru/product/st                
                             alnye-sharovye-krany-rjip-standard-                
                             065n9600r-ridan "HTTP/1.1 200 OK"                  
[09/17/26 10:06:39] INFO     HTTP Request: POST                  _client.py:1740
                             https://html.duckduckgo.com/html                   
                             "HTTP/1.1 200 OK"                                  
[09/17/26 10:06:41] INFO     HTTP Request: GET                   _client.py:1740
                             https://ridan.ru/product/065N0100GR                
                             "HTTP/1.1 200 OK"                                  
[09/17/26 10:06:42] INFO     HTTP Request: GET                   _client.py:1740
                             https://ridan-danfoss.ru/product/kr                
                             any-sharovye-stalnye-rjip-premium-0                
                             65n0100gr-ridan "HTTP/1.1 200 OK"                  
                    INFO     HTTP Request: GET                   _client.py:1740
                             https://lunda.ru/catalog/category/c                
                             1105/product/kran-jip-premium-ww-ri                
                             dan_35869.html "HTTP/1.1 401                       
                             Unauthorized"                                      
[09/17/26 10:06:46] INFO     HTTP Request: POST                  _client.py:1740
                             https://html.duckduckgo.com/html                   
                             "HTTP/1.1 200 OK"                                  
[09/17/26 10:06:47] INFO     HTTP Request: GET                   _client.py:1740
                             https://www.santech.ru/catalog/317/                
                             324/i2849/v2/ "HTTP/1.1 200 OK"                    
[09/17/26 10:06:48] INFO     HTTP Request: GET                   _client.py:1740
                             https://gremir.ru/krany-sharovye/st                
                             alnye/krany-danfoss-stalnye/JIP-Sta                
                             ndard-FF/kran-stalnoy-flantsevyy-du                
                             -20-ru-16-l150mm-ridan-jip-r-standa                
                             rd-ff/ "HTTP/1.1 200 OK"                           
[09/17/26 10:06:49] INFO     HTTP Request: GET                   _client.py:1740
                             https://pipeprice.ru/product/kran-s                
                             harovoy-stal-jip-standard-ff-du-20-                
                             ru16-flantsevyy-danfoss-065n9621/                  
                             "HTTP/1.1 200 OK"                                  
[09/17/26 10:06:54] INFO     HTTP Request: POST                  _client.py:1740
                             https://html.duckduckgo.com/html                   
                             "HTTP/1.1 200 OK"                                  
[09/17/26 10:06:55] INFO     HTTP Request: GET                   _client.py:1740
                             https://ridan-danfoss.ru/product/st                
                             alnye-sharovye-krany-rjip-standard-                
                             065n9601r-ridan "HTTP/1.1 200 OK"                  
[09/17/26 10:06:56] INFO     HTTP Request: GET                   _client.py:1740
                             https://eu-avtomatica.ru/truboprovo                
                             dnaya-armatura/sharovye-krany/staln                
                             ye-sharovye-krany-rjip-standard/rid                
                             an-jip-standard-ww-kran-shar-du20-r                
                             u16-ruchka-065n9601r "HTTP/1.1 200                 
                             OK"                                                
[09/17/26 10:06:57] INFO     HTTP Request: GET                   _client.py:1740
                             https://pipeprice.ru/product/kran-s                
                             harovoy-stalnoy-rjip-standard-ww-du                
                             -20-ru16-pod-privarku-st/ "HTTP/1.1                
                             200 OK"                                            
[09/17/26 10:07:02] INFO     HTTP Request: POST                  _client.py:1740
                             https://html.duckduckgo.com/html                   
                             "HTTP/1.1 200 OK"                                  
[09/17/26 10:07:03] INFO     HTTP Request: GET                   _client.py:1740
                             https://ridan.tesrussia.ru/product/                
                             ts-065N0156GR/ "HTTP/1.1 200 OK"                   
[09/17/26 10:07:10] INFO     HTTP Request: GET                   _client.py:1740
                             https://dn.ru/sharovyi-kran/teplosn                
                             abzhenie/flantcevyi-kran/standartny                
                             i/ridan/rjip-premium-ff-wg/dn200                   
                             "HTTP/1.1 200 OK"                                  
[09/17/26 10:07:11] INFO     HTTP Request: GET                   _client.py:1740
                             https://lunda.ru/catalog/category/c                
                             1105/product/kran-jip-premium-ww-ri                
                             dan_35869.html "HTTP/1.1 401                       
                             Unauthorized"                                      
[09/17/26 10:07:15] INFO     HTTP Request: POST                  _client.py:1740
                             https://html.duckduckgo.com/html                   
                             "HTTP/1.1 200 OK"                                  
                    INFO     HTTP Request: GET                   _client.py:1740
                             https://ridan-danfoss.ru/product/kr                
                             any-sharovye-stalnye-rjip-premium-0                
                             65n0110gr-ridan "HTTP/1.1 200 OK"                  
[09/17/26 10:07:16] INFO     HTTP Request: GET                   _client.py:1740
                             https://ridan.tesrussia.ru/product/                
                             ts-065N0110GR/ "HTTP/1.1 200 OK"                   
[09/17/26 10:07:17] INFO     HTTP Request: GET                   _client.py:1740
                             https://www.proteplo-spb.ru/product                
                             /ridan_rjip_premium_ww_du_25_sharov                
                             oy_stalnoy_kran_pod_privarku_s_ruko                
                             yatkoy_065n0110gr "HTTP/1.1 200 OK"                
[09/17/26 10:07:21] INFO     HTTP Request: POST                  _client.py:1740
                             https://html.duckduckgo.com/html                   
                             "HTTP/1.1 200 OK"                                  
[09/17/26 10:07:23] INFO     HTTP Request: GET                   _client.py:1740
                             https://ridan.ru/product/065N9622R                 
                             "HTTP/1.1 200 OK"                                  
[09/17/26 10:07:26] INFO     HTTP Request: GET                   _client.py:1740
                             https://ridan.ru/product/065N9622/p                
                             roperties "HTTP/1.1 200 OK"                        
[09/17/26 10:07:27] INFO     HTTP Request: GET                   _client.py:1740
                             https://lunda.ru/catalog/category/c                
                             1105/product/kran-jip-standard-ff-r                
                             idan_35883.html "HTTP/1.1 401                      
                             Unauthorized"                                      
[09/17/26 10:07:31] INFO     HTTP Request: POST                  _client.py:1740
                             https://html.duckduckgo.com/html                   
                             "HTTP/1.1 200 OK"                                  
[09/17/26 10:07:33] INFO     HTTP Request: GET                   _client.py:1740
                             https://ridan.ru/product/065N9602R                 
                             "HTTP/1.1 200 OK"                                  
[09/17/26 10:07:35] INFO     HTTP Request: GET                   _client.py:1740
                             https://lunda.ru/catalog/category/c                
                             1105/product/kran-jip-standard-ww-r                
                             idan_35881.html "HTTP/1.1 401                      
                             Unauthorized"                                      
[09/17/26 10:07:40] INFO     HTTP Request: GET                   _client.py:1740
                             https://termopartner.ru/catalog/tru                
                             boprovodnaya_armatura/sharovye_kran                
                             y/sharovye_krany_ridan/krany_sharov                
                             ye_rjip_standard_ww_ridan/kran_065n                
                             9602r_rjip_ww_standart_du25_ru16_s_                
                             rukoyatkoy_ridan/ "HTTP/1.1 200 OK"                
[09/17/26 10:07:44] INFO     HTTP Request: POST                  _client.py:1740
                             https://html.duckduckgo.com/html                   
                             "HTTP/1.1 200 OK"                                  
[09/17/26 10:07:48] INFO     HTTP Request: GET                   _client.py:1740
                             https://ridan.ru/product/065N0315G                 
                             "HTTP/1.1 200 OK"                                  
[09/17/26 10:07:53] INFO     HTTP Request: GET                   _client.py:1740
                             https://dn.ru/sharovyi-kran/teplosn                
                             abzhenie/flantcevyi-kran/standartny                
                             i/danfoss/jip-ff/dn32 "HTTP/1.1 200                
                             OK"                                                
[09/17/26 10:07:54] INFO     HTTP Request: GET                   _client.py:1740
                             https://armtrading.ru/zapornaya-arm                
                             atura/kran-sharovoj-stalnoj-jip-ff-                
                             gost-du32-ru40-flantsevyj-065n0315g                
                             -danfoss-detail.html "HTTP/1.1 200                 
                             OK"                                                
[09/17/26 10:07:58] INFO     HTTP Request: POST                  _client.py:1740
                             https://html.duckduckgo.com/html                   
                             "HTTP/1.1 200 OK"                                  
[09/17/26 10:08:01] INFO     HTTP Request: GET                   _client.py:1740
                             https://ridan.ru/product/065N0115GR                
                             "HTTP/1.1 200 OK"                                  
[09/17/26 10:08:04] INFO     HTTP Request: GET                   _client.py:1740
                             https://ridan.ru/product/065N0115GR                
                             /properties "HTTP/1.1 200 OK"                      
[09/17/26 10:08:05] INFO     HTTP Request: GET                   _client.py:1740
                             https://ridan-danfoss.ru/product/kr                
                             any-sharovye-stalnye-rjip-premium-0                
                             65n0115gr-ridan "HTTP/1.1 200 OK"                  
[09/17/26 10:08:09] INFO     HTTP Request: POST                  _client.py:1740
                             https://html.duckduckgo.com/html                   
                             "HTTP/1.1 200 OK"                                  
[09/17/26 10:08:10] INFO     HTTP Request: GET                   _client.py:1740
                             https://ridan.ru/product/065N9623R                 
                             "HTTP/1.1 200 OK"                                  
[09/17/26 10:08:11] INFO     HTTP Request: GET                   _client.py:1740
                             https://lunda.ru/catalog/category/c                
                             1105/product/kran-jip-standard-ff-r                
                             idan_35883.html "HTTP/1.1 401                      
                             Unauthorized"                                      
[09/17/26 10:08:17] INFO     HTTP Request: GET                   _client.py:1740
                             https://dn.ru/sharovyi-kran/teplosn                
                             abzhenie/flantcevyi-kran/standartny                
                             i/ridan/jip-r-standard-ff/dn32                     
                             "HTTP/1.1 200 OK"                                  
[09/17/26 10:08:20] INFO     HTTP Request: POST                  _client.py:1740
                             https://html.duckduckgo.com/html                   
                             "HTTP/1.1 200 OK"                                  
[09/17/26 10:08:22] INFO     HTTP Request: GET                   _client.py:1740
                             https://ridan.ru/product/065N9623R                 
                             "HTTP/1.1 200 OK"                                  
[09/17/26 10:08:24] INFO     HTTP Request: GET                   _client.py:1740
                             https://termopartner.ru/catalog/tru                
                             boprovodnaya_armatura/sharovye_kran                
                             y/sharovye_krany_ridan/krany_sharov                
                             ye_rjip_standard_ww_ridan/kran_065n                
                             9603r_rjip_ww_standart_du32_ru16_s_                
                             rukoyatkoy_ridan/ "HTTP/1.1 200 OK"                
[09/17/26 10:08:27] INFO     HTTP Request: GET                   _client.py:1740
                             https://ridan.ru/search/products?te                
                             rm=%D0%BA%D1%80%D0%B0%D0%BD%20%D1%8                
                             8%D0%B0%D1%80%D0%BE%D0%B2%D0%BE%D0%                
                             B9%20%D0%94%D1%8332 "HTTP/1.1 200                  
                             OK"                                                
[09/17/26 10:08:31] INFO     HTTP Request: POST                  _client.py:1740
                             https://html.duckduckgo.com/html                   
                             "HTTP/1.1 200 OK"                                  
[09/17/26 10:08:33] INFO     HTTP Request: GET                   _client.py:1740
                             https://ridan.ru/product/065N0320GR                
                             "HTTP/1.1 200 OK"                                  
[09/17/26 10:08:34] INFO     HTTP Request: GET                   _client.py:1740
                             https://ridan-danfoss.ru/product/kr                
                             any-sharovye-stalnye-rjip-premium-0                
                             65n0320gr-ridan "HTTP/1.1 200 OK"                  
[09/17/26 10:08:35] INFO     HTTP Request: GET                   _client.py:1740
                             https://gremir.ru/krany-sharovye/st                
                             alnye/krany-danfoss-stalnye/JIP-Pre                
                             mium-FF/kran-stalnoy-flantsevyy-du-                
                             40-ru-40-l200mm-ridan-jip-r-premium                
                             -ff/ "HTTP/1.1 200 OK"                             
[09/17/26 10:08:39] INFO     HTTP Request: POST                  _client.py:1740
                             https://html.duckduckgo.com/html                   
                             "HTTP/1.1 200 OK"                                  
                    INFO     HTTP Request: GET                   _client.py:1740
                             https://lunda.ru/catalog/category/c                
                             1105/product/kran-jip-standard-ww-r                
                             idan_35881.html "HTTP/1.1 401                      
                             Unauthorized"                                      
[09/17/26 10:08:41] INFO     HTTP Request: GET                   _client.py:1740
                             https://ridan.ru/product/065N9624R                 
                             "HTTP/1.1 200 OK"                                  
[09/17/26 10:08:47] INFO     HTTP Request: GET                   _client.py:1740
                             https://dn.ru/sharovyi-kran/teplosn                
                             abzhenie/kran-pod-privarku/standart                
                             nyi/ridan/jip-r-standard-ww/dn40                   
                             "HTTP/1.1 200 OK"                                  
[09/17/26 10:08:51] INFO     HTTP Request: POST                  _client.py:1740
                             https://html.duckduckgo.com/html                   
                             "HTTP/1.1 200 OK"                                  
[09/17/26 10:08:58] INFO     HTTP Request: GET                   _client.py:1740
                             https://ridan.ru/product/065N9625                  
                             "HTTP/1.1 200 OK"                                  
[09/17/26 10:08:59] INFO     HTTP Request: GET                   _client.py:1740
                             https://stoking.ru/products/danfoss                
                             -kran-sharovyy-danfoss-jip-standard                
                             -ff-du50-ru16-ruchka "HTTP/1.1 200                 
                             OK"                                                
[09/17/26 10:09:00] INFO     HTTP Request: GET                   _client.py:1740
                             https://lunda.ru/catalog/category/c                
                             1105/product/kran-jip-standart-flan                
                             ec-prohod-danfoss_12528.html                       
                             "HTTP/1.1 401 Unauthorized"                        
[09/17/26 10:09:04] INFO     HTTP Request: POST                  _client.py:1740
                             https://html.duckduckgo.com/html                   
                             "HTTP/1.1 200 OK"                                  
[09/17/26 10:09:07] INFO     HTTP Request: GET                   _client.py:1740
                             https://ridan.ru/product/065N0325GR                
                             "HTTP/1.1 200 OK"                                  
                    INFO     HTTP Request: GET                   _client.py:1740
                             https://lunda.ru/catalog/category/c                
                             1105/product/kran-jip-premium-ff-ri                
                             dan_35875.html "HTTP/1.1 401                       
                             Unauthorized"                                      
                    INFO     HTTP Request: GET                   _client.py:1740
                             https://ridan-danfoss.ru/product/kr                
                             any-sharovye-stalnye-rjip-premium-0                
                             65n0325gr-ridan "HTTP/1.1 200 OK"                  
[09/17/26 10:09:11] INFO     HTTP Request: POST                  _client.py:1740
                             https://html.duckduckgo.com/html                   
                             "HTTP/1.1 200 OK"                                  
[09/17/26 10:09:14] INFO     HTTP Request: GET                   _client.py:1740
                             https://ridan.ru/product/065N0125GR                
                             "HTTP/1.1 200 OK"                                  
                    INFO     HTTP Request: GET                   _client.py:1740
                             https://lunda.ru/catalog/category/c                
                             1105/product/kran-jip-premium-ww-ri                
                             dan_35869.html "HTTP/1.1 401                       
                             Unauthorized"                                      
[09/17/26 10:09:15] INFO     HTTP Request: GET                   _client.py:1740
                             https://ridan-danfoss.ru/product/kr                
                             any-sharovye-stalnye-rjip-premium-0                
                             65n0125gr-ridan "HTTP/1.1 200 OK"                  
[09/17/26 10:09:18] INFO     HTTP Request: POST                  _client.py:1740
                             https://html.duckduckgo.com/html                   
                             "HTTP/1.1 200 OK"                                  
[09/17/26 10:09:20] INFO     HTTP Request: GET                   _client.py:1740
                             https://ridan.ru/product/065N9625R                 
                             "HTTP/1.1 200 OK"                                  
[09/17/26 10:09:21] INFO     HTTP Request: GET                   _client.py:1740
                             https://ridan-danfoss.ru/product/st                
                             alnye-sharovye-krany-rjip-standard-                
                             065n9625r-ridan "HTTP/1.1 200 OK"                  
                    INFO     HTTP Request: GET                   _client.py:1740
                             https://lunda.ru/catalog/category/c                
                             1105/product/kran-jip-standard-ff-r                
                             idan_35883.html "HTTP/1.1 401                      
                             Unauthorized"                                      
[09/17/26 10:09:25] INFO     HTTP Request: POST                  _client.py:1740
                             https://html.duckduckgo.com/html                   
                             "HTTP/1.1 200 OK"                                  
[09/17/26 10:09:27] INFO     HTTP Request: GET                   _client.py:1740
                             https://ridan.ru/product/065N9605R/                
                             properties "HTTP/1.1 200 OK"                       
[09/17/26 10:09:28] INFO     HTTP Request: GET                   _client.py:1740
                             https://ridan-danfoss.ru/product/st                
                             alnye-sharovye-krany-rjip-standard-                
                             065n9605r-ridan "HTTP/1.1 200 OK"                  
[09/17/26 10:09:33] INFO     HTTP Request: GET                   _client.py:1740
                             https://ridan.ru/product/065N9605R                 
                             "HTTP/1.1 200 OK"                                  
[09/17/26 10:09:36] INFO     HTTP Request: POST                  _client.py:1740
                             https://html.duckduckgo.com/html                   
                             "HTTP/1.1 200 OK"                                  
[09/17/26 10:09:42] INFO     HTTP Request: GET                   _client.py:1740
                             https://ridan.ru/product/065N4281G                 
                             "HTTP/1.1 200 OK"                                  
[09/17/26 10:09:43] INFO     HTTP Request: GET                   _client.py:1740
                             https://danfoss.gkipm.ru/catalog/kr                
                             any-sharovye-zapornye/sharovoy_kran                
                             _premium_jip_ff_flanets_stal_iso_fl                
                             anets_du_65_mm_ru_25_bar_kvs_200_00                
                             _kub_m_ch_da/ "HTTP/1.1 200 OK"                    
                    INFO     HTTP Request: GET                   _client.py:1740
                             https://rosarmatorg.ru/kran-sharovo                
                             j-stal-jip-ff-du-65-ru25-fl-danfoss                
                             -065n4281g "HTTP/1.1 200 OK"                       
[09/17/26 10:09:50] INFO     HTTP Request: POST                  _client.py:1740
                             https://html.duckduckgo.com/html                   
                             "HTTP/1.1 200 OK"                                  
[09/17/26 10:09:54] INFO     HTTP Request: GET                   _client.py:1740
                             https://ridan.ru/product/065N4281GR                
                             "HTTP/1.1 200 OK"                                  
[09/17/26 10:10:00] INFO     HTTP Request: GET                   _client.py:1740
                             https://dn.ru/sharovyi-kran/teplosn                
                             abzhenie/flantcevyi-kran/standartny                
                             i/ridan/rjip-premium-ff-gr/dn65                    
                             "HTTP/1.1 200 OK"                                  
[09/17/26 10:10:01] INFO     HTTP Request: GET                   _client.py:1740
                             https://ridan-danfoss.ru/product/kr                
                             any-sharovye-stalnye-rjip-premium-0                
                             65n4281gr-ridan "HTTP/1.1 200 OK"                  
[09/17/26 10:10:06] INFO     HTTP Request: POST                  _client.py:1740
                             https://html.duckduckgo.com/html                   
                             "HTTP/1.1 200 OK"                                  
                    INFO     HTTP Request: GET                   _client.py:1740
                             https://lunda.ru/catalog/category/c                
                             1105/product/kran-jip-premium-ww-ri                
                             dan_35869.html "HTTP/1.1 401                       
                             Unauthorized"                                      
                    INFO     HTTP Request: GET                   _client.py:1740
                             https://danfoss-ridan.ru/truboprovo                
                             dnaya-armatura/sharovye-krany/krany                
                             -sharovye-stalnye-rjip-premium/rida                
                             n-jip-premium-ww-kran-shar-du65-ru2                
                             5-rukoyatka-065n4280gr "HTTP/1.1                   
                             301 Moved Permanently"                             
[09/17/26 10:10:07] INFO     HTTP Request: GET                   _client.py:1740
                             https://eu-avtomatica.ru/truboprovo                
                             dnaya-armatura/sharovye-krany/krany                
                             -sharovye-stalnye-rjip-premium/rida                
                             n-jip-premium-ww-kran-shar-du65-ru2                
                             5-rukoyatka-065n4280gr "HTTP/1.1                   
                             200 OK"                                            
                    INFO     HTTP Request: GET                   _client.py:1740
                             https://ridan-danfoss.ru/product/st                
                             alnye-sharovye-krany-danfoss-065n42                
                             80g-danfoss-1238 "HTTP/1.1 200 OK"                 
[09/17/26 10:10:11] INFO     HTTP Request: POST                  _client.py:1740
                             https://html.duckduckgo.com/html                   
                             "HTTP/1.1 200 OK"                                  
[09/17/26 10:10:14] INFO     HTTP Request: GET                   _client.py:1740
                             https://ridan.ru/product/065N9626R                 
                             "HTTP/1.1 200 OK"                                  
[09/17/26 10:10:15] INFO     HTTP Request: GET                   _client.py:1740
                             https://ridan-danfoss.ru/product/st                
                             alnye-sharovye-krany-rjip-standard-                
                             065n9626r-ridan "HTTP/1.1 200 OK"                  
                    INFO     HTTP Request: GET                   _client.py:1740
                             https://lunda.ru/catalog/category/c                
                             1105/product/kran-jip-standard-ff-r                
                             idan_35883.html "HTTP/1.1 401                      
                             Unauthorized"                                      
[09/17/26 10:10:19] INFO     HTTP Request: POST                  _client.py:1740
                             https://html.duckduckgo.com/html                   
                             "HTTP/1.1 200 OK"                                  
[09/17/26 10:10:20] INFO     HTTP Request: GET                   _client.py:1740
                             https://rosarmatorg.ru/kran-sharovo                
                             j-rjip-standard-ww-du-65-ru-16-s-ru                
                             koyatkoj-standartnyj-prokhod-065n96                
                             06r-ridan "HTTP/1.1 200 OK"                        
[09/17/26 10:10:21] INFO     HTTP Request: GET                   _client.py:1740
                             https://termopartner.ru/catalog/tru                
                             boprovodnaya_armatura/sharovye_kran                
                             y/sharovye_krany_ridan/krany_sharov                
                             ye_rjip_standard_ww_ridan/kran_065n                
                             9606r_rjip_ww_standart_du65_ru16_s_                
                             rukoyatkoy_ridan/ "HTTP/1.1 200 OK"                
[09/17/26 10:10:25] INFO     HTTP Request: POST                  _client.py:1740
                             https://html.duckduckgo.com/html                   
                             "HTTP/1.1 200 OK"                                  
[09/17/26 10:10:26] INFO     HTTP Request: GET                   _client.py:1740
                             https://lunda.ru/catalog/category/c                
                             1105/product/kran-jip-premium-ww-ri                
                             dan_35869.html "HTTP/1.1 401                       
                             Unauthorized"                                      
                    INFO     HTTP Request: GET                   _client.py:1740
                             https://pipeprice.ru/product/kran-s                
                             harovoy-stalnoy-rjip-premium-ww-du-                
                             80-ru25-pod-privarku-sta/ "HTTP/1.1                
                             200 OK"                                            
[09/17/26 10:10:32] INFO     HTTP Request: GET                   _client.py:1740
                             https://www.wattson.ru/ENTER_ELEMEN                
                             T/047f590f-6a6d-11ed-811a-98039b334                
                             063 "HTTP/1.1 200 OK"                              
[09/17/26 10:10:37] INFO     HTTP Request: POST                  _client.py:1740
                             https://html.duckduckgo.com/html                   
                             "HTTP/1.1 200 OK"                                  
[09/17/26 10:10:38] INFO     HTTP Request: GET                   _client.py:1740
                             https://www.santech.ru/catalog/317/                
                             324/i2849/v8/ "HTTP/1.1 200 OK"                    
[09/17/26 10:10:39] INFO     HTTP Request: GET                   _client.py:1740
                             https://ridan-danfoss.ru/product/st                
                             alnye-sharovye-krany-rjip-standard-                
                             065n9627r-ridan "HTTP/1.1 200 OK"                  
[09/17/26 10:10:41] INFO     HTTP Request: GET                   _client.py:1740
                             https://ridan.ru/product/065N9607R                 
                             "HTTP/1.1 200 OK"                                  
[09/17/26 10:10:45] INFO     HTTP Request: POST                  _client.py:1740
                             https://html.duckduckgo.com/html                   
                             "HTTP/1.1 200 OK"                                  
[09/17/26 10:10:47] INFO     HTTP Request: GET                   _client.py:1740
                             https://ridan.ru/product/065N9607R/                
                             properties "HTTP/1.1 200 OK"                       
[09/17/26 10:10:48] INFO     HTTP Request: GET                   _client.py:1740
                             https://lunda.ru/catalog/category/c                
                             1105/product/kran-jip-standard-ww-r                
                             idan_35881.html "HTTP/1.1 401                      
                             Unauthorized"                                      
[09/17/26 10:10:51] INFO     HTTP Request: POST                  _client.py:1740
                             https://html.duckduckgo.com/html                   
                             "HTTP/1.1 200 OK"                                  
[09/17/26 10:10:56] INFO     HTTP Request: GET                   _client.py:1740
                             https://dn.ru/sharovyi-kran/teplosn                
                             abzhenie/flantcevyi-kran/standartny                
                             i/danfoss/jip-ff/dn100 "HTTP/1.1                   
                             200 OK"                                            
[09/17/26 10:10:57] INFO     HTTP Request: GET                   _client.py:1740
                             https://armtrading.ru/zapornaya-arm                
                             atura/kran-sharovoj-stalnoj-jip-ff-                
                             du100-ru16-flantsevyj-065n0240-danf                
                             oss-detail.html "HTTP/1.1 200 OK"                  
[09/17/26 10:10:58] INFO     HTTP Request: GET                   _client.py:1740
                             https://stoking.ru/products/danfoss                
                             -jip-premium-ff-kran-shar-du100-ru1                
                             6-b-pr "HTTP/1.1 200 OK"                           
[09/17/26 10:11:02] INFO     HTTP Request: POST                  _client.py:1740
                             https://html.duckduckgo.com/html                   
                             "HTTP/1.1 200 OK"                                  
                    INFO     HTTP Request: GET                   _client.py:1740
                             https://ridan-danfoss.ru/product/st                
                             alnye-sharovye-krany-danfoss-065n01                
                             40g-danfoss "HTTP/1.1 200 OK"                      
[09/17/26 10:11:08] INFO     HTTP Request: GET                   _client.py:1740
                             https://ridan.ru/product/065N0140GR                
                             "HTTP/1.1 200 OK"                                  
[09/17/26 10:11:09] INFO     HTTP Request: GET                   _client.py:1740
                             https://armtrading.ru/zapornaya-arm                
                             atura/kran-sharovoj-stalnoj-jip-ww-                
                             du100-ru25-pod-privarku-065n0140-da                
                             nfoss-detail.html "HTTP/1.1 200 OK"                
[09/17/26 10:11:13] INFO     HTTP Request: POST                  _client.py:1740
                             https://html.duckduckgo.com/html                   
                             "HTTP/1.1 200 OK"                                  
[09/17/26 10:11:15] INFO     HTTP Request: GET                   _client.py:1740
                             https://ridan.ru/product/065N9608R                 
                             "HTTP/1.1 200 OK"                                  
                    INFO     HTTP Request: GET                   _client.py:1740
                             https://lunda.ru/catalog/category/c                
                             1105/product/kran-jip-premium-ww-ri                
                             dan_35869.html "HTTP/1.1 401                       
                             Unauthorized"                                      
[09/17/26 10:11:18] INFO     HTTP Request: GET                   _client.py:1740
                             https://ridan.ru/product/065N9608/p                
                             roperties "HTTP/1.1 200 OK"                        
[09/17/26 10:11:22] INFO     HTTP Request: POST                  _client.py:1740
                             https://html.duckduckgo.com/html                   
                             "HTTP/1.1 200 OK"                                  
[09/17/26 10:11:25] INFO     HTTP Request: GET                   _client.py:1740
                             https://ridan.ru/product/065N0945GR                
                             "HTTP/1.1 200 OK"                                  
[09/17/26 10:11:32] INFO     HTTP Request: GET                   _client.py:1740
                             https://dn.ru/sharovyi-kran/teplosn                
                             abzhenie/flantcevyi-kran/standartny                
                             i/ridan/jip-r-premium-ff/dn125-ruko                
                             ytka "HTTP/1.1 200 OK"                             
[09/17/26 10:11:33] INFO     HTTP Request: GET                   _client.py:1740
                             https://lunda.ru/catalog/category/c                
                             1105/product/kran-jip-premium-ff-ri                
                             dan_35875.html "HTTP/1.1 401                       
                             Unauthorized"                                      
[09/17/26 10:11:36] INFO     HTTP Request: POST                  _client.py:1740
                             https://html.duckduckgo.com/html                   
                             "HTTP/1.1 200 OK"                                  
[09/17/26 10:11:37] INFO     HTTP Request: GET                   _client.py:1740
                             https://lunda.ru/catalog/category/c                
                             1105/product/kran-jip-premium-ff-ri                
                             dan_35875.html "HTTP/1.1 401                       
                             Unauthorized"                                      
[09/17/26 10:11:38] INFO     HTTP Request: GET                   _client.py:1740
                             https://ridan.ru/product/065N9629R                 
                             "HTTP/1.1 200 OK"                                  
[09/17/26 10:11:40] INFO     HTTP Request: GET                   _client.py:1740
                             https://termopartner.ru/catalog/tru                
                             boprovodnaya_armatura/sharovye_kran                
                             y/sharovye_krany_ridan/krany_sharov                
                             ye_rjip_premium_ff_ridan/kran_065n0                
                             246r_rjip_ff_premium_du125_ru16_s_r                
                             eduktorom_ridan/ "HTTP/1.1 200 OK"                 
[09/17/26 10:11:44] INFO     HTTP Request: POST                  _client.py:1740
                             https://html.duckduckgo.com/html                   
                             "HTTP/1.1 200 OK"                                  
[09/17/26 10:11:47] INFO     HTTP Request: GET                   _client.py:1740
                             https://ridan.ru/product/065N0745GR                
                             "HTTP/1.1 200 OK"                                  
[09/17/26 10:11:48] INFO     HTTP Request: GET                   _client.py:1740
                             https://termopartner.ru/catalog/tru                
                             boprovodnaya_armatura/sharovye_kran                
                             y/sharovye_krany_ridan/krany_sharov                
                             ye_rjip_premium_ww_ridan/kran_065n0                
                             745gr_rjip_ww_premium_du125_ru25_s_                
                             rukoyatkoy_ridan/ "HTTP/1.1 200 OK"                
[09/17/26 10:11:49] INFO     HTTP Request: GET                   _client.py:1740
                             https://ridan-danfoss.ru/product/kr                
                             any-sharovye-stalnye-rjip-premium-0                
                             65n0745gr-ridan "HTTP/1.1 200 OK"                  
[09/17/26 10:11:53] INFO     HTTP Request: POST                  _client.py:1740
                             https://html.duckduckgo.com/html                   
                             "HTTP/1.1 200 OK"                                  
                    INFO     HTTP Request: GET                   _client.py:1740
                             https://ridan-danfoss.ru/product/st                
                             alnye-sharovye-krany-rjip-standard-                
                             065n9629r-ridan "HTTP/1.1 200 OK"                  
[09/17/26 10:11:54] INFO     HTTP Request: GET                   _client.py:1740
                             https://lunda.ru/catalog/category/c                
                             1105/product/kran-jip-standard-ff-r                
                             idan_35883.html "HTTP/1.1 401                      
                             Unauthorized"                                      
[09/17/26 10:11:58] INFO     HTTP Request: POST                  _client.py:1740
                             https://html.duckduckgo.com/html                   
                             "HTTP/1.1 200 OK"                                  
                    INFO     HTTP Request: GET                   _client.py:1740
                             https://dn.ru/sharovyi-kran/teplosn                
                             abzhenie/kran-pod-privarku/standart                
                             nyi/ridan/jip-r-standard-ww/dn125                  
                             "HTTP/1.1 200 OK"                                  
[09/17/26 10:11:59] INFO     HTTP Request: GET                   _client.py:1740
                             https://termopartner.ru/catalog/tru                
                             boprovodnaya_armatura/sharovye_kran                
                             y/sharovye_krany_ridan/krany_sharov                
                             ye_rjip_standard_ww_ridan/kran_065n                
                             9609r_rjip_ww_standart_du125_ru16_s                
                             _rukoyatkoy_ridan/ "HTTP/1.1 200                   
                             OK"                                                
[09/17/26 10:12:03] INFO     HTTP Request: POST                  _client.py:1740
                             https://html.duckduckgo.com/html                   
                             "HTTP/1.1 200 OK"                                  
[09/17/26 10:12:07] INFO     HTTP Request: GET                   _client.py:1740
                             https://ridan.ru/product/065N0950GR                
                             /properties "HTTP/1.1 200 OK"                      
[09/17/26 10:12:10] INFO     HTTP Request: GET                   _client.py:1740
                             https://ridan.ru/product/065N0950GR                
                             "HTTP/1.1 200 OK"                                  
[09/17/26 10:12:16] INFO     HTTP Request: GET                   _client.py:1740
                             https://dn.ru/sharovyi-kran/teplosn                
                             abzhenie/flantcevyi-kran/standartny                
                             i/ridan/jip-r-premium-ff/dn150-ruko                
                             ytka "HTTP/1.1 200 OK"                             
[09/17/26 10:12:20] INFO     HTTP Request: POST                  _client.py:1740
                             https://html.duckduckgo.com/html                   
                             "HTTP/1.1 200 OK"                                  
[09/17/26 10:12:25] INFO     HTTP Request: GET                   _client.py:1740
                             https://ridan.ru/product/065N0750GR                
                             /properties "HTTP/1.1 200 OK"                      
[09/17/26 10:12:32] INFO     HTTP Request: GET                   _client.py:1740
                             https://ridan.ru/product/065N0100G                 
                             "HTTP/1.1 200 OK"                                  
[09/17/26 10:12:33] INFO     HTTP Request: GET                   _client.py:1740
                             https://termopartner.ru/catalog/tru                
                             boprovodnaya_armatura/sharovye_kran                
                             y/sharovye_krany_ridan/krany_sharov                
                             ye_rjip_premium_ww_ridan/kran_065n0                
                             750gr_rjip_ww_premium_du150_ru25_s_                
                             rukoyatkoy_ridan/ "HTTP/1.1 200 OK"                
[09/17/26 10:12:38] INFO     HTTP Request: POST                  _client.py:1740
                             https://html.duckduckgo.com/html                   
                             "HTTP/1.1 200 OK"                                  
                    INFO     HTTP Request: GET                   _client.py:1740
                             https://santehmetservis.ru/catalog/                
                             krany_sharovye_stalnye/kran_sharovo                
                             y_rjip_premium_ww_du_150_ru_25_gf_p                
                             rivarnoy_pod_privod_standartnyy_pro                
                             khod_065n0152gr_ri/ "HTTP/1.1 200                  
                             OK"                                                
                    INFO     HTTP Request: GET                   _client.py:1740
                             https://lunda.ru/catalog/category/c                
                             1105/product/kran-jip-premium-ww-ri                
                             dan_35869.html "HTTP/1.1 401                       
                             Unauthorized"                                      
[09/17/26 10:12:42] INFO     HTTP Request: POST                  _client.py:1740
                             https://html.duckduckgo.com/html                   
                             "HTTP/1.1 200 OK"                                  
[09/17/26 10:12:44] INFO     HTTP Request: GET                   _client.py:1740
                             https://ridan.ru/product/065N9630R                 
                             "HTTP/1.1 200 OK"                                  
[09/17/26 10:12:45] INFO     HTTP Request: GET                   _client.py:1740
                             https://termopartner.ru/catalog/tru                
                             boprovodnaya_armatura/sharovye_kran                
                             y/sharovye_krany_ridan/krany_sharov                
                             ye_rjip_standard_ww_ridan/kran_065n                
                             9610r_rjip_ww_standart_du150_ru16_s                
                             _rukoyatkoy_ridan/ "HTTP/1.1 200                   
                             OK"                                                
[09/17/26 10:12:46] INFO     HTTP Request: GET                   _client.py:1740
                             https://rosarmatorg.ru/kran-sharovo                
                             j-rjip-standard-ww-du-150-ru-16-s-r                
                             ukoyatkoj-standartnyj-prokhod-065n9                
                             610r-ridan "HTTP/1.1 200 OK"                       
[09/17/26 10:12:50] INFO     HTTP Request: POST                  _client.py:1740
                             https://html.duckduckgo.com/html                   
                             "HTTP/1.1 200 OK"                                  
[09/17/26 10:12:51] INFO     HTTP Request: GET                   _client.py:1740
                             https://ridan-danfoss.ru/product/st                
                             alnye-sharovye-krany-danfoss-065n07                
                             55g-danfoss-1285 "HTTP/1.1 200 OK"                 
[09/17/26 10:12:52] INFO     HTTP Request: GET                   _client.py:1740
                             https://armtrading.ru/zapornaya-arm                
                             atura/kran-sharovoj-stalnoj-jip-ww-                
                             du200-ru25-pod-privarku-065n0755-da                
                             nfoss-detail.html "HTTP/1.1 200 OK"                
[09/17/26 10:12:53] INFO     HTTP Request: GET                   _client.py:1740
                             https://ridandanfoss.ru/truboprovod                
                             naya-armatura/sharovye-krany/stalny                
                             e-sharovye-krany-danfoss/danfoss-ji                
                             p-premium-ww-kran-sharovyj-du200-ru                
                             25-s-rukoyatkoj-065n0755g "HTTP/1.1                
                             200 OK"                                            
[09/17/26 10:12:57] INFO     HTTP Request: POST                  _client.py:1740
                             https://html.duckduckgo.com/html                   
                             "HTTP/1.1 200 OK"                                  
[09/17/26 10:13:00] INFO     HTTP Request: GET                   _client.py:1740
                             https://ridan.ru/product/065N0256GR                
                             /properties "HTTP/1.1 200 OK"                      
                    INFO     HTTP Request: GET                   _client.py:1740
                             https://dn.ru/sharovyi-kran/teplosn                
                             abzhenie/flantcevyi-kran/standartny                
                             i/ridan/rjip-premium-ff-wg/dn200                   
                             "HTTP/1.1 200 OK"                                  
[09/17/26 10:13:04] INFO     HTTP Request: GET                   _client.py:1740
                             https://ridan.ru/product/065N0256GR                
                             /docs "HTTP/1.1 200 OK"                            
[09/17/26 10:13:08] INFO     HTTP Request: POST                  _client.py:1740
                             https://html.duckduckgo.com/html                   
                             "HTTP/1.1 200 OK"                                  
                    INFO     HTTP Request: GET                   _client.py:1740
                             https://lunda.ru/catalog/category/c                
                             1105/product/kran-jip-premium-ww-ri                
                             dan_35869.html "HTTP/1.1 401                       
                             Unauthorized"                                      
[09/17/26 10:13:14] INFO     HTTP Request: GET                   _client.py:1740
                             https://dn.ru/sharovyi-kran/teplosn                
                             abzhenie/kran-pod-privarku/standart                
                             nyi/ridan/jip-r-premium-ww/dn200                   
                             "HTTP/1.1 200 OK"                                  
[09/17/26 10:13:15] INFO     HTTP Request: GET                   _client.py:1740
                             https://gremir.ru/krany-sharovye/st                
                             alnye/krany-danfoss-stalnye/JIP-Pre                
                             mium-WW/kran-stalnoy-pod-privarku-d                
                             u-200-ru-25-ridan-jip-r-premium-ww/                
                              "HTTP/1.1 200 OK"                                 
[09/17/26 10:13:20] INFO     HTTP Request: POST                  _client.py:1740
                             https://html.duckduckgo.com/html                   
                             "HTTP/1.1 200 OK"                                  
[09/17/26 10:13:24] INFO     HTTP Request: GET                   _client.py:1740
                             https://ridan.ru/product/065N0261GR                
                             "HTTP/1.1 200 OK"                                  
[09/17/26 10:13:25] INFO     HTTP Request: GET                   _client.py:1740
                             https://ridan-danfoss.ru/product/kr                
                             any-sharovye-stalnye-rjip-premium-0                
                             65n0261gr-ridan "HTTP/1.1 200 OK"                  
[09/17/26 10:13:29] INFO     HTTP Request: GET                   _client.py:1740
                             https://ridan.ru/product/065N0261G                 
                             "HTTP/1.1 200 OK"                                  
[09/17/26 10:13:33] INFO     HTTP Request: POST                  _client.py:1740
                             https://html.duckduckgo.com/html                   
                             "HTTP/1.1 200 OK"                                  
[09/17/26 10:13:34] INFO     HTTP Request: GET                   _client.py:1740
                             https://ridan-danfoss.ru/product/st                
                             alnye-sharovye-krany-danfoss-065n01                
                             76g-danfoss-1171 "HTTP/1.1 200 OK"                 
                    INFO     HTTP Request: GET                   _client.py:1740
                             https://stoking.ru/products/danfoss                
                             -kran-sharovyy-danfoss-jip-premium-                
                             ww-du400-ru25-s-reduktorom                         
                             "HTTP/1.1 200 OK"                                  
/home/thesonikpk/.cache/uv/archive-v0/v2Cfq71VHMojKVxt/lib/python3.12/site-packages/duckduckgo_mcp_server/server.py:1142: MCPDeprecationWarning: The logging capability is deprecated as of 2026-07-28 (SEP-2577).
  await ctx.error(f"Blocked fetch for {url}: {e}")
[09/17/26 10:13:44] INFO     HTTP Request: POST                  _client.py:1740
                             https://html.duckduckgo.com/html                   
                             "HTTP/1.1 200 OK"                                  
                    INFO     HTTP Request: GET                   _client.py:1740
                             https://dn.ru/sharovyi-kran/teplosn                
                             abzhenie/mezhflantcevyi-kran/standa                
                             rtnyi/ld/strizh/dn100 "HTTP/1.1 200                
                             OK"                                                
[09/17/26 10:13:45] INFO     HTTP Request: GET                   _client.py:1740
                             https://slemz.com.ua/zaporka/krani/                
                             kran-du-100 "HTTP/1.1 429 Too Many                 
                             Requests"                                          
[09/17/26 10:13:47] INFO     HTTP Request: GET                   _client.py:1740
                             https://slemz.com.ua/zaporka/krani/                
                             kran-du-100 "HTTP/1.1 429 Too Many                 
                             Requests"                                          
[09/17/26 10:13:49] INFO     HTTP Request: GET                   _client.py:1740
                             https://www.logika-consortium.ru/ko                
                             mplektnye-postavki/product/kran-ld/                
                              "HTTP/1.1 200 OK"                                 
[09/17/26 10:13:53] INFO     HTTP Request: POST                  _client.py:1740
                             https://html.duckduckgo.com/html                   
                             "HTTP/1.1 200 OK"                                  
[09/17/26 10:13:54] INFO     HTTP Request: GET                   _client.py:1740
                             https://danfoss.gkipm.ru/catalog/kr                
                             any-sharovye-jip-standard-ww/sharov                
                             oy_kran_jip_standard_ww_svarka_svar                
                             ka_stal_rukoyatka_du_15_mm_ru_16_ba                
                             r_kvs_11_00_kub_m/ "HTTP/1.1 200                   
                             OK"                                                
[09/17/26 10:13:55] INFO     HTTP Request: GET                   _client.py:1740
                             https://comfort-klimat.ru/catalog/t                
                             ruboprovodnaya-armatura/krany-sharo                
                             vye-danfoss/krany-sharovye-du-15-da                
                             nfoss/ "HTTP/1.1 404 Not Found"                    
[09/17/26 10:13:56] INFO     HTTP Request: GET                   _client.py:1740
                             https://www.specarmatura.ru/catalog                
                             /kran_danfoss_bvr/kran_danfoss_bvr_                
                             du_15/ "HTTP/1.1 200 OK"                           
[09/17/26 10:14:03] INFO     HTTP Request: POST                  _client.py:1740
                             https://html.duckduckgo.com/html                   
                             "HTTP/1.1 200 OK"                                  
                    INFO     HTTP Request: GET                   _client.py:1740
                             https://www.logikamarket.ru/catalog                
                             /zaporno-reguliruyushchaya-armatura                
                             /krany-sharovye/ld/ "HTTP/1.1 200                  
                             OK"                                                
[09/17/26 10:14:05] INFO     HTTP Request: GET                   _client.py:1740
                             https://dex.kz/p32384881-kran-sharo                
                             vyj-stalnoj.html "HTTP/1.1 200 OK"                 
[09/17/26 10:14:09] INFO     HTTP Request: POST                  _client.py:1740
                             https://html.duckduckgo.com/html                   
                             "HTTP/1.1 200 OK"                                  
[09/17/26 10:14:11] INFO     HTTP Request: GET                   _client.py:1740
                             https://dex.kz/p32381137-kran-sharo                
                             vyj-stalnoj.html "HTTP/1.1 200 OK"                 
[09/17/26 10:14:12] INFO     HTTP Request: GET                   _client.py:1740
                             https://synstroy.ru/products/sharov                
                             yj-kran-danfoss-jip-standart-du-25-                
                             ru-16-svarka-svarka-kod-danfoss-065                
                             n9602/ "HTTP/1.1 200 OK"                           
[09/17/26 10:14:17] INFO     HTTP Request: POST                  _client.py:1740
                             https://html.duckduckgo.com/html                   
                             "HTTP/1.1 200 OK"                                  
[09/17/26 10:14:19] INFO     HTTP Request: GET                   _client.py:1740
                             https://dex.kz/p32381228-kran-sharo                
                             vyj-stalnoj.html "HTTP/1.1 200 OK"                 
[09/17/26 10:14:20] INFO     HTTP Request: GET                   _client.py:1740
                             https://dn.ru/sharovyi-kran/teplosn                
                             abzhenie/flantcevyi-kran/polnoproho                
                             dnoi/ld/11s67p-st20-ru16/dn32                      
                             "HTTP/1.1 200 OK"                                  
                    INFO     HTTP Request: GET                   _client.py:1740
                             https://slemz.com.ua/zaporka/krani/                
                             kran-du-32 "HTTP/1.1 429 Too Many                  
                             Requests"                                          
[09/17/26 10:14:22] INFO     HTTP Request: GET                   _client.py:1740
                             https://slemz.com.ua/zaporka/krani/                
                             kran-du-32 "HTTP/1.1 429 Too Many                  
                             Requests"                                          
[09/17/26 10:14:26] INFO     HTTP Request: POST                  _client.py:1740
                             https://html.duckduckgo.com/html                   
                             "HTTP/1.1 200 OK"                                  
                    INFO     HTTP Request: GET                   _client.py:1740
                             https://assets.danfoss.com/document                
                             s/latest/44228/AI324434489890ru-RU0                
                             101.pdf "HTTP/1.1 200 OK"                          
                    INFO     HTTP Request: GET                   _client.py:1740
                             https://manualmachine.com/danfoss/x                
                             1666/18799799-data-sheet/ "HTTP/1.1                
                             403 Forbidden"                                     
                    INFO     HTTP Request: GET                   _client.py:1740
                             https://heat-energy.ru/wp-content/u                
                             ploads/wpallimport/files/passports/                
                             ridan-danfoss-pdf/ridan-danfoss-x27                
                             77-series-149b6037-techsheet.pdf                   
                             "HTTP/1.1 200 OK"                                  
[09/17/26 10:14:32] INFO     HTTP Request: POST                  _client.py:1740
                             https://html.duckduckgo.com/html                   
                             "HTTP/1.1 200 OK"                                  
[09/17/26 10:14:34] INFO     HTTP Request: GET                   _client.py:1740
                             https://ridan.ru/product/082X4602R                 
                             "HTTP/1.1 200 OK"                                  
                    INFO     HTTP Request: GET                   _client.py:1740
                             https://ridan-danfoss.ru/product/kr                
                             any-sharovye-nergaveyuschie-082x460                
                             2r-ridan "HTTP/1.1 200 OK"                         
[09/17/26 10:14:35] INFO     HTTP Request: GET                   _client.py:1740
                             https://ridan.tesrussia.ru/product/                
                             ts-082X4602R/ "HTTP/1.1 200 OK"                    
[09/17/26 10:14:39] INFO     HTTP Request: POST                  _client.py:1740
                             https://html.duckduckgo.com/html                   
                             "HTTP/1.1 200 OK"                                  
[09/17/26 10:14:40] INFO     HTTP Request: GET                   _client.py:1740
                             https://ridan.ru/product/082X4603R                 
                             "HTTP/1.1 200 OK"                                  
[09/17/26 10:14:45] INFO     HTTP Request: GET                   _client.py:1740
                             https://ridan.tesrussia.ru/product/                
                             ts-082X4603R/ "HTTP/1.1 200 OK"                    
[09/17/26 10:14:46] INFO     HTTP Request: GET                   _client.py:1740
                             https://eu-avtomatica.ru/truboprovo                
                             dnaya-armatura/sharovye-krany/krany                
                             -sharovye-nerzhaveyuschie/ridan-bvs                
                             -r-sharovyj-kran-dn20-pn63-082x4603                
                             r "HTTP/1.1 200 OK"                                
[09/17/26 10:14:49] INFO     HTTP Request: POST                  _client.py:1740
                             https://html.duckduckgo.com/html                   
                             "HTTP/1.1 200 OK"                                  
[09/17/26 10:14:50] INFO     HTTP Request: GET                   _client.py:1740
                             https://ridan.ru/product/082X4604R                 
                             "HTTP/1.1 200 OK"                                  
[09/17/26 10:14:54] INFO     HTTP Request: GET                   _client.py:1740
                             https://ridan.tesrussia.ru/product/                
                             ts-082X4604R/ "HTTP/1.1 200 OK"                    
                    INFO     HTTP Request: GET                   _client.py:1740
                             https://ridan-danfoss.ru/product/kr                
                             any-sharovye-nergaveyuschie-082x460                
                             4r-ridan "HTTP/1.1 200 OK"                         
[09/17/26 10:14:58] INFO     HTTP Request: POST                  _client.py:1740
                             https://html.duckduckgo.com/html                   
                             "HTTP/1.1 200 OK"                                  
[09/17/26 10:14:59] INFO     HTTP Request: GET                   _client.py:1740
                             https://ridan.ru/product/082X4804R                 
                             "HTTP/1.1 200 OK"                                  
[09/17/26 10:15:04] INFO     HTTP Request: GET                   _client.py:1740
                             https://ridan.ru/catalog/1044/krany                
                             -sarovye-cugunnye-polnoproxodnye-ks                
                             c-ridan "HTTP/1.1 200 OK"                          
[09/17/26 10:15:05] INFO     HTTP Request: GET                   _client.py:1740
                             https://ridan.tesrussia.ru/product/                
                             ts-082X4804R/ "HTTP/1.1 200 OK"                    
[09/17/26 10:15:09] INFO     HTTP Request: POST                  _client.py:1740
                             https://html.duckduckgo.com/html                   
                             "HTTP/1.1 200 OK"                                  
[09/17/26 10:15:10] INFO     HTTP Request: GET                   _client.py:1740
                             https://ridan.ru/product/082X4805R                 
                             "HTTP/1.1 200 OK"                                  
[09/17/26 10:15:11] INFO     HTTP Request: GET                   _client.py:1740
                             https://ridan.tesrussia.ru/product/                
                             ts-082X4805R/ "HTTP/1.1 200 OK"                    
[09/17/26 10:15:21] INFO     HTTP Request: POST                  _client.py:1740
                             https://html.duckduckgo.com/html                   
                             "HTTP/1.1 200 OK"                                  
[09/17/26 10:15:22] INFO     HTTP Request: GET                   _client.py:1740
                             https://ridan.ru/product/082X4806R                 
                             "HTTP/1.1 200 OK"                                  
[09/17/26 10:15:23] INFO     HTTP Request: GET                   _client.py:1740
                             https://ridan.ru/product/082X4806R/                
                             docs "HTTP/1.1 200 OK"                             
[09/17/26 10:15:26] INFO     HTTP Request: GET                   _client.py:1740
                             https://ridan.tesrussia.ru/product/                
                             ts-082X4806R/ "HTTP/1.1 200 OK"                    
[09/17/26 10:15:31] INFO     HTTP Request: POST                  _client.py:1740
                             https://html.duckduckgo.com/html                   
                             "HTTP/1.1 200 OK"                                  
                    INFO     HTTP Request: GET                   _client.py:1740
                             https://lunda.ru/catalog/category/c                
                             3442/product/kran-ridan_114765.html                
                              "HTTP/1.1 401 Unauthorized"                       
[09/17/26 10:15:32] INFO     HTTP Request: GET                   _client.py:1740
                             https://stoking.ru/products/kran-sh                
                             arovoy-chugunnyy-polnoprohodnyy-rid                
                             an-kshch-pn16-dn80-s-rukoyatkoy                    
                             "HTTP/1.1 200 OK"                                  
[09/17/26 10:19:43] INFO     HTTP Request: POST                  _client.py:1740
                             https://html.duckduckgo.com/html                   
                             "HTTP/1.1 200 OK"                                  
                    INFO     HTTP Request: GET                   _client.py:1740
                             https://www.iek.ru/products/catalog                
                             /svetotekhnika/kommunalnoe_i_bytovo                
                             e_osveshchenie/svetilniki_lineynye/                
                             svetilniki_dbo_3001_3004/svetilnik_                
                             svetodiodnyy_lineynyy_dbo_3001_4vt_                
                             4000k_ip20_311mm_plastik_iek                       
                             "HTTP/1.1 200 OK"                                  
[09/17/26 10:19:44] INFO     HTTP Request: GET                   _client.py:1740
                             https://www.iek.ru/products/catalog                
                             /svetotekhnika/kommunalnoe_i_bytovo                
                             e_osveshchenie/svetilniki_lineynye/                
                             svetilniki_dbo_3001_3004 "HTTP/1.1                 
                             200 OK"                                            
[09/17/26 10:19:45] INFO     HTTP Request: GET                   _client.py:1740
                             https://iek-elektro.ru/product/LDBO                
                             0-3001-4-4000-K01 "HTTP/1.1 200 OK"                
[09/17/26 10:19:47] INFO     HTTP Request: POST                  _client.py:1740
                             https://html.duckduckgo.com/html                   
                             "HTTP/1.1 200 OK"                                  
[09/17/26 10:19:48] INFO     HTTP Request: GET                   _client.py:1740
                             https://dn.ru/kipia/kran-dlya-manom                
                             etra/komplektuyshie/rosma/bobyshka/                
                             steel-g12-l40 "HTTP/1.1 200 OK"                    
                    INFO     HTTP Request: GET                   _client.py:1740
                             https://dn.ru/kipia/kran-dlya-manom                
                             etra/komplektuyshie/rosma/bobyshka/                
                             nerzh-g12-l40 "HTTP/1.1 200 OK"                    
[09/17/26 10:19:49] INFO     HTTP Request: GET                   _client.py:1740
                             https://manometry.ru/bp-kr-40                      
                             "HTTP/1.1 200 OK"                                  
[09/17/26 10:19:56] INFO     HTTP Request: POST                  _client.py:1740
                             https://html.duckduckgo.com/html                   
                             "HTTP/1.1 200 OK"                                  
                    INFO     HTTP Request: GET                   _client.py:1740
                             https://www.santech.ru/catalog/317/                
                             324/i3420/v14910/ "HTTP/1.1 200 OK"                
[09/17/26 10:19:58] INFO     HTTP Request: GET                   _client.py:1740
                             https://abbro.ru/catalog/sharovye_k                
                             rany/kran-sharovoy-stal-ksh-ts-f-du                
                             -25-ru40-fl-l-140mm-polnoprokhodnoy                
                             -ld-ksh-ts-f-025-040-p-p-02/                       
                             "HTTP/1.1 200 OK"                                  
[09/17/26 10:20:00] INFO     HTTP Request: GET                   _client.py:1740
                             https://gremir.ru/krany-sharovye/st                
                             alnye/ld/krany-sharovye-ld-ksh-c-f/                
                             kran-stalnoy-flantsevyy-du-25-ru-40                
                             -l140mm-ld-ksh-ts-f-025-040-n-p/                   
                             "HTTP/1.1 200 OK"                                  
[09/17/26 10:20:06] INFO     HTTP Request: POST                  _client.py:1740
                             https://html.duckduckgo.com/html                   
                             "HTTP/1.1 200 OK"                                  
                    INFO     HTTP Request: GET                   _client.py:1740
                             https://mera-tek.ru/catalog/otborny                
                             e-ustroystva-opravy-bobyshki/bobysh                
                             ki-probki-prokladki/bp-kr-40-g1-2-q                
                             uot-bobyshka-privarnaya-40mm-pod-3-                
                             kh-kran-s-rezboy-g1-2-quot/                        
                             "HTTP/1.1 200 OK"                                  
                    INFO     HTTP Request: GET                   _client.py:1740
                             https://mera-tek.ru/catalog/otborny                
                             e-ustroystva-opravy-bobyshki/bobysh                
                             ki-probki-prokladki/bp-kr-40-g1-2-q                
                             uot-12kh18n10t-bobyshka-privarnaya-                
                             40mm-pod-3-kh-kran-s-rezboy-g1-2-qu                
                             ot/ "HTTP/1.1 200 OK"                              
[09/17/26 10:20:09] INFO     HTTP Request: GET                   _client.py:1740
                             https://zk14.ru/product/%D0%B1%D0%B                
                             F-%D0%BA%D1%80-40-g1-2-%D0%B1%D0%BE                
                             %D0%B1%D1%8B%D1%88%D0%BA%D0%B0-%D0%                
                             BF%D1%80%D0%B8%D0%B2%D0%B0%D1%80%D0                
                             %BD%D0%B0%D1%8F-40%D0%BC%D0%BC-%D0%                
                             BF%D0%BE%D0%B4-3-%D1%85-%D0%BA%D1%8                
                             0%D0%B0%D0%BD/ "HTTP/1.1 200 OK"                   
[09/17/26 10:20:27] INFO     HTTP Request: POST                  _client.py:1740
                             https://html.duckduckgo.com/html                   
                             "HTTP/1.1 200 OK"                                  
[09/17/26 10:20:28] INFO     HTTP Request: GET                   _client.py:1740
                             https://dn.ru/filtr/flantcevyi/is/i                
                             s-16-f/dn25 "HTTP/1.1 200 OK"                      
[09/17/26 10:20:29] INFO     HTTP Request: GET                   _client.py:1740
                             https://adl.ru/truboprovodnaya-arma                
                             tura/filtry-setchatye-adl-is16.html                
                              "HTTP/1.1 200 OK"                                 
[09/17/26 10:20:30] INFO     HTTP Request: GET                   _client.py:1740
                             https://lunda.ru/catalog/category/c                
                             13179/product/filtr-is16_10451.html                
                              "HTTP/1.1 401 Unauthorized"                       
[09/17/26 10:20:35] INFO     HTTP Request: POST                  _client.py:1740
                             https://html.duckduckgo.com/html                   
                             "HTTP/1.1 200 OK"                                  
                    INFO     HTTP Request: GET                   _client.py:1740
                             https://adl.ru/truboprovodnaya-arma                
                             tura/krany-sharovye-adl-bv17-svarny                
                             e.html "HTTP/1.1 200 OK"                           
[09/17/26 10:20:36] INFO     HTTP Request: GET                   _client.py:1740
                             https://adl.ru/truboprovodnaya-arma                
                             tura/krany-sharovye-adl-bv17-s-e-pr                
                             ivodom.html "HTTP/1.1 200 OK"                      
                    INFO     HTTP Request: GET                   _client.py:1740
                             https://bv.nt-rt.ru/images/manuals/                
                             bv17.pdf "HTTP/1.1 200 OK"                         
[09/17/26 10:20:41] INFO     HTTP Request: POST                  _client.py:1740
                             https://html.duckduckgo.com/html                   
                             "HTTP/1.1 200 OK"                                  
                    INFO     HTTP Request: GET                   _client.py:1740
                             https://adl.ru/truboprovodnaya-arma                
                             tura/krany-sharovye-bival-ksht-seri                
                             ya-10.html "HTTP/1.1 200 OK"                       
[09/17/26 10:20:42] INFO     HTTP Request: GET                   _client.py:1740
                             https://www.ivatek.ru/shop/kran-sha                
                             rovoj-stalnoj-bival-ksht-10-standar                
                             tnyj-prokhod-svarka-svarka-s-rukoya                
                             tkoj/ "HTTP/1.1 503 Service                        
                             Unavailable"                                       
[09/17/26 10:20:43] INFO     HTTP Request: GET                   _client.py:1740
                             https://dn.ru/sharovyi-kran/teplosn                
                             abzhenie/flantcevyi-kran/standartny                
                             i/bival/ksht-10/dn80-ru25 "HTTP/1.1                
                             200 OK"                                            
[09/17/26 10:20:47] INFO     HTTP Request: POST                  _client.py:1740
                             https://html.duckduckgo.com/html                   
                             "HTTP/1.1 200 OK"                                  
[09/17/26 10:20:48] INFO     HTTP Request: GET                   _client.py:1740
                             https://valve.ru/catalog/truboprovo                
                             dnaya_armatura_1/krany_sharovye/kra                
                             ny_sharovye_bival/krany%20sharovye%                
                             20bival%20ksht%2015/32964/                         
                             "HTTP/1.1 200 OK"                                  
[09/17/26 10:20:49] INFO     HTTP Request: GET                   _client.py:1740
                             https://adl.ru/truboprovodnaya-arma                
                             tura/krany-sharovye-bival-ksht-seri                
                             ya-15.html "HTTP/1.1 200 OK"                       
[09/17/26 10:20:50] INFO     HTTP Request: GET                   _client.py:1740
                             https://proteplo.org/product/kran-s                
                             harovoy_bival-ksht-15-050-16-f-f-po                
                             lnyy-prohod "HTTP/1.1 200 OK"                      
[09/17/26 10:20:55] INFO     HTTP Request: POST                  _client.py:1740
                             https://html.duckduckgo.com/html                   
                             "HTTP/1.1 200 OK"                                  
[09/17/26 10:20:56] INFO     HTTP Request: GET                   _client.py:1740
                             https://gremir.ru/krany-sharovye/st                
                             alnye/broen-ballomax/ksht-11s10ft-6                
                             0-003-flancevyy/kran-stalnoy-flants                
                             evyy-du-25-ru-16-l160mm-broen-ballo                
                             max-11s10ft-ksht-60-003/ "HTTP/1.1                 
                             200 OK"                                            
[09/17/26 10:21:00] INFO     HTTP Request: GET                   _client.py:1740
                             https://dn.ru/sharovyi-kran/teplosn                
                             abzhenie/flantcevyi-kran/standartny                
                             i/broen/ballomax_ksht_60_003/dn25                  
                             "HTTP/1.1 200 OK"                                  
[09/17/26 10:21:01] INFO     HTTP Request: GET                   _client.py:1740
                             https://ingplast.ru/element/kran-sh                
                             arovoy-stalnoy-flantsevyy-du-025-ru                
                             16-broen/ "HTTP/1.1 200 OK"                        
[09/17/26 10:21:07] INFO     HTTP Request: POST                  _client.py:1740
                             https://html.duckduckgo.com/html                   
                             "HTTP/1.1 200 OK"                                  
[09/17/26 10:21:08] INFO     HTTP Request: GET                   _client.py:1740
                             https://dn.ru/filtr/flantcevyi/is/i                
                             s-16-f/dn80 "HTTP/1.1 200 OK"                      
[09/17/26 10:21:09] INFO     HTTP Request: GET                   _client.py:1740
                             https://lunda.ru/catalog/category/c                
                             13179/product/filtr-is16_10451.html                
                              "HTTP/1.1 401 Unauthorized"                       
[09/17/26 10:21:14] INFO     HTTP Request: POST                  _client.py:1740
                             https://html.duckduckgo.com/html                   
                             "HTTP/1.1 200 OK"                                  
                    INFO     HTTP Request: GET                   _client.py:1740
                             http://atek-shevchuk.ru/catalog                    
                             "HTTP/1.1 200 OK"                                  
[09/17/26 10:21:15] INFO     HTTP Request: GET                   _client.py:1740
                             https://armtorg.ru/articles/item/44                
                             64/ "HTTP/1.1 200 OK"                              
[09/17/26 10:21:16] INFO     HTTP Request: GET                   _client.py:1740
                             https://www.atek-shevchuk.ru/zaporn                
                             ye-krany "HTTP/1.1 200 OK"                         
[09/17/26 10:21:35] INFO     HTTP Request: POST                  _client.py:1740
                             https://html.duckduckgo.com/html                   
                             "HTTP/1.1 200 OK"                                  
                    INFO     HTTP Request: GET                   _client.py:1740
                             https://kurskpribor.nt-rt.ru/images                
                             /manuals/KSB_MZO-125_25-0,25_RE.pdf                
                              "HTTP/1.1 200 OK"                                 
[09/17/26 10:21:36] INFO     HTTP Request: GET                   _client.py:1740
                             https://kurskpribor.nt-rt.ru/price/                
                             product/159494 "HTTP/1.1 200 OK"                   
[09/17/26 10:21:37] INFO     HTTP Request: GET                   _client.py:1740
                             https://fobosarm.by/catalog/elektro                
                             privody-aviaavtomatica/Zapornye_odn                
                             ooborotnye_elektroprivody/MZO-12525                
                             -025 "HTTP/1.1 200 OK"                             
[09/17/26 10:21:48] INFO     HTTP Request: POST                  _client.py:1740
                             https://html.duckduckgo.com/html                   
                             "HTTP/1.1 200 OK"                                  
                    INFO     HTTP Request: GET                   _client.py:1740
                             https://www.armcomplect.ru/11b27p1                 
                             "HTTP/1.1 200 OK"                                  
[09/17/26 10:21:49] INFO     HTTP Request: GET                   _client.py:1740
                             https://www.vseinstrumenti.ru/tag-p                
                             age/krany-11b27p1-sharovye-1152239/                
                              "HTTP/1.1 403 Forbidden"                          
[09/17/26 10:21:50] INFO     HTTP Request: GET                   _client.py:1740
                             https://www.ptza.ru/11b27p1-kran-sh                
                             arovyj-muftovyj/ "HTTP/1.1 200 OK"                 
[09/17/26 10:21:56] INFO     HTTP Request: POST                  _client.py:1740
                             https://html.duckduckgo.com/html                   
                             "HTTP/1.1 200 OK"                                  
[09/17/26 10:21:57] INFO     HTTP Request: GET                   _client.py:1740
                             https://www.armcomplect.ru/11ch18bk                
                             "HTTP/1.1 200 OK"                                  
                    INFO     HTTP Request: GET                   _client.py:1740
                             https://aquatechkom.ru/catalog/arma                
                             tura/kran-probka/kran-konusnyy-trek                
                             hkhodovoy-salnikovyy-flantsevyy-11c                
                             h18bk/detail/ "HTTP/1.1 200 OK"                    
[09/17/26 10:22:32] INFO     HTTP Request: POST                  _client.py:1740
                             https://html.duckduckgo.com/html                   
                             "HTTP/1.1 200 OK"                                  
                    INFO     HTTP Request: GET                   _client.py:1740
                             https://chzta.ru/catalog/30s941nzh/                
                             "HTTP/1.1 200 OK"                                  
[09/17/26 10:22:33] INFO     HTTP Request: GET                   _client.py:1740
                             https://www.armcomplect.ru/30s941nz                
                             h "HTTP/1.1 200 OK"                                
[09/17/26 10:22:34] INFO     HTTP Request: GET                   _client.py:1740
                             https://chelaz.ru/katalog/zadvizhki                
                             /30s941nzh/30s941nzh.html "HTTP/1.1                
                             200 OK"                                            
[09/17/26 10:22:38] INFO     HTTP Request: POST                  _client.py:1740
                             https://html.duckduckgo.com/html                   
                             "HTTP/1.1 200 OK"                                  
[09/17/26 10:22:39] INFO     HTTP Request: GET                   _client.py:1740
                             https://adl.ru/files/156e1b51-deb0-                
                             11e5-9f63-001f296a5bc2/KTA15_Stalny                
                             e_sharovye_krany_Beeval.pdf                        
                             "HTTP/1.1 200 OK"                                  
[09/17/26 10:22:50] INFO     HTTP Request: POST                  _client.py:1740
                             https://html.duckduckgo.com/html                   
                             "HTTP/1.1 200 OK"                                  
                    INFO     HTTP Request: GET                   _client.py:1740
                             https://texbin.ru/kran_11b27p1.html                
                             "HTTP/1.1 200 OK"                                  
[09/17/26 10:22:54] INFO     HTTP Request: POST                  _client.py:1740
                             https://html.duckduckgo.com/html                   
                             "HTTP/1.1 200 OK"                                  
[09/17/26 10:22:55] INFO     HTTP Request: GET                   _client.py:1740
                             https://tdnhi.ru/catalog/truboprovo                
                             dnaya_armatura/zadvizhki/i_zadvizhk                
                             a_klinovaja_litaja_~30/ "HTTP/1.1                  
                             200 OK"                                            
[09/17/26 10:22:59] INFO     HTTP Request: POST                  _client.py:1740
                             https://html.duckduckgo.com/html                   
                             "HTTP/1.1 200 OK"                                  
                    INFO     HTTP Request: GET                   _client.py:1740
                             https://alliance-arm.ru/katalog-tov                
                             arov/11ch18bk.html "HTTP/1.1 200                   
                             OK"                                                
[09/17/26 10:23:05] INFO     HTTP Request: POST                  _client.py:1740
                             https://html.duckduckgo.com/html                   
                             "HTTP/1.1 200 OK"                                  
[09/17/26 10:23:09] INFO     HTTP Request: POST                  _client.py:1740
                             https://html.duckduckgo.com/html                   
                             "HTTP/1.1 302 Found"                               
/home/thesonikpk/.cache/uv/archive-v0/v2Cfq71VHMojKVxt/lib/python3.12/site-packages/duckduckgo_mcp_server/server.py:541: MCPDeprecationWarning: The logging capability is deprecated as of 2026-07-28 (SEP-2577).
  await ctx.error(f"HTTP error occurred: {str(e)}")
[09/17/26 10:23:11] INFO     HTTP Request: POST                  _client.py:1740
                             https://html.duckduckgo.com/html                   
                             "HTTP/1.1 302 Found"                               
[09/17/26 10:23:18] INFO     HTTP Request: POST                  _client.py:1740
                             https://html.duckduckgo.com/html                   
                             "HTTP/1.1 200 OK"                                  
                    INFO     HTTP Request: GET                   _client.py:1740
                             https://nzeta.ru/catalog/fitingi-dl                
                             ya-metallorukavov-i-trubnoy-provodk                
                             i/fitingi-dlya-soedineniya-truba-tr                
                             uba_1/mufta-soedinitelnaya-mtt/                    
                             "HTTP/1.1 200 OK"                                  
[09/17/26 10:23:20] INFO     HTTP Request: GET                   _client.py:1740
                             https://nzeta.ru/catalog/lineyka-mo                
                             rozka/fitingi-dlya-sistemy-trubnoy-                
                             elektroprovodki/truba-truba/mufty-s                
                             oedinitelnye-mtt-ip67/ "HTTP/1.1                   
                             200 OK"                                            
[09/17/26 10:23:21] INFO     HTTP Request: GET                   _client.py:1740
                             https://files.postavkalava.ru/etm-f                
                             iles/docs/mtt.pdf "HTTP/1.1 200 OK"                
[09/17/26 10:23:26] INFO     HTTP Request: POST                  _client.py:1740
                             https://html.duckduckgo.com/html                   
                             "HTTP/1.1 200 OK"                                  
                    INFO     HTTP Request: GET                   _client.py:1740
                             https://nzeta.ru/catalog/kabelnye-v                
                             vody-salniki-metallicheskie/kabelny                
                             e-vvody-metallicheskie/kabelnyy-vvo                
                             d-rezba-pg/ "HTTP/1.1 200 OK"                      
[09/17/26 10:23:28] INFO     HTTP Request: GET                   _client.py:1740
                             https://www.zkabel.ru/catalog/kabel                
                             nye-vvody-i-komplektujushhie/kabeln                
                             ye-vvody/s-rezboy-pg/ "HTTP/1.1 200                
                             OK"                                                
[09/17/26 10:23:29] INFO     HTTP Request: GET                   _client.py:1740
                             https://www.nzeta-shop.ru/category/                
                             kabelnye-vvody/kabelnye-vvody_mater                
                             ial_latunnyj/369 "HTTP/1.1 200 OK"                 
[09/17/26 10:23:36] INFO     HTTP Request: POST                  _client.py:1740
                             https://html.duckduckgo.com/html                   
                             "HTTP/1.1 200 OK"                                  
                    INFO     HTTP Request: GET                   _client.py:1740
                             https://mrmag.ru/shop/udliniteli_i_                
                             setevye_filtry/setevoj-filtr-kosmos                
                             -15m-4-gnezd-pvs-3h075mm2-chernyj-f                
                             ksm1-5m-4gb "HTTP/1.1 200 OK"                      
                    INFO     HTTP Request: GET                   _client.py:1740
                             https://www.vseinstrumenti.ru/produ                
                             ct/setevoj-filtr-kosmos-1-5m-4-gnez                
                             da-pvs-3x0-75mm2-chernyj-fksm1-5m-4                
                             g-b-2166598/ "HTTP/1.1 403                         
                             Forbidden"                                         
                    INFO     HTTP Request: GET                   _client.py:1740
                             https://www.chipdip.ru/product/sete                
                             voy-filtr-1-5m-4-gnezd-pvs-3x0-75mm                
                             2-chernyy-kosmos-8010897776                        
                             "HTTP/1.1 403 Forbidden"                           
[09/17/26 10:23:39] INFO     HTTP Request: POST                  _client.py:1740
                             https://html.duckduckgo.com/html                   
                             "HTTP/1.1 200 OK"                                  
                    INFO     HTTP Request: GET                   _client.py:1740
                             https://www.vseinstrumenti.ru/produ                
                             ct/setevoj-filtr-kosmos-1-5m-4-gnez                
                             da-pvs-3x0-75mm2-seryj-fksm1-5m-4g-                
                             g-2166584/ "HTTP/1.1 403 Forbidden"                
                    INFO     HTTP Request: GET                   _client.py:1740
                             https://www.vseinstrumenti.ru/produ                
                             ct/setevoj-filtr-kosmos-1-5m-4-gnez                
                             da-pvs-3x0-75mm2-belyj-fksm1-5m-4g-                
                             w-2166571/ "HTTP/1.1 403 Forbidden"                
[09/17/26 10:23:40] INFO     HTTP Request: GET                   _client.py:1740
                             https://electrical.ru/product/89217                
                             3-filtr-setevoy-1-5m-4-gnezda-pvs-3                
                             h0-75-mm2-seryy "HTTP/1.1 302 Moved                
                             Temporarily"                                       
                    INFO     HTTP Request: GET                   _client.py:1740
                             https://electrical.ru/guard/captcha                
                             ?to=/product/892173-filtr-setevoy-1                
                             -5m-4-gnezda-pvs-3h0-75-mm2-seryy                  
                             "HTTP/1.1 200 OK"                                  
[09/17/26 10:23:42] INFO     HTTP Request: POST                  _client.py:1740
                             https://html.duckduckgo.com/html                   
                             "HTTP/1.1 200 OK"                                  
                    INFO     HTTP Request: GET                   _client.py:1740
                             https://www.vseinstrumenti.ru/produ                
                             ct/setevoj-filtr-kosmos-1-5m-4-gnez                
                             da-pvs-3x0-75mm2-chernyj-fksm1-5m-4                
                             g-b-2166598/ "HTTP/1.1 403                         
                             Forbidden"                                         
[09/17/26 10:23:43] INFO     HTTP Request: GET                   _client.py:1740
                             https://www.vseinstrumenti.ru/produ                
                             ct/setevoj-filtr-kosmos-1-5m-4-gnez                
                             da-pvs-3x0-75mm2-seryj-fksm1-5m-4g-                
                             g-2166584/ "HTTP/1.1 403 Forbidden"                
[09/17/26 10:23:45] INFO     HTTP Request: POST                  _client.py:1740
                             https://html.duckduckgo.com/html                   
                             "HTTP/1.1 200 OK"                                  
[09/17/26 10:23:46] INFO     HTTP Request: GET                   _client.py:1740
                             https://elektrika-mag.ru/product/se                
                             tevoy-filtr-kosmos-10a-2200vt-1-8m-                
                             5-gnezd-pvs-3h0-75mm2-chernyy/                     
                             "HTTP/1.1 200 OK"                                  
                    INFO     HTTP Request: GET                   _client.py:1740
                             https://elektrika-mag.ru/product/se                
                             tevoy-filtr-kosmos-10a-2200vt-1-8m-                
                             5-gnezd-pvs-3h0-75mm2-chernyy-2-usb                
                             -usbc/ "HTTP/1.1 200 OK"                           
[09/17/26 10:23:47] INFO     HTTP Request: GET                   _client.py:1740
                             https://mrmag.ru/shop/udliniteli_i_                
                             setevye_filtry/setevoj-filtr-kosmos                
                             -10a-2200vt-18m-5-gnezd-pvs-3h075mm                
                             2-chernyj-2-usbusbc "HTTP/1.1 200                  
                             OK"                                                
[09/17/26 10:23:49] INFO     HTTP Request: POST                  _client.py:1740
                             https://html.duckduckgo.com/html                   
                             "HTTP/1.1 200 OK"                                  
[09/17/26 10:23:51] INFO     HTTP Request: GET                   _client.py:1740
                             https://satu.kz/p132936492-setevoj-                
                             filtr-kosmos.html "HTTP/1.1 302                    
                             Found"                                             
[09/17/26 10:23:52] INFO     HTTP Request: GET                   _client.py:1740
                             https://satu.kz/kz/p132936492-setev                
                             oj-filtr-kosmos.html "HTTP/1.1 200                 
                             OK"                                                
[09/17/26 10:23:54] INFO     HTTP Request: GET                   _client.py:1740
                             https://www.vseinstrumenti.ru/produ                
                             ct/setevoj-filtr-kosmos-3m-5-gnezd-                
                             pvs-3x0-75mm2-belyj-2-usb-fksm3m-5g                
                             -w-usb-2166610/ "HTTP/1.1 403                      
                             Forbidden"                                         
[09/17/26 10:23:59] INFO     HTTP Request: GET                   _client.py:1740
                             https://www.texenergo.ru/catalog/it                
                             em.html/te00462258 "HTTP/1.1 200                   
                             OK"                                                
[09/17/26 10:24:02] INFO     HTTP Request: POST                  _client.py:1740
                             https://html.duckduckgo.com/html                   
                             "HTTP/1.1 200 OK"                                  
[09/17/26 10:24:18] INFO     HTTP Request: GET                   _client.py:1740
                             https://www.texenergo.ru/catalog/it                
                             em.html/te00462257 "HTTP/1.1 200                   
                             OK"                                                
[09/17/26 10:24:19] INFO     HTTP Request: GET                   _client.py:1740
                             https://elektrika-mag.ru/product/se                
                             tevoy-filtr-kosmos-10a-2200vt-3m-5-                
                             gnezd-pvs-3h0-75mm2-seryy/                         
                             "HTTP/1.1 200 OK"                                  
[09/17/26 10:24:20] INFO     HTTP Request: GET                   _client.py:1740
                             https://www.vseinstrumenti.ru/produ                
                             ct/setevoj-filtr-kosmos-3m-5-gnezd-                
                             pvs-3x0-75mm2-belyj-2-usb-fksm3m-5g                
                             -w-usb-2166610/ "HTTP/1.1 403                      
                             Forbidden"                                         
[09/17/26 10:24:23] INFO     HTTP Request: POST                  _client.py:1740
                             https://html.duckduckgo.com/html                   
                             "HTTP/1.1 200 OK"                                  
[09/17/26 10:24:26] INFO     HTTP Request: GET                   _client.py:1740
                             https://www.vseinstrumenti.ru/produ                
                             ct/setevoj-filtr-kosmos-3m-5-gnezd-                
                             pvs-3x0-75mm2-chernyj-2-usb-fksm3m-                
                             5g-b-usb-2166595/ "HTTP/1.1 403                    
                             Forbidden"                                         
[09/17/26 10:24:27] INFO     HTTP Request: GET                   _client.py:1740
                             https://www.texenergo.ru/catalog/it                
                             em.html/te00462256 "HTTP/1.1 200                   
                             OK"                                                
[09/17/26 10:24:29] INFO     HTTP Request: GET                   _client.py:1740
                             https://www.apex-s.ru/elektrotovary                
                             -i-osveschenie/setevye-filtry-ibp-u                
                             dliniteli/setevye-filtry/setevoy-fi                
                             ltr-kosmos-3m-5-gnezd-pvs-3x0-75mm2                
                             -chernyy-2-usb-fksm3m-5g-b-usb/                    
                             "HTTP/1.1 403 Forbidden"                           
[09/17/26 10:24:31] INFO     HTTP Request: POST                  _client.py:1740
                             https://html.duckduckgo.com/html                   
                             "HTTP/1.1 200 OK"                                  
[09/17/26 10:24:38] INFO     HTTP Request: GET                   _client.py:1740
                             https://www.texenergo.ru/catalog/it                
                             em.html/te00462261 "HTTP/1.1 200                   
                             OK"                                                
[09/17/26 10:24:39] INFO     HTTP Request: GET                   _client.py:1740
                             https://www.mvideo.ru/products/sete                
                             voi-filtr-kosmos-5m-5gb-pvs-3h075mm                
                             2-400030095/specification "HTTP/1.1                
                             200 OK"                                            
                    INFO     HTTP Request: GET                   _client.py:1740
                             https://www.mvideo.ru/products/sete                
                             voi-filtr-kosmos-5m-5gw-pvs-3h075mm                
                             2-400030100/specification "HTTP/1.1                
                             200 OK"                                            
[09/17/26 10:24:42] INFO     HTTP Request: POST                  _client.py:1740
                             https://html.duckduckgo.com/html                   
                             "HTTP/1.1 200 OK"                                  
                    INFO     HTTP Request: GET                   _client.py:1740
                             https://www.ozon.ru/product/setevoy                
                             -filtr-kosmos-5m-5-gnezd-pvs-3h0-75                
                             mm2-seryy-180441223/ "HTTP/1.1 307                 
                             Temporary Redirect"                                
                    INFO     HTTP Request: GET                   _client.py:1740
                             https://www.ozon.ru/product/setevoy                
                             -filtr-kosmos-5m-5-gnezd-pvs-3h0-75                
                             mm2-seryy-180441223/?__rr=1                        
                             "HTTP/1.1 403 Forbidden"                           
[09/17/26 10:24:43] INFO     HTTP Request: GET                   _client.py:1740
                             https://www.texenergo.ru/catalog/it                
                             em.html/te00462260 "HTTP/1.1 200                   
                             OK"                                                
                    INFO     HTTP Request: GET                   _client.py:1740
                             https://www.vseinstrumenti.ru/produ                
                             ct/setevoj-filtr-kosmos-5m-5-gnezd-                
                             pvs-3h0-75mm2-chernyj-fksm5m-5g-b-1                
                             247294/ "HTTP/1.1 403 Forbidden"                   
[09/17/26 10:24:45] INFO     HTTP Request: POST                  _client.py:1740
                             https://html.duckduckgo.com/html                   
                             "HTTP/1.1 200 OK"                                  
[09/17/26 10:24:46] INFO     HTTP Request: GET                   _client.py:1740
                             https://www.vseinstrumenti.ru/produ                
                             ct/setevoj-filtr-kosmos-5m-5-gnezd-                
                             pvs-3h0-75mm2-chernyj-fksm5m-5g-b-1                
                             247294/ "HTTP/1.1 403 Forbidden"                   
                    INFO     HTTP Request: GET                   _client.py:1740
                             https://www.vseinstrumenti.ru/produ                
                             ct/setevoj-filtr-kosmos-5m-5-gnezd-                
                             pvs-3h0-75mm2-chernyj-472211-108718                
                             4/ "HTTP/1.1 403 Forbidden"                        
[09/17/26 10:24:47] INFO     HTTP Request: GET                   _client.py:1740
                             https://novex.ru/catalog/product/se                
                             tevoy-filtr-kosmos-5-gnezd-5m-pvs-3                
                             h0-75mm2-chernyy/ "HTTP/1.1 200 OK"                
[09/17/26 10:24:49] INFO     HTTP Request: POST                  _client.py:1740
                             https://html.duckduckgo.com/html                   
                             "HTTP/1.1 200 OK"                                  
[09/17/26 10:24:50] INFO     HTTP Request: GET                   _client.py:1740
                             https://www.texenergo.ru/catalog/it                
                             em.html/te00447247 "HTTP/1.1 200                   
                             OK"                                                
[09/17/26 10:25:03] INFO     HTTP Request: GET                   _client.py:1740
                             https://www.attrade.by/catalog/ustr                
                             ojstva-opoveshcheniya/160564-revun-                
                             opoveshtatel-ohranniy-zvukovoy-s-fi                
                             ltrom-rvf-220v-uhl5-220v-dc-ip54                   
                             "HTTP/1.1 200 OK"                                  
[09/17/26 10:25:04] INFO     HTTP Request: GET                   _client.py:1740
                             https://www.chipdip.ru/product/rvf-                
                             220v-uhl5-220v-dc-ip54-opoveschatel                
                             -elektrotehnik-9001283220 "HTTP/1.1                
                             403 Forbidden"                                     
[09/17/26 10:25:07] INFO     HTTP Request: POST                  _client.py:1740
                             https://html.duckduckgo.com/html                   
                             "HTTP/1.1 200 OK"                                  
                    INFO     HTTP Request: GET                   _client.py:1740
                             https://www.texenergo.ru/catalog/it                
                             em.html/te00111513 "HTTP/1.1 200                   
                             OK"                                                
[09/17/26 10:25:08] INFO     HTTP Request: GET                   _client.py:1740
                             https://www.etalonpribor.ru/catalog                
                             /elektrotehnicheskoe_oborudovanie/p                
                             roduct/sirena-r-babysai-ld6-240v-kr                
                             asnyj-ip43/ "HTTP/1.1 200 OK"                      
[09/17/26 10:25:18] INFO     HTTP Request: GET                   _client.py:1740
                             https://www.ozon.ru/product/sirena-                
                             sirena-r-babysai-ld6-240v-krasnyy-i                
                             p43-nepreryvnyy-zvuk-italiya-284344                
                             7220/ "HTTP/1.1 307 Temporary                      
                             Redirect"                                          
                    INFO     HTTP Request: GET                   _client.py:1740
                             https://www.ozon.ru/product/sirena-                
                             sirena-r-babysai-ld6-240v-krasnyy-i                
                             p43-nepreryvnyy-zvuk-italiya-284344                
                             7220/?__rr=1 "HTTP/1.1 403                         
                             Forbidden"                                         
[09/17/26 10:25:21] INFO     HTTP Request: POST                  _client.py:1740
                             https://html.duckduckgo.com/html                   
                             "HTTP/1.1 200 OK"                                  
[09/17/26 10:25:27] INFO     HTTP Request: GET                   _client.py:1740
                             https://www.sirena.it/en/prodotto/s                
                             ep-led-ms32/ "HTTP/1.1 200 OK"                     
[09/17/26 10:25:28] INFO     HTTP Request: GET                   _client.py:1740
                             https://www.texenergo.ru/catalog/it                
                             em.html/te00361552 "HTTP/1.1 200                   
                             OK"                                                
                    INFO     HTTP Request: GET                   _client.py:1740
                             https://www.etalonpribor.ru/catalog                
                             /elektrotehnicheskoe_oborudovanie/p                
                             roduct/sirena-sirena-sep-ld85-ms32-                
                             24v-ac-dc-italiya/ "HTTP/1.1 200                   
                             OK"                                                
[09/17/26 10:25:36] INFO     HTTP Request: POST                  _client.py:1740
                             https://html.duckduckgo.com/html                   
                             "HTTP/1.1 200 OK"                                  
[09/17/26 10:25:37] INFO     HTTP Request: GET                   _client.py:1740
                             https://dn.ru/filtr/flantcevyi/teco                
                             fi/f3240na/dn80 "HTTP/1.1 200 OK"                  
[09/17/26 10:25:38] INFO     HTTP Request: GET                   _client.py:1740
                             https://lunda.ru/catalog/category/c                
                             13179/product/filtr-tecofi_13574.ht                
                             ml "HTTP/1.1 401 Unauthorized"                     
                    INFO     HTTP Request: GET                   _client.py:1740
                             https://termopartner.ru/catalog/tru                
                             boprovodnaya_armatura/filtry_setcha                
                             tye/filtry_setchatye_tecofi/filtry_                
                             setchatye_f3240n_tecofi/filtr_setch                
                             atyy_f3240n_du80_ru16_tecofi/                      
                             "HTTP/1.1 200 OK"                                  
[09/17/26 10:25:43] INFO     HTTP Request: POST                  _client.py:1740
                             https://html.duckduckgo.com/html                   
                             "HTTP/1.1 200 OK"                                  
[09/17/26 10:25:44] INFO     HTTP Request: GET                   _client.py:1740
                             https://ridan.ru/product/065B8234/p                
                             roperties "HTTP/1.1 200 OK"                        
[09/17/26 10:25:45] INFO     HTTP Request: GET                   _client.py:1740
                             https://www.is-com.ru/products/setc                
                             hatyy-filtr-danfoss-065b8234/                      
                             "HTTP/1.1 200 OK"                                  
                    INFO     HTTP Request: GET                   _client.py:1740
                             https://eu-avtomatica.ru/truboprovo                
                             dnaya-armatura/setchatye-filtry/fil                
                             try-setchatye-danfoss/danfoss-fvr-f                
                             iltr-setchatyj-du10-ru25-065b8234                  
                             "HTTP/1.1 200 OK"                                  
[09/17/26 10:25:49] INFO     HTTP Request: POST                  _client.py:1740
                             https://html.duckduckgo.com/html                   
                             "HTTP/1.1 200 OK"                                  
[09/17/26 10:25:50] INFO     HTTP Request: GET                   _client.py:1740
                             https://ridan.ru/product/065B8341R                 
                             "HTTP/1.1 200 OK"                                  
[09/17/26 10:25:52] INFO     HTTP Request: GET                   _client.py:1740
                             https://ridan.ru/product/065B8341R/                
                             properties "HTTP/1.1 200 OK"                       
                    INFO     HTTP Request: GET                   _client.py:1740
                             https://ridan.tesrussia.ru/product/                
                             ts-065B8341R/ "HTTP/1.1 200 OK"                    
[09/17/26 10:25:57] INFO     HTTP Request: POST                  _client.py:1740
                             https://html.duckduckgo.com/html                   
                             "HTTP/1.1 200 OK"                                  
[09/17/26 10:25:58] INFO     HTTP Request: GET                   _client.py:1740
                             https://ridan.ru/product/065B8343R/                
                             properties "HTTP/1.1 200 OK"                       
                    INFO     HTTP Request: GET                   _client.py:1740
                             https://ridan.tesrussia.ru/product/                
                             ts-065B8343R/ "HTTP/1.1 200 OK"                    
[09/17/26 10:25:59] INFO     HTTP Request: GET                   _client.py:1740
                             https://ridan.ink-engineering.ru/ri                
                             dan-fvr-dr-065b8343r-filtr-setchaty                
                             y-so-slivnym-kranom-dn25-pn25-t-ot-                
                             20-s-130-s-material-korpusa-latun-c                
                             w602n/ "HTTP/1.1 200 OK"                           
[09/17/26 10:26:03] INFO     HTTP Request: POST                  _client.py:1740
                             https://html.duckduckgo.com/html                   
                             "HTTP/1.1 200 OK"                                  
[09/17/26 10:26:04] INFO     HTTP Request: GET                   _client.py:1740
                             https://ridan.ru/catalog/thermal-au                
                             tomation/truboprovodnaya-armatura/l                
                             atunnye-filtry-setcatye-ridan-kod-0                
                             65b83xxr/latunnyi-filtr-setcatyi-fv                
                             r-r-ridan/description "HTTP/1.1 301                
                             Moved Permanently"                                 
                    INFO     HTTP Request: GET                   _client.py:1740
                             https://ridan.ru/catalog/938/latunn                
                             yi-filtr-setcatyi-fvr-r-ridan/descr                
                             iption "HTTP/1.1 200 OK"                           
[09/17/26 10:26:05] INFO     HTTP Request: GET                   _client.py:1740
                             https://ridan.ru/catalog/414/latunn                
                             yi-setcatyi-filtr-fvr-r "HTTP/1.1                  
                             200 OK"                                            
[09/17/26 10:26:07] INFO     HTTP Request: GET                   _client.py:1740
                             https://lunda.ru/catalog/category/c                
                             13179/product/filtr-fvr-ridan_35936                
                             .html "HTTP/1.1 401 Unauthorized"                  
[09/17/26 10:26:11] INFO     HTTP Request: POST                  _client.py:1740
                             https://html.duckduckgo.com/html                   
                             "HTTP/1.1 200 OK"                                  
                    INFO     HTTP Request: GET                   _client.py:1740
                             https://ridan.tesrussia.ru/product/                
                             ts-065B8339R/ "HTTP/1.1 200 OK"                    
[09/17/26 10:26:19] INFO     HTTP Request: GET                   _client.py:1740
                             https://ridan.ru/product/065B8239R                 
                             "HTTP/1.1 200 OK"                                  
[09/17/26 10:26:22] INFO     HTTP Request: GET                   _client.py:1740
                             https://ridan.ekoport.ru/ridan-fvr-                
                             r-065b8339r-filtr-setchatyy-s-probk                
                             oy-dn40-pn25-t-ot-20-s-130-s-materi                
                             al-korpusa-latun-cw602n/ "HTTP/1.1                 
                             200 OK"                                            
[09/17/26 10:26:26] INFO     HTTP Request: POST                  _client.py:1740
                             https://html.duckduckgo.com/html                   
                             "HTTP/1.1 200 OK"                                  
[09/17/26 10:26:27] INFO     HTTP Request: GET                   _client.py:1740
                             https://ridan.ru/catalog/938/latunn                
                             yi-filtr-setcatyi-fvr-r-ridan                      
                             "HTTP/1.1 200 OK"                                  
[09/17/26 10:26:28] INFO     HTTP Request: GET                   _client.py:1740
                             https://lunda.ru/catalog/category/c                
                             13179/product/filtr-fvr-ridan_35936                
                             .html "HTTP/1.1 401 Unauthorized"                  
[09/17/26 10:26:32] INFO     HTTP Request: POST                  _client.py:1740
                             https://html.duckduckgo.com/html                   
                             "HTTP/1.1 200 OK"                                  
[09/17/26 10:26:37] INFO     HTTP Request: GET                   _client.py:1740
                             https://ridan.ru/product/082X4050R                 
                             "HTTP/1.1 200 OK"                                  
[09/17/26 10:26:39] INFO     HTTP Request: GET                   _client.py:1740
                             https://ridan.ru/product/082X4050R/                
                             docs "HTTP/1.1 200 OK"                             
[09/17/26 10:26:40] INFO     HTTP Request: GET                   _client.py:1740
                             https://ridan.tesrussia.ru/product/                
                             ts-082X4050R/ "HTTP/1.1 200 OK"                    
[09/17/26 10:26:44] INFO     HTTP Request: POST                  _client.py:1740
                             https://html.duckduckgo.com/html                   
                             "HTTP/1.1 200 OK"                                  
[09/17/26 10:26:45] INFO     HTTP Request: GET                   _client.py:1740
                             https://dendor.ru/zatvory/zatvor-po                
                             vorotnyj-diskovyj-typ-017w-mezhflan                
                             cevyj-chugun/ "HTTP/1.1 200 OK"                    
[09/17/26 10:26:46] INFO     HTTP Request: GET                   _client.py:1740
                             https://ksteel.ru/product/zatvor-de                
                             ndor-017w-dn-400-pn-16-povorotnyy-d                
                             iskovyy-mezhflantsevyy-chugunnyy-s-                
                             elektroprivodom/ "HTTP/1.1 200 OK"                 
[09/17/26 10:26:47] INFO     HTTP Request: GET                   _client.py:1740
                             https://dendor.ru/zatvory/zatvor-po                
                             vorotnyj-diskovyj-dlya-system-pojar                
                             otusheniya-typ-017w-mezhflancevyj-c                
                             hugun/ "HTTP/1.1 200 OK"                           
[09/17/26 10:26:51] INFO     HTTP Request: POST                  _client.py:1740
                             https://html.duckduckgo.com/html                   
                             "HTTP/1.1 200 OK"                                  
                    INFO     HTTP Request: GET                   _client.py:1740
                             https://armarost.ru/catalog/zaporna                
                             ya_armatura/zatvory_diskovye/zatvor                
                             y_s_rukoyatkoy/zatvor_dendor_017w.h                
                             tml "HTTP/1.1 200 OK"                              
[09/17/26 10:26:56] INFO     HTTP Request: POST                  _client.py:1740
                             https://html.duckduckgo.com/html                   
                             "HTTP/1.1 200 OK"                                  
[09/17/26 10:26:57] INFO     HTTP Request: GET                   _client.py:1740
                             https://de-arm.ru/zapornaya-armatur                
                             a/zatvory-diskovye/zatvor-dendor-01                
                             7w-dn-65-pn-16-povorotnyy-diskovyy/                
                              "HTTP/1.1 200 OK"                                 
[09/17/26 10:26:59] INFO     HTTP Request: GET                   _client.py:1740
                             https://dn.ru/zatvor/zatvor-ruchnoi                
                             /dendor/017w_chugun40_300/dn65                     
                             "HTTP/1.1 200 OK"                                  
[09/17/26 10:27:03] INFO     HTTP Request: POST                  _client.py:1740
                             https://html.duckduckgo.com/html                   
                             "HTTP/1.1 200 OK"                                  
[09/17/26 10:27:04] INFO     HTTP Request: GET                   _client.py:1740
                             https://dn.ru/zatvor/zatvor-ruchnoi                
                             /dendor/017w_chugun40_300/dn80                     
                             "HTTP/1.1 200 OK"                                  
[09/17/26 10:27:06] INFO     HTTP Request: GET                   _client.py:1740
                             https://ksteel.ru/product/zatvor-de                
                             ndor-017w-dn-80-pn-10-povorotnyy-di                
                             skovyy-mezhflantsevyy-chugunnyy-s-r                
                             ukoyatkoy-dlya-sistem/ "HTTP/1.1                   
                             200 OK"                                            
[09/17/26 10:27:07] INFO     HTTP Request: GET                   _client.py:1740
                             https://abctrading.ru/zatvory/dendo                
                             r-017w-du-80-ru-16-chugun-chugun-ep                
                             dm/ "HTTP/1.1 200 OK"                              
[09/17/26 10:27:11] INFO     HTTP Request: POST                  _client.py:1740
                             https://html.duckduckgo.com/html                   
                             "HTTP/1.1 200 OK"                                  
[09/17/26 10:27:12] INFO     HTTP Request: GET                   _client.py:1740
                             https://ridan.ru/product/082X4403R                 
                             "HTTP/1.1 200 OK"                                  
[09/17/26 10:27:14] INFO     HTTP Request: GET                   _client.py:1740
                             https://ridan.tesrussia.ru/product/                
                             ts-082X4403R/ "HTTP/1.1 200 OK"                    
[09/17/26 10:27:15] INFO     HTTP Request: GET                   _client.py:1740
                             https://ridan-danfoss.ru/product/di                
                             skovye-zatvory-s-rukoyatkoj-082x440                
                             3r-ridan "HTTP/1.1 200 OK"                         
[09/17/26 10:27:19] INFO     HTTP Request: POST                  _client.py:1740
                             https://html.duckduckgo.com/html                   
                             "HTTP/1.1 200 OK"                                  
[09/17/26 10:27:20] INFO     HTTP Request: GET                   _client.py:1740
                             https://ridan.ru/product/082X4420R                 
                             "HTTP/1.1 200 OK"                                  
[09/17/26 10:27:21] INFO     HTTP Request: GET                   _client.py:1740
                             https://rosarmatorg.ru/zatvor-disko                
                             vyj-povorotnyj-ridan-zdm-051640-pn1                
                             6-dn40-korpus-gg25-disk-nerzhaveyus                
                             chaya-stal-aisi316-uplotnenie-epdm-                
                             upravlenie-082x4420r "HTTP/1.1 200                 
                             OK"                                                
[09/17/26 10:27:22] INFO     HTTP Request: GET                   _client.py:1740
                             https://tovtrub.ru/catalog/id/zatvo                
                             r-ridan-diskovyy-povorotnyy-zdm-05-                
                             16-40-pn16-dn40-korpus-gg25-disk-ne                
                             rzhaveyushchaya-stal-aisi316-uplotn                
                             enie-epdm/ "HTTP/1.1 200 OK"                       
[09/17/26 10:27:26] INFO     HTTP Request: POST                  _client.py:1740
                             https://html.duckduckgo.com/html                   
                             "HTTP/1.1 200 OK"                                  
[09/17/26 10:27:28] INFO     HTTP Request: GET                   _client.py:1740
                             https://ridan.ink-engineering.ru/ri                
                             dan-082x4421r-zatvor-diskovyy-povor                
                             otnyy-zdm-05-16-50-pn16-dn50-korpus                
                             -gg25-disk-nerzhaveyushchaya-stal-a                
                             isi316-uplotnenie-epdm-upravlenie-r                
                             ukoyatka/ "HTTP/1.1 200 OK"                        
                    INFO     HTTP Request: GET                   _client.py:1740
                             https://rosarmatorg.ru/zatvor-disko                
                             vyj-povorotnyj-ridan-zdm-051650-pn1                
                             6-dn50-korpus-gg25-disk-nerzhaveyus                
                             chaya-stal-aisi316-uplotnenie-epdm-                
                             upravlenie-082x4421r "HTTP/1.1 200                 
                             OK"                                                
[09/17/26 10:27:37] INFO     HTTP Request: GET                   _client.py:1740
                             https://b2b.rusklimat.com/catalog/p                
                             roduct/zatvor-diskovyy-povorotnyy-r                
                             idan-zdm-05-16-50-pn16-dn50-korpus-                
                             gg25-disk-nerzhaveyushchaya-stal-ai                
                             si/ "HTTP/1.1 200 OK"                              
[09/17/26 10:27:41] INFO     HTTP Request: POST                  _client.py:1740
                             https://html.duckduckgo.com/html                   
                             "HTTP/1.1 200 OK"                                  
[09/17/26 10:27:42] INFO     HTTP Request: GET                   _client.py:1740
                             https://ridan.ru/product/082X4423R                 
                             "HTTP/1.1 200 OK"                                  
[09/17/26 10:27:43] INFO     HTTP Request: GET                   _client.py:1740
                             https://ridan.tesrussia.ru/product/                
                             ts-082X4423R/ "HTTP/1.1 200 OK"                    
[09/17/26 10:27:45] INFO     HTTP Request: GET                   _client.py:1740
                             https://rosarmatorg.ru/zatvor-disko                
                             vyj-povorotnyj-ridan-zdm-051680-pn1                
                             6-dn80-korpus-gg25-disk-nerzhaveyus                
                             chaya-stal-aisi316-uplotnenie-epdm-                
                             upravlenie-082x4423r "HTTP/1.1 200                 
                             OK"                                                
[09/17/26 10:27:48] INFO     HTTP Request: POST                  _client.py:1740
                             https://html.duckduckgo.com/html                   
                             "HTTP/1.1 200 OK"                                  
[09/17/26 10:27:50] INFO     HTTP Request: GET                   _client.py:1740
                             https://ridan.ru/product/082X4531R                 
                             "HTTP/1.1 200 OK"                                  
[09/17/26 10:27:52] INFO     HTTP Request: GET                   _client.py:1740
                             https://ridan.ru/product/082X4543R                 
                             "HTTP/1.1 200 OK"                                  
[09/17/26 10:27:53] INFO     HTTP Request: GET                   _client.py:1740
                             https://ridan.tesrussia.ru/product/                
                             ts-082X4531R/ "HTTP/1.1 200 OK"                    
[09/17/26 10:27:58] INFO     HTTP Request: POST                  _client.py:1740
                             https://html.duckduckgo.com/html                   
                             "HTTP/1.1 200 OK"                                  
[09/17/26 10:27:59] INFO     HTTP Request: GET                   _client.py:1740
                             https://ridan.ru/product/082X4544R                 
                             "HTTP/1.1 200 OK"                                  
[09/17/26 10:28:00] INFO     HTTP Request: GET                   _client.py:1740
                             https://ridan.tesrussia.ru/product/                
                             ts-082X4532R/ "HTTP/1.1 200 OK"                    
[09/17/26 10:28:04] INFO     HTTP Request: GET                   _client.py:1740
                             https://ridan.ru/product/082X4402R                 
                             "HTTP/1.1 200 OK"                                  
[09/17/26 10:28:08] INFO     HTTP Request: POST                  _client.py:1740
                             https://html.duckduckgo.com/html                   
                             "HTTP/1.1 200 OK"                                  
[09/17/26 10:28:10] INFO     HTTP Request: GET                   _client.py:1740
                             https://dn.ru/zadvijka/zadvijka-kli                
                             novaya/zadvizhki-chugunnye/dendor/4                
                             7gv-ru16/dn40 "HTTP/1.1 200 OK"                    
[09/17/26 10:28:11] INFO     HTTP Request: GET                   _client.py:1740
                             https://dendor.ru/zadvizhki/zadvizh                
                             ka-klinovaya-typ-47gv-flancevaya-ch                
                             ugun/ "HTTP/1.1 200 OK"                            
[09/17/26 10:28:12] INFO     HTTP Request: GET                   _client.py:1740
                             https://armelite.ru/zadvizhka-chugu                
                             nnaya-dendor-klinovaya-tip-47gv-fla                
                             ntsevaya-s-obrezinennym-klinom-du-4                
                             0-ru-16 "HTTP/1.1 200 OK"                          
[09/17/26 10:28:16] INFO     HTTP Request: POST                  _client.py:1740
                             https://html.duckduckgo.com/html                   
                             "HTTP/1.1 200 OK"                                  
[09/17/26 10:28:17] INFO     HTTP Request: GET                   _client.py:1740
                             https://dn.ru/zadvijka/zadvijka-kli                
                             novaya/zadvizhki-chugunnye/dendor/4                
                             7gv-ru16/dn50 "HTTP/1.1 200 OK"                    
[09/17/26 10:28:19] INFO     HTTP Request: GET                   _client.py:1740
                             https://fs-sintez.ru/catalog/zaporn                
                             aya_armatura/zadvizhki/zadvizhka_de                
                             ndor_47gv_klinovaya_flanczevaya_s_o                
                             brezinennyim_klinom/ "HTTP/1.1 200                 
                             OK"                                                
[09/17/26 10:28:21] INFO     HTTP Request: GET                   _client.py:1740
                             https://dn.ru/zadvijka/zadvijka-kli                
                             novaya/zadvizhki-chugunnye/dendor/4                
                             7gv-ru16 "HTTP/1.1 200 OK"                         
[09/17/26 10:28:25] INFO     HTTP Request: POST                  _client.py:1740
                             https://html.duckduckgo.com/html                   
                             "HTTP/1.1 200 OK"                                  
[09/17/26 10:28:27] INFO     HTTP Request: GET                   _client.py:1740
                             https://dn.ru/zadvijka/zadvijka-kli                
                             novaya/zadvizhki-chugunnye/dendor/4                
                             7gv-ru16/dn65 "HTTP/1.1 200 OK"                    
[09/17/26 10:28:28] INFO     HTTP Request: GET                   _client.py:1740
                             https://dn.ru/zadvijka/zadvijka-kli                
                             novaya/zadvizhki-chugunnye/dendor/4                
                             7gva-ru16-s-dn-mt-220/dn65                         
                             "HTTP/1.1 200 OK"                                  
[09/17/26 10:28:29] INFO     HTTP Request: GET                   _client.py:1740
                             https://de-arm.ru/zapornaya-armatur                
                             a/zadvizhki/zadvizhka-dendor-47gv-d                
                             n-65-pn-1016-flantsevaya-kl/                       
                             "HTTP/1.1 200 OK"                                  
[09/17/26 10:28:33] INFO     HTTP Request: POST                  _client.py:1740
                             https://html.duckduckgo.com/html                   
                             "HTTP/1.1 200 OK"                                  
[09/17/26 10:28:35] INFO     HTTP Request: GET                   _client.py:1740
                             https://dn.ru/zadvijka/zadvijka-kli                
                             novaya/zadvizhki-chugunnye/dendor/4                
                             7gv-ru16/dn80 "HTTP/1.1 200 OK"                    
[09/17/26 10:28:36] INFO     HTTP Request: GET                   _client.py:1740
                             https://awstroy.ru/product/zadvizhk                
                             a-dendor-47gv-dn-80-pn-10-16/                      
                             "HTTP/1.1 200 OK"                                  
[09/17/26 10:28:42] INFO     HTTP Request: GET                   _client.py:1740
                             https://dn.ru/zadvijka/zadvijka-kli                
                             novaya/zadvizhki-chugunnye/dendor/4                
                             7gva-ru16/dn80 "HTTP/1.1 200 OK"                   
[09/17/26 10:28:46] INFO     HTTP Request: POST                  _client.py:1740
                             https://html.duckduckgo.com/html                   
                             "HTTP/1.1 200 OK"                                  
                    INFO     HTTP Request: GET                   _client.py:1740
                             https://dn.ru/zadvijka/zadvijka-kli                
                             novaya/zadvizhki-chugunnye/dendor/4                
                             7gv-ru16/dn100 "HTTP/1.1 200 OK"                   
[09/17/26 10:28:47] INFO     HTTP Request: GET                   _client.py:1740
                             https://www.esco-armatura.ru/katalo                
                             g/zadvizhki/chugunnye-zadvizhki/47g                
                             v-klinovye-flancevye/dn-100-26/                    
                             "HTTP/1.1 200 OK"                                  
[09/17/26 10:28:51] INFO     HTTP Request: GET                   _client.py:1740
                             https://fs-sintez.ru/catalog/zaporn                
                             aya_armatura/zadvizhki/zadvizhka_de                
                             ndor_47gv_flanczevaya,_s_obrezinenn                
                             yim_klinom,_pozharnaya/zadvizhka_de                
                             ndor_47vg_klinovaya_flanczevaya_pn_                
                             16_100_mm.html "HTTP/1.1 200 OK"                   
[09/17/26 10:28:55] INFO     HTTP Request: POST                  _client.py:1740
                             https://html.duckduckgo.com/html                   
                             "HTTP/1.1 200 OK"                                  
                    INFO     HTTP Request: GET                   _client.py:1740
                             https://dn.ru/zadvijka/zadvijka-kli                
                             novaya/zadvizhki-chugunnye/dendor/4                
                             7gv-ru16/dn125 "HTTP/1.1 200 OK"                   
[09/17/26 10:28:56] INFO     HTTP Request: GET                   _client.py:1740
                             https://www.esco-armatura.ru/katalo                
                             g/zadvizhki/chugunnye-zadvizhki/47g                
                             v-klinovye-flancevye/dn-125-26/                    
                             "HTTP/1.1 200 OK"                                  
[09/17/26 10:29:00] INFO     HTTP Request: GET                   _client.py:1740
                             https://spb.arma-opt.ru/Zadvizhka-d                
                             u-125-ru-16-klinovaya-obrezinennaya                
                             -Dendor-47GV-DN125-PN16-flancevaya-                
                             chugunnaya-so-shturvalom "HTTP/1.1                 
                             200 OK"                                            
[09/17/26 10:29:03] INFO     HTTP Request: POST                  _client.py:1740
                             https://html.duckduckgo.com/html                   
                             "HTTP/1.1 200 OK"                                  
                    INFO     HTTP Request: GET                   _client.py:1740
                             https://awstroy.ru/product/zadvizhk                
                             a-dendor-47gv-dn-150-pn-10-16/                     
                             "HTTP/1.1 200 OK"                                  
[09/17/26 10:29:04] INFO     HTTP Request: GET                   _client.py:1740
                             https://www.esco-armatura.ru/katalo                
                             g/zadvizhki/chugunnye-zadvizhki/47g                
                             v-klinovye-flancevye/dn-150-26/                    
                             "HTTP/1.1 200 OK"                                  
[09/17/26 10:29:09] INFO     HTTP Request: GET                   _client.py:1740
                             https://dn.ru/zadvijka/zadvijka-kli                
                             novaya/zadvizhki-chugunnye/dendor/4                
                             7gv-ru16/dn150 "HTTP/1.1 200 OK"                   
[09/17/26 10:29:12] INFO     HTTP Request: POST                  _client.py:1740
                             https://html.duckduckgo.com/html                   
                             "HTTP/1.1 200 OK"                                  
[09/17/26 10:29:13] INFO     HTTP Request: GET                   _client.py:1740
                             https://dendor-nn.ru/zadvizhka-dend                
                             or-tip-47gv/ "HTTP/1.1 200 OK"                     
[09/17/26 10:29:15] INFO     HTTP Request: GET                   _client.py:1740
                             https://dn.ru/zadvijka/zadvijka-kli                
                             novaya/zadvizhki-chugunnye/dendor/4                
                             7gv-ru16/dn200 "HTTP/1.1 200 OK"                   
[09/17/26 10:29:17] INFO     HTTP Request: GET                   _client.py:1740
                             https://fs-sintez.ru/catalog/zaporn                
                             aya_armatura/zadvizhki/zadvizhka_de                
                             ndor_47gv_klinovaya_flanczevaya_s_o                
                             brezinennyim_klinom/zadvizhka_dendo                
                             r_47vg_klinovaya_flanczevaya_pn_101                
                             6_200_mm.html "HTTP/1.1 200 OK"                    
[09/17/26 10:29:20] INFO     HTTP Request: POST                  _client.py:1740
                             https://html.duckduckgo.com/html                   
                             "HTTP/1.1 200 OK"                                  
[09/17/26 10:29:21] INFO     HTTP Request: GET                   _client.py:1740
                             https://ridan.ru/product/082X8495R                 
                             "HTTP/1.1 200 OK"                                  
[09/17/26 10:29:23] INFO     HTTP Request: GET                   _client.py:1740
                             https://ridan.ru/product/082X8495R/                
                             properties "HTTP/1.1 200 OK"                       
[09/17/26 10:29:27] INFO     HTTP Request: GET                   _client.py:1740
                             https://ridan.tesrussia.ru/product/                
                             ts-082X8495R/ "HTTP/1.1 200 OK"                    
[09/17/26 10:29:31] INFO     HTTP Request: POST                  _client.py:1740
                             https://html.duckduckgo.com/html                   
                             "HTTP/1.1 200 OK"                                  
[09/17/26 10:29:32] INFO     HTTP Request: GET                   _client.py:1740
                             https://ridan.ru/product/082X4053R                 
                             "HTTP/1.1 200 OK"                                  
[09/17/26 10:29:34] INFO     HTTP Request: GET                   _client.py:1740
                             https://ridan.ru/product/082X4053/p                
                             roperties "HTTP/1.1 200 OK"                        
                    INFO     HTTP Request: GET                   _client.py:1740
                             https://ridan.tesrussia.ru/product/                
                             ts-082x4053r/ "HTTP/1.1 200 OK"                    
[09/17/26 10:29:38] INFO     HTTP Request: POST                  _client.py:1740
                             https://html.duckduckgo.com/html                   
                             "HTTP/1.1 200 OK"                                  
[09/17/26 10:29:39] INFO     HTTP Request: GET                   _client.py:1740
                             https://ridan.ru/product/082X4055R/                
                             properties "HTTP/1.1 200 OK"                       
[09/17/26 10:29:43] INFO     HTTP Request: GET                   _client.py:1740
                             https://ridan.ru/product/082X4055/p                
                             roperties "HTTP/1.1 200 OK"                        
[09/17/26 10:29:47] INFO     HTTP Request: GET                   _client.py:1740
                             https://ridan.tesrussia.ru/product/                
                             ts-082X4055R/ "HTTP/1.1 200 OK"                    
[09/17/26 10:29:51] INFO     HTTP Request: POST                  _client.py:1740
                             https://html.duckduckgo.com/html                   
                             "HTTP/1.1 200 OK"                                  
[09/17/26 10:29:52] INFO     HTTP Request: GET                   _client.py:1740
                             https://ridan.ru/product/082X4051R                 
                             "HTTP/1.1 200 OK"                                  
[09/17/26 10:29:54] INFO     HTTP Request: GET                   _client.py:1740
                             https://ridan.ru/product/082X4051                  
                             "HTTP/1.1 200 OK"                                  
[09/17/26 10:29:55] INFO     HTTP Request: GET                   _client.py:1740
                             https://ridan.tesrussia.ru/product/                
                             ts-082x4051r/ "HTTP/1.1 200 OK"                    
[09/17/26 10:29:59] INFO     HTTP Request: POST                  _client.py:1740
                             https://html.duckduckgo.com/html                   
                             "HTTP/1.1 200 OK"                                  
[09/17/26 10:30:01] INFO     HTTP Request: GET                   _client.py:1740
                             https://ridan.ru/product/082X4052R                 
                             "HTTP/1.1 200 OK"                                  
[09/17/26 10:30:02] INFO     HTTP Request: GET                   _client.py:1740
                             https://ridan.ru/product/082X4052R/                
                             properties "HTTP/1.1 200 OK"                       
[09/17/26 10:30:04] INFO     HTTP Request: GET                   _client.py:1740
                             https://ridan.tesrussia.ru/product/                
                             ts-082x4052r/ "HTTP/1.1 200 OK"                    
[09/17/26 10:30:10] INFO     HTTP Request: POST                  _client.py:1740
                             https://html.duckduckgo.com/html                   
                             "HTTP/1.1 200 OK"                                  
[09/17/26 10:30:13] INFO     HTTP Request: GET                   _client.py:1740
                             https://ridan.ru/product/065N0140GR                
                             "HTTP/1.1 200 OK"                                  
[09/17/26 10:30:20] INFO     HTTP Request: GET                   _client.py:1740
                             https://www.wattson.ru/ENTER_ELEMEN                
                             T/4b91f058-f0a1-11ed-811e-98039b334                
                             063 "HTTP/1.1 200 OK"                              
[09/17/26 10:30:24] INFO     HTTP Request: POST                  _client.py:1740
                             https://html.duckduckgo.com/html                   
                             "HTTP/1.1 200 OK"                                  
[09/17/26 10:30:26] INFO     HTTP Request: GET                   _client.py:1740
                             https://ridan.ru/product/065N9628R                 
                             "HTTP/1.1 200 OK"                                  
                    INFO     HTTP Request: GET                   _client.py:1740
                             https://lunda.ru/catalog/category/c                
                             1105/product/kran-jip-standard-ff-r                
                             idan_35883.html "HTTP/1.1 401                      
                             Unauthorized"                                      
[09/17/26 10:30:32] INFO     HTTP Request: GET                   _client.py:1740
                             https://dn.ru/sharovyi-kran/teplosn                
                             abzhenie/flantcevyi-kran/standartny                
                             i/ridan/jip-r-standard-ff/dn100                    
                             "HTTP/1.1 200 OK"                                  
[09/17/26 10:30:38] INFO     HTTP Request: POST                  _client.py:1740
                             https://html.duckduckgo.com/html                   
                             "HTTP/1.1 200 OK"                                  
[09/17/26 10:30:41] INFO     HTTP Request: GET                   _client.py:1740
                             https://ridan.ru/product/065N9608R                 
                             "HTTP/1.1 200 OK"                                  
                    INFO     HTTP Request: GET                   _client.py:1740
                             https://termopartner.ru/catalog/tru                
                             boprovodnaya_armatura/sharovye_kran                
                             y/sharovye_krany_ridan/krany_sharov                
                             ye_rjip_standard_ww_ridan/kran_065n                
                             9608r_rjip_ww_standart_du100_ru16_s                
                             _rukoyatkoy_ridan/ "HTTP/1.1 200                   
                             OK"                                                
[09/17/26 10:30:42] INFO     HTTP Request: GET                   _client.py:1740
                             https://lunda.ru/catalog/category/c                
                             1105/product/kran-jip-standard-ww-r                
                             idan_35881.html "HTTP/1.1 401                      
                             Unauthorized"                                      
[09/17/26 10:30:47] INFO     HTTP Request: POST                  _client.py:1740
                             https://html.duckduckgo.com/html                   
                             "HTTP/1.1 200 OK"                                  
                    INFO     HTTP Request: GET                   _client.py:1740
                             https://www.iek.ru/products/catalog                
                             /svetotekhnika/kommunalnoe_i_bytovo                
                             e_osveshchenie/svetilniki_lineynye/                
                             svetilniki_dbo_5001_5011/svetilnik_                
                             svetodiodnyy_lineynyy_dbo_5006_36vt                
                             _6500k_ip20_1200mm_metall_iek                      
                             "HTTP/1.1 200 OK"                                  
[09/17/26 10:30:48] INFO     HTTP Request: GET                   _client.py:1740
                             https://www.etm.ru/cat/nn/8596326                  
                             "HTTP/1.1 444 "                                    
[09/17/26 10:30:49] INFO     HTTP Request: GET                   _client.py:1740
                             https://www.tinko.ru/catalog/produc                
                             t/296639/ "HTTP/1.1 200 OK"                        
[09/17/26 10:30:51] INFO     HTTP Request: POST                  _client.py:1740
                             https://html.duckduckgo.com/html                   
                             "HTTP/1.1 200 OK"                                  
[09/17/26 10:30:52] INFO     HTTP Request: GET                   _client.py:1740
                             https://www.iek.ru/products/catalog                
                             /svetotekhnika/kommercheskoe_osvesh                
                             chenie/paneli_svetodiodnye/svetodio                
                             dnye_paneli_20mm/svetilnik_svetodio                
                             dnyy_dvo_6567_p_36vt_4000k_prizma_i                
                             ek "HTTP/1.1 200 OK"                               
                    INFO     HTTP Request: GET                   _client.py:1740
                             https://iek-elektro.ru/product/LDVO                
                             2-6567-36-4000-K01 "HTTP/1.1 200                   
                             OK"                                                
[09/17/26 10:30:53] INFO     HTTP Request: GET                   _client.py:1740
                             https://olmi-connect.ru/shop/ldvo2-                
                             6567-36-4000-k01/ "HTTP/1.1 200 OK"                
[09/17/26 10:30:55] INFO     HTTP Request: POST                  _client.py:1740
                             https://html.duckduckgo.com/html                   
                             "HTTP/1.1 200 OK"                                  
                    INFO     HTTP Request: GET                   _client.py:1740
                             https://www.vseinstrumenti.ru/produ                
                             ct/raspredelitelnaya-korobka-stekke                
                             r-ld523-vodonepronitsaemaya-na-3-vy                
                             hoda-450v-140x78x36-chernyj-49121-7                
                             787626/ "HTTP/1.1 403 Forbidden"                   
[09/17/26 10:30:57] INFO     HTTP Request: GET                   _client.py:1740
                             https://shop.feron.ru/catalog/elekt                
                             rotovary_stekker/korobka_raspredeli                
                             telnaya_feron_ld523_vodonepronitsae                
                             maya_na_3_vykhoda_450v_140kh78kh36_                
                             chernyy/ "HTTP/1.1 200 OK"                         
[09/17/26 10:31:00] INFO     HTTP Request: GET                   _client.py:1740
                             https://www.ozon.ru/product/korobka                
                             -raspredelitelnaya-vodonepronitsaem                
                             aya-na-3-vyhoda-450v-140h78h36-mm-s                
                             tekker-ld523-1598162923/ "HTTP/1.1                 
                             307 Temporary Redirect"                            
                    INFO     HTTP Request: GET                   _client.py:1740
                             https://www.ozon.ru/product/korobka                
                             -raspredelitelnaya-vodonepronitsaem                
                             aya-na-3-vyhoda-450v-140h78h36-mm-s                
                             tekker-ld523-1598162923/?__rr=1                    
                             "HTTP/1.1 403 Forbidden"                           
[09/17/26 10:31:04] INFO     HTTP Request: POST                  _client.py:1740
                             https://html.duckduckgo.com/html                   
                             "HTTP/1.1 200 OK"                                  
[09/17/26 10:31:05] INFO     HTTP Request: GET                   _client.py:1740
                             https://www.armcomplect.ru/30s941nz                
                             h "HTTP/1.1 200 OK"                                
[09/17/26 10:31:06] INFO     HTTP Request: GET                   _client.py:1740
                             https://chzta.ru/catalog/30s941nzh/                
                             "HTTP/1.1 200 OK"                                  
[09/17/26 10:31:10] INFO     HTTP Request: GET                   _client.py:1740
                             https://nhi-group.ru/catalog/trubop                
                             rovodnaya_armatura/zadvizhki/i_zadv                
                             izhka_klinovaja_litaja_~32/                        
                             "HTTP/1.1 200 OK"                                  
[09/17/26 10:31:19] INFO     HTTP Request: POST                  _client.py:1740
                             https://html.duckduckgo.com/html                   
                             "HTTP/1.1 200 OK"                                  
                    INFO     HTTP Request: GET                   _client.py:1740
                             https://chelaz.ru/katalog/zadvizhki                
                             /30s41nzh/30s41nzh.html "HTTP/1.1                  
                             200 OK"                                            
[09/17/26 10:31:21] INFO     HTTP Request: GET                   _client.py:1740
                             https://tdnhi.ru/catalog/truboprovo                
                             dnaya_armatura/zadvizhki/i_zadvizhk                
                             a_klinovaja_litaja_~12/ "HTTP/1.1                  
                             200 OK"                                            
[09/17/26 10:31:24] INFO     HTTP Request: GET                   _client.py:1740
                             https://www.armcomplect.ru/30s41nzh                
                             "HTTP/1.1 200 OK"                                  
[09/17/26 10:31:31] INFO     HTTP Request: POST                  _client.py:1740
                             https://html.duckduckgo.com/html                   
                             "HTTP/1.1 302 Found"                               
[09/17/26 10:31:37] INFO     HTTP Request: POST                  _client.py:1740
                             https://html.duckduckgo.com/html                   
                             "HTTP/1.1 200 OK"                                  
                    INFO     HTTP Request: GET                   _client.py:1740
                             https://dn.ru/storage/pasport/ld/ka                
                             talog_kran_sharovyi_ld_voda.pdf                    
                             "HTTP/1.1 200 OK"                                  
[09/17/26 10:31:38] INFO     HTTP Request: GET                   _client.py:1740
                             https://dn.ru/storage/pasport/ld/ka                
                             talog_reguliruyushchiye_sharovyye_k                
                             rany_ld_regula.pdf "HTTP/1.1 200                   
                             OK"                                                
[09/17/26 10:31:40] INFO     HTTP Request: GET                   _client.py:1740
                             https://www.techmarcet.ru/wa-data/p                
                             ublic/site/KATALOGS/Techmarcet.ru_k                
                             ran_LD_energy.pdf "HTTP/1.1 200 OK"                
[09/17/26 10:31:47] INFO     HTTP Request: POST                  _client.py:1740
                             https://html.duckduckgo.com/html                   
                             "HTTP/1.1 200 OK"                                  
                    INFO     HTTP Request: GET                   _client.py:1740
                             http://kom-pensator.ru/silfonnyie-k                
                             ompensatoryi/otopleniya/polipropile                
                             novyie "HTTP/1.1 200 OK"                           
[09/17/26 10:31:48] INFO     HTTP Request: GET                   _client.py:1740
                             http://kom-pensator.ru/silfonnyie-k                
                             ompensatoryi/otopleniya/odnosloynyi                
                             e/st-b-65 "HTTP/1.1 200 OK"                        
[09/17/26 10:31:49] INFO     HTTP Request: GET                   _client.py:1740
                             https://www.aekonbel.by/goods/31699                
                             9380-kompensator_silfonny_dlya_poli                
                             propilenovykh_trub_st_b_pl                         
                             "HTTP/1.1 302 Moved Temporarily"                   
                    INFO     HTTP Request: GET                   _client.py:1740
                             https://www.aekonbel.by/goods/31699                
                             9380-kompensator_silfonny_dlya_poli                
                             propilenovykh_trub_st_b_pl?intruder                
                             _1dcca23355272056f04fe8bf20edfce0=1                
                              "HTTP/1.1 302 Moved Temporarily"                  
[09/17/26 10:31:50] INFO     HTTP Request: GET                   _client.py:1740
                             https://www.aekonbel.by/goods/31699                
                             9380-kompensator_silfonny_dlya_poli                
                             propilenovykh_trub_st_b_pl                         
                             "HTTP/1.1 200 OK"                                  
[09/17/26 10:31:54] INFO     HTTP Request: POST                  _client.py:1740
                             https://html.duckduckgo.com/html                   
                             "HTTP/1.1 200 OK"                                  
[09/17/26 10:31:55] INFO     HTTP Request: GET                   _client.py:1740
                             https://valtec.ru/catalog/truboprov                
                             odnaya_armatura/sharovye_krany_dlya                
                             _vody_base/kran_sharovoj_valtec_bas                
                             e_vt218n.html "HTTP/1.1 200 OK"                    
                    INFO     HTTP Request: GET                   _client.py:1740
                             https://www.vseinstrumenti.ru/produ                
                             ct/kran-sharovoj-valtec-base-rukoya                
                             tka-babochka-3-4-vnutrennyaya-naruz                
                             hnaya-vt-218-n-05-726552/ "HTTP/1.1                
                             403 Forbidden"                                     
[09/17/26 10:31:56] INFO     HTTP Request: GET                   _client.py:1740
                             https://santur.ru/product/b01000147                
                             49 "HTTP/1.1 200 OK"                               
[09/17/26 10:32:00] INFO     HTTP Request: POST                  _client.py:1740
                             https://html.duckduckgo.com/html                   
                             "HTTP/1.1 200 OK"                                  
[09/17/26 10:32:01] INFO     HTTP Request: GET                   _client.py:1740
                             https://valtec.ru/catalog/truboprov                
                             odnaya_armatura/sharovye_krany_dlya                
                             _vody_base/kran_sharovoj_valtec_bas                
                             e_vt217n.html "HTTP/1.1 200 OK"                    
                    INFO     HTTP Request: GET                   _client.py:1740
                             https://www.vseinstrumenti.ru/produ                
                             ct/sharovoj-kran-valtec-base-rukoya                
                             tka-babochka-3-4-vnutrennyaya-vnutr                
                             ennyaya-vt-217-n-05-726539/                        
                             "HTTP/1.1 403 Forbidden"                           
[09/17/26 10:32:02] INFO     HTTP Request: GET                   _client.py:1740
                             https://valtec.in.ua/vt.217/                       
                             "HTTP/1.1 200 OK"                                  
[09/17/26 10:32:06] INFO     HTTP Request: POST                  _client.py:1740
                             https://html.duckduckgo.com/html                   
                             "HTTP/1.1 200 OK"                                  
                    INFO     HTTP Request: GET                   _client.py:1740
                             https://www.vseinstrumenti.ru/produ                
                             ct/sharovoj-kran-valtec-base-rukoya                
                             tka-babochka-1-2-vnutrennyaya-vnutr                
                             ennyaya-vt-217-n-04-726536/                        
                             "HTTP/1.1 403 Forbidden"                           
[09/17/26 10:32:17] INFO     HTTP Request: POST                  _client.py:1740
                             https://html.duckduckgo.com/html                   
                             "HTTP/1.1 200 OK"                                  
[09/17/26 10:32:18] INFO     HTTP Request: GET                   _client.py:1740
                             https://tdnhi.ru/catalog/detali_tru                
                             boprovoda/filjtry/i_filjtr_magnitny                
                             j_flantsevyj~50/ "HTTP/1.1 200 OK"                 
                    INFO     HTTP Request: GET                   _client.py:1740
                             https://fmtag.ru/oborudovaniye/filt                
                             ry/vody/fmf-50.html "HTTP/1.1 200                  
                             OK"                                                
[09/17/26 10:32:20] INFO     HTTP Request: GET                   _client.py:1740
                             https://dn.ru/filtr/flantcevyi/char                
                             z/fmf/dn50 "HTTP/1.1 200 OK"                       
[09/17/26 10:32:33] INFO     HTTP Request: POST                  _client.py:1740
                             https://html.duckduckgo.com/html                   
                             "HTTP/1.1 200 OK"                                  
                    INFO     HTTP Request: GET                   _client.py:1740
                             https://www.techsteklo.ru/catalog/t                
                             ruboprovodnaya-armatura/kompensator                
                             yi/1338/ "HTTP/1.1 200 OK"                         
[09/17/26 10:32:34] INFO     HTTP Request: GET                   _client.py:1740
                             https://armfleks.ru/production/komp                
                             ensatory/silfonnye-kompensatory/sil                
                             fonnye-kompensatory-osevye/                        
                             "HTTP/1.1 200 OK"                                  
[09/17/26 10:32:49] INFO     HTTP Request: POST                  _client.py:1740
                             https://html.duckduckgo.com/html                   
                             "HTTP/1.1 200 OK"                                  
                    INFO     HTTP Request: GET                   _client.py:1740
                             https://santermo.ru/product/kompens                
                             ator-osevoj-dlya-teplosistem-du-50-                
                             ru-16osevoj-hod-50mm-5-45mm-s-vnesh                
                             nej-i-vnutrennej-gilzoj-konczevye-d                
                             etali-muftovye-2art-st-b-pl-50                     
                             "HTTP/1.1 403 Forbidden"                           
[09/17/26 10:32:54] INFO     HTTP Request: POST                  _client.py:1740
                             https://html.duckduckgo.com/html                   
                             "HTTP/1.1 200 OK"                                  
                    INFO     HTTP Request: GET                   _client.py:1740
                             https://mogilev.pulscen.by/products                
                             /kompensator_silfonny_dlya_poliprop                
                             ilenovykh_trub_st_b_pl_316999380                   
                             "HTTP/1.1 302 Moved Temporarily"                   
                    INFO     HTTP Request: GET                   _client.py:1740
                             https://mogilev.pulscen.by/products                
                             /kompensator_silfonny_dlya_poliprop                
                             ilenovykh_trub_st_b_pl_316999380?in                
                             truder_1dcca23355272056f04fe8bf20ed                
                             fce0=1 "HTTP/1.1 302 Moved                         
                             Temporarily"                                       
[09/17/26 10:32:55] INFO     HTTP Request: GET                   _client.py:1740
                             https://mogilev.pulscen.by/products                
                             /kompensator_silfonny_dlya_poliprop                
                             ilenovykh_trub_st_b_pl_316999380                   
                             "HTTP/1.1 200 OK"                                  
[09/17/26 10:33:17] INFO     HTTP Request: POST                  _client.py:1740
                             https://html.duckduckgo.com/html                   
                             "HTTP/1.1 200 OK"                                  
[09/17/26 10:33:18] INFO     HTTP Request: GET                   _client.py:1740
                             https://chelaz.ru/katalog/zadvizhki                
                             /30ls41nzh/30ls41nzh.html "HTTP/1.1                
                             200 OK"                                            
[09/17/26 10:33:20] INFO     HTTP Request: GET                   _client.py:1740
                             https://www.ptza.ru/30ls41nzh-zadvi                
                             zhka-klinovaya/ "HTTP/1.1 200 OK"                  
                    INFO     HTTP Request: GET                   _client.py:1740
                             https://www.vseinstrumenti.ru/tag-p                
                             age/zadvizhki-klinovye-s-vydvizhnym                
                             -shpindelem-30s41nzh-2397258/                      
                             "HTTP/1.1 403 Forbidden"                           
[09/17/26 10:33:24] INFO     HTTP Request: POST                  _client.py:1740
                             https://html.duckduckgo.com/html                   
                             "HTTP/1.1 200 OK"                                  
                    INFO     HTTP Request: GET                   _client.py:1740
                             https://www.vseinstrumenti.ru/tag-p                
                             age/zadvizhki-klinovye-s-vydvizhnym                
                             -shpindelem-30s41nzh-2397258/                      
                             "HTTP/1.1 403 Forbidden"                           
[09/17/26 10:33:29] INFO     HTTP Request: POST                  _client.py:1740
                             https://html.duckduckgo.com/html                   
                             "HTTP/1.1 200 OK"                                  
                    INFO     HTTP Request: GET                   _client.py:1740
                             https://www.vseinstrumenti.ru/tag-p                
                             age/zadvizhki-klinovye-s-vydvizhnym                
                             -shpindelem-30s41nzh-2397258/                      
                             "HTTP/1.1 403 Forbidden"                           
[09/17/26 10:33:46] INFO     HTTP Request: POST                  _client.py:1740
                             https://html.duckduckgo.com/html                   
                             "HTTP/1.1 200 OK"                                  
                    INFO     HTTP Request: GET                   _client.py:1740
                             https://www.vseinstrumenti.ru/tag-p                
                             age/zadvizhki-klinovye-s-vydvizhnym                
                             -shpindelem-30s41nzh-2397258/                      
                             "HTTP/1.1 403 Forbidden"                           
[09/17/26 10:33:51] INFO     HTTP Request: POST                  _client.py:1740
                             https://html.duckduckgo.com/html                   
                             "HTTP/1.1 200 OK"                                  
[09/17/26 10:33:52] INFO     HTTP Request: GET                   _client.py:1740
                             https://chzta.ru/catalog/30ls941nzh                
                             / "HTTP/1.1 200 OK"                                
[09/17/26 10:33:53] INFO     HTTP Request: GET                   _client.py:1740
                             https://saz-avangard.ru/catalog/arm                
                             atura-zapornaya/zadvizhki-s-vydvizh                
                             nym-shpindelem/30ls941nzh/                         
                             "HTTP/1.1 200 OK"                                  
[09/17/26 10:33:54] INFO     HTTP Request: GET                   _client.py:1740
                             https://tdnhi.ru/catalog/truboprovo                
                             dnaya_armatura/zadvizhki/i_zadvizhk                
                             a_klinovaja_litaja~213/ "HTTP/1.1                  
                             200 OK"                                            
[09/17/26 10:34:04] INFO     HTTP Request: POST                  _client.py:1740
                             https://html.duckduckgo.com/html                   
                             "HTTP/1.1 200 OK"                                  
[09/17/26 10:34:05] INFO     HTTP Request: GET                   _client.py:1740
                             https://www.armcomplect.ru/11b27p1                 
                             "HTTP/1.1 200 OK"                                  
[09/17/26 10:34:06] INFO     HTTP Request: GET                   _client.py:1740
                             https://www.ptza.ru/11b27p1-kran-sh                
                             arovyj-muftovyj/ "HTTP/1.1 200 OK"                 
[09/17/26 10:34:07] INFO     HTTP Request: GET                   _client.py:1740
                             https://www.vseinstrumenti.ru/tag-p                
                             age/krany-11b27p1-sharovye-1152239/                
                              "HTTP/1.1 403 Forbidden"                          
[09/17/26 10:34:13] INFO     HTTP Request: POST                  _client.py:1740
                             https://html.duckduckgo.com/html                   
                             "HTTP/1.1 200 OK"                                  
[09/17/26 10:34:14] INFO     HTTP Request: GET                   _client.py:1740
                             https://www.aquatechkom.ru/catalog/                
                             armatura/zadv/30ch6br/detail/                      
                             "HTTP/1.1 200 OK"                                  
[09/17/26 10:34:15] INFO     HTTP Request: GET                   _client.py:1740
                             https://tdnhi.ru/catalog/truboprovo                
                             dnaya_armatura/zadvizhki/i_zadvizhk                
                             a_paralleljnaja_litaja_2/ "HTTP/1.1                
                             200 OK"                                            
                    INFO     HTTP Request: GET                   _client.py:1740
                             https://krasnodar.mvsteel.ru/gosts/                
                             passpotr-30ch6br.pdf "HTTP/1.1 200                 
                             OK"                                                
[09/17/26 10:34:19] INFO     HTTP Request: POST                  _client.py:1740
                             https://html.duckduckgo.com/html                   
                             "HTTP/1.1 200 OK"                                  
[09/17/26 10:34:20] INFO     HTTP Request: GET                   _client.py:1740
                             https://tdnhi.ru/catalog/truboprovo                
                             dnaya_armatura/zadvizhki/i_zadvizhk                
                             a_paralleljnaja_litaja_1/ "HTTP/1.1                
                             200 OK"                                            
[09/17/26 10:34:24] INFO     HTTP Request: POST                  _client.py:1740
                             https://html.duckduckgo.com/html                   
                             "HTTP/1.1 200 OK"                                  
                    INFO     HTTP Request: GET                   _client.py:1740
                             https://teharmatura.ru/catalog/trub                
                             oprovodnaya-armatura/zadvizhki/zadv                
                             izhki_chugunnye/30ch6br/ "HTTP/1.1                 
                             200 OK"                                            
[09/17/26 10:34:28] INFO     HTTP Request: POST                  _client.py:1740
                             https://html.duckduckgo.com/html                   
                             "HTTP/1.1 200 OK"                                  
[09/17/26 10:34:29] INFO     HTTP Request: GET                   _client.py:1740
                             https://www.vseinstrumenti.ru/tag-p                
                             age/zadvizhki-klinovye-s-vydvizhnym                
                             -shpindelem-30s41nzh-2397258/                      
                             "HTTP/1.1 403 Forbidden"                           
[09/17/26 10:34:32] INFO     HTTP Request: POST                  _client.py:1740
                             https://html.duckduckgo.com/html                   
                             "HTTP/1.1 200 OK"                                  
                    INFO     HTTP Request: GET                   _client.py:1740
                             https://www.vseinstrumenti.ru/tag-p                
                             age/zadvizhki-klinovye-s-vydvizhnym                
                             -shpindelem-30s41nzh-2397258/                      
                             "HTTP/1.1 403 Forbidden"                           
[09/17/26 10:34:35] INFO     HTTP Request: POST                  _client.py:1740
                             https://html.duckduckgo.com/html                   
                             "HTTP/1.1 200 OK"                                  
[09/17/26 10:34:37] INFO     HTTP Request: GET                   _client.py:1740
                             https://www.ptza.ru/30s41nzh-zadviz                
                             hka-klinovaya/ "HTTP/1.1 200 OK"                   
[09/17/26 10:35:17] INFO     HTTP Request: POST                  _client.py:1740
                             https://html.duckduckgo.com/html                   
                             "HTTP/1.1 200 OK"                                  
                    INFO     HTTP Request: GET                   _client.py:1740
                             https://vodamk.ru/truboprovodnaya-a                
                             rmatura/stalnye-krany-sharovye/kran                
                             -ld-kshcf-080-070.016.02/ "HTTP/1.1                
                             403 Forbidden"                                     
[09/17/26 10:35:18] INFO     HTTP Request: GET                   _client.py:1740
                             https://market.yandex.ru/search?tex                
                             t=%D0%9A%D1%80%D0%B0%D0%BD%20%D1%88                
                             %D0%B0%D1%80%D0%BE%D0%B2%D0%BE%D0%B                
                             9%20%D1%84%D0%BB%D0%B0%D0%BD%D1%86%                
                             D0%B5%D0%B2%D1%8B%D0%B9%20LD%20%D0%                
                             9A%D0%A8.%D0%A6.%D0%A4.080.016%20L=                
                             210%20%D0%9D/%D0%9F%20%D0%A0%D1%83-                
                             16%20%D0%94%D1%83-80 "HTTP/1.1 200                 
                             OK"                                                
[09/17/26 10:35:19] INFO     HTTP Request: GET                   _client.py:1740
                             https://rosarmatura.ru/katalog/kran                
                             y/9-kran-sharovoy-ld-ksh-ts-f-080-0                
                             70-016-02-du-80-pn-1-6/ "HTTP/1.1                  
                             200 OK"                                            
[09/17/26 10:35:23] INFO     HTTP Request: POST                  _client.py:1740
                             https://html.duckduckgo.com/html                   
                             "HTTP/1.1 200 OK"                                  
[09/17/26 10:35:24] INFO     HTTP Request: GET                   _client.py:1740
                             https://stoking.ru/products/kran-sh                
                             arovyy-ld-regula-ksh-c-f-080-070-01                
                             6-02-du80-ru16-flancevyy "HTTP/1.1                 
                             200 OK"                                            
[09/17/26 10:35:25] INFO     HTTP Request: GET                   _client.py:1740
                             https://www.proteplo-spb.ru/product                
                             /sharovoy_stalnoy_kran_f_f_du_80_ru                
                             _16_s_ruchkoy_ld_kshtsf_iz_stali_20                
                             _ksh_ts_f_080_070_016_02 "HTTP/1.1                 
                             200 OK"                                            
[09/17/26 10:35:26] INFO     HTTP Request: GET                   _client.py:1740
                             https://vodamk.ru/truboprovodnaya-a                
                             rmatura/stalnye-krany-sharovye/kran                
                             -ld-kshcf-080-070.016.02/ "HTTP/1.1                
                             403 Forbidden"                                     
[09/17/26 10:35:38] INFO     HTTP Request: POST                  _client.py:1740
                             https://html.duckduckgo.com/html                   
                             "HTTP/1.1 200 OK"                                  
                    INFO     HTTP Request: GET                   _client.py:1740
                             https://vodamk.ru/truboprovodnaya-a                
                             rmatura/stalnye-krany-sharovye/kran                
                             -ld-kshcf-125-100.016.02/ "HTTP/1.1                
                             403 Forbidden"                                     
[09/17/26 10:35:39] INFO     HTTP Request: GET                   _client.py:1740
                             https://rosarmatura.ru/katalog/kran                
                             y/13-kran-sharovoy-ld-ksh-ts-f-125-                
                             100-016-02-du-125-pn-1-6/ "HTTP/1.1                
                             200 OK"                                            
[09/17/26 10:35:43] INFO     HTTP Request: POST                  _client.py:1740
                             https://html.duckduckgo.com/html                   
                             "HTTP/1.1 200 OK"                                  
[09/17/26 10:35:44] INFO     HTTP Request: GET                   _client.py:1740
                             https://vodamk.ru/truboprovodnaya-a                
                             rmatura/stalnye-krany-sharovye/kran                
                             -ld-kshcf-125-100.016.02/ "HTTP/1.1                
                             403 Forbidden"                                     
[09/17/26 10:35:48] INFO     HTTP Request: POST                  _client.py:1740
                             https://html.duckduckgo.com/html                   
                             "HTTP/1.1 200 OK"                                  
[09/17/26 10:35:49] INFO     HTTP Request: GET                   _client.py:1740
                             https://www.santech.ru/catalog/317/                
                             324/i3401/v14773/ "HTTP/1.1 200 OK"                
[09/17/26 10:35:50] INFO     HTTP Request: GET                   _client.py:1740
                             https://www.etm.ru/cat/nn/3598609                  
                             "HTTP/1.1 444 "                                    
[09/17/26 10:35:55] INFO     HTTP Request: POST                  _client.py:1740
                             https://html.duckduckgo.com/html                   
                             "HTTP/1.1 200 OK"                                  
[09/17/26 10:35:56] INFO     HTTP Request: GET                   _client.py:1740
                             https://www.etm.ru/cat/nn/3598609                  
                             "HTTP/1.1 444 "                                    
                    INFO     HTTP Request: GET                   _client.py:1740
                             https://www.acc-komplekt.com/goods/                
                             32936341-kran_sharovoy_ld_ksh_ts_f_                
                             r_150_125_016_02_du_150_125_ru_16_s                
                             _reduktorom "HTTP/1.1 307 Temporary                
                             Redirect"                                          
                    INFO     HTTP Request: GET                   _client.py:1740
                             https://www.acc-komplekt.com/goods/                
                             32936341-kran_sharovoy_ld_ksh_ts_f_                
                             r_150_125_016_02_du_150_125_ru_16_s                
                             _reduktorom?intruder_1dcca233552720                
                             56f04fe8bf20edfce0=1 "HTTP/1.1 302                 
                             Moved Temporarily"                                 
[09/17/26 10:35:58] INFO     HTTP Request: GET                   _client.py:1740
                             https://www.acc-komplekt.com/goods/                
                             32936341-kran_sharovoy_ld_ksh_ts_f_                
                             r_150_125_016_02_du_150_125_ru_16_s                
                             _reduktorom "HTTP/1.1 200 OK"                      
[09/17/26 10:36:04] INFO     HTTP Request: POST                  _client.py:1740
                             https://html.duckduckgo.com/html                   
                             "HTTP/1.1 200 OK"                                  
[09/17/26 10:36:09] INFO     HTTP Request: POST                  _client.py:1740
                             https://html.duckduckgo.com/html                   
                             "HTTP/1.1 200 OK"                                  
[09/17/26 10:36:14] INFO     HTTP Request: POST                  _client.py:1740
                             https://html.duckduckgo.com/html                   
                             "HTTP/1.1 200 OK"                                  
[09/17/26 10:36:15] INFO     HTTP Request: GET                   _client.py:1740
                             https://meganorm.ru/Data2/1/4293791                
                             /4293791786.pdf "HTTP/1.1 200 OK"                  
[09/17/26 10:36:16] INFO     HTTP Request: GET                   _client.py:1740
                             http://www.omegametall.ru/Data2/1/4                
                             293791/4293791785.pdf "HTTP/1.1 301                
                             Moved Permanently"                                 
                    INFO     HTTP Request: GET                   _client.py:1740
                             https://omegametall.ru/ "HTTP/1.1                  
                             200 OK"                                            
[09/17/26 10:36:17] INFO     HTTP Request: GET                   _client.py:1740
                             https://meganorm.ru/Index2/1/429379                
                             1/4293791785.htm "HTTP/1.1 200 OK"                 
[09/17/26 10:36:20] INFO     HTTP Request: POST                  _client.py:1740
                             https://html.duckduckgo.com/html                   
                             "HTTP/1.1 200 OK"                                  
                    INFO     HTTP Request: GET                   _client.py:1740
                             https://stroydoc-abv.ru/blogs/obraz                
                             ets-pprk-proekt-proizvodstva-rabot-                
                             s-primeneniem-kranov/ "HTTP/1.1 200                
                             OK"                                                
[09/17/26 10:36:21] INFO     HTTP Request: GET                   _client.py:1740
                             https://santehros.ru/news/234/                     
                             "HTTP/1.1 200 OK"                                  
[09/17/26 10:36:33] INFO     HTTP Request: POST                  _client.py:1740
                             https://html.duckduckgo.com/html                   
                             "HTTP/1.1 200 OK"                                  
                    INFO     HTTP Request: GET                   _client.py:1740
                             https://www.ozon.ru/product/kran-sh                
                             arovoy-ivr-954-1-2-polnoprohodnoy-k                
                             rasnaya-ruchka-rychag-vnutrennyaya-                
                             rezba-latun-italiya-5114856259/                    
                             "HTTP/1.1 307 Temporary Redirect"                  
                    INFO     HTTP Request: GET                   _client.py:1740
                             https://www.ozon.ru/product/kran-sh                
                             arovoy-ivr-954-1-2-polnoprohodnoy-k                
                             rasnaya-ruchka-rychag-vnutrennyaya-                
                             rezba-latun-italiya-5114856259/?__r                
                             r=1 "HTTP/1.1 403 Forbidden"                       
[09/17/26 10:36:34] INFO     HTTP Request: GET                   _client.py:1740
                             https://www.ter-en.com/ru/khm/9                    
                             "HTTP/1.1 200 OK"                                  
                    INFO     HTTP Request: GET                   _client.py:1740
                             https://www.italgaz.com.ua/ball-val                
                             ves/water-ball-valves/water-ball-va                
                             lve-ivr-954-956.html "HTTP/1.1 200                 
                             OK"                                                
[09/17/26 10:36:38] INFO     HTTP Request: POST                  _client.py:1740
                             https://html.duckduckgo.com/html                   
                             "HTTP/1.1 200 OK"                                  
[09/17/26 10:36:40] INFO     HTTP Request: GET                   _client.py:1740
                             https://kraft-plus.com.ua/ru/produc                
                             t/tip-954/ "HTTP/1.1 200 OK"                       
[09/17/26 10:36:43] INFO     HTTP Request: POST                  _client.py:1740
                             https://html.duckduckgo.com/html                   
                             "HTTP/1.1 200 OK"                                  
                    INFO     HTTP Request: GET                   _client.py:1740
                             https://www.ozon.ru/product/kran-sh                
                             arovoy-ivr-954-1-2-polnoprohodnoy-k                
                             rasnaya-ruchka-rychag-vnutrennyaya-                
                             rezba-latun-italiya-5114856259/                    
                             "HTTP/1.1 307 Temporary Redirect"                  
                    INFO     HTTP Request: GET                   _client.py:1740
                             https://www.ozon.ru/product/kran-sh                
                             arovoy-ivr-954-1-2-polnoprohodnoy-k                
                             rasnaya-ruchka-rychag-vnutrennyaya-                
                             rezba-latun-italiya-5114856259/?__r                
                             r=1 "HTTP/1.1 403 Forbidden"                       
[09/17/26 10:36:47] INFO     HTTP Request: POST                  _client.py:1740
                             https://html.duckduckgo.com/html                   
                             "HTTP/1.1 200 OK"                                  
[09/17/26 10:36:49] INFO     HTTP Request: GET                   _client.py:1740
                             https://dn.ru/zatvor/zatvor-ruchnoi                
                             /dn-ru/gg25-316l-nbr/dn80 "HTTP/1.1                
                             200 OK"                                            
[09/17/26 10:36:50] INFO     HTTP Request: GET                   _client.py:1740
                             https://dn.ru/zatvor/zatvor-ruchnoi                
                             /tekhgidromash/chugun-chugun/dn80                  
                             "HTTP/1.1 200 OK"                                  
[09/17/26 10:36:51] INFO     HTTP Request: GET                   _client.py:1740
                             https://www.vseinstrumenti.ru/produ                
                             ct/zatvor-diskovyj-povorotnyj-rashv                
                             ork-dn080-pn16-200-080-16-21118586/                
                              "HTTP/1.1 403 Forbidden"                          
[09/17/26 10:36:54] INFO     HTTP Request: POST                  _client.py:1740
                             https://html.duckduckgo.com/html                   
                             "HTTP/1.1 200 OK"                                  
[09/17/26 10:36:55] INFO     HTTP Request: GET                   _client.py:1740
                             https://valtec.ru/document/technica                
                             l/VT.214-215-217-218-219-0424.pdf                  
                             "HTTP/1.1 200 OK"                                  
                    INFO     HTTP Request: GET                   _client.py:1740
                             https://valtec.ru/document/technica                
                             l/VT.214-215-217-218-219-0524.pdf                  
                             "HTTP/1.1 200 OK"                                  
[09/17/26 10:36:56] INFO     HTTP Request: GET                   _client.py:1740
                             https://valtec.in.ua/vt.214/                       
                             "HTTP/1.1 200 OK"                                  
[09/17/26 10:37:02] INFO     HTTP Request: POST                  _client.py:1740
                             https://html.duckduckgo.com/html                   
                             "HTTP/1.1 200 OK"                                  
[09/17/26 10:37:03] INFO     HTTP Request: GET                   _client.py:1740
                             https://www.ozon.ru/product/kran-sh                
                             arovoy-ivr-954-1-2-polnoprohodnoy-k                
                             rasnaya-ruchka-rychag-vnutrennyaya-                
                             rezba-latun-italiya-5114856259/                    
                             "HTTP/1.1 307 Temporary Redirect"                  
                    INFO     HTTP Request: GET                   _client.py:1740
                             https://www.ozon.ru/product/kran-sh                
                             arovoy-ivr-954-1-2-polnoprohodnoy-k                
                             rasnaya-ruchka-rychag-vnutrennyaya-                
                             rezba-latun-italiya-5114856259/?__r                
                             r=1 "HTTP/1.1 403 Forbidden"                       
[09/17/26 10:37:06] INFO     HTTP Request: POST                  _client.py:1740
                             https://html.duckduckgo.com/html                   
                             "HTTP/1.1 200 OK"                                  
[09/17/26 10:37:07] INFO     HTTP Request: GET                   _client.py:1740
                             https://valtec.ru/catalog/truboprov                
                             odnaya_armatura/sharovye_krany_dlya                
                             _vody_base/kran_sharovoj_valtec_bas                
                             e_vt214n.html "HTTP/1.1 200 OK"                    
[09/17/26 10:37:10] INFO     HTTP Request: POST                  _client.py:1740
                             https://html.duckduckgo.com/html                   
                             "HTTP/1.1 200 OK"                                  
[09/17/26 10:37:14] INFO     HTTP Request: GET                   _client.py:1740
                             https://dn.ru/sharovyi-kran/teplosn                
                             abzhenie/kran-pod-privarku/polnopro                
                             hodnoi/ld/st20/dn50 "HTTP/1.1 200                  
                             OK"                                                
                    INFO     HTTP Request: GET                   _client.py:1740
                             https://tpkom.com/catalog/truboprov                
                             odnaya_armatura/krany/sharovye/kran                
                             _sharovoy_vysokogo_davleniya_ksh_dn                
                             _50_mm_pn_70_mpa/ "HTTP/1.1 200 OK"                
[09/17/26 10:37:15] INFO     HTTP Request: GET                   _client.py:1740
                             https://nhi-group.ru/catalog/trubop                
                             rovodnaya_armatura/krany_sharovye/i                
                             _kran_sharovoj_tseljnosvarn~505/                   
                             "HTTP/1.1 200 OK"                                  
[09/17/26 10:37:20] INFO     HTTP Request: POST                  _client.py:1740
                             https://html.duckduckgo.com/html                   
                             "HTTP/1.1 200 OK"                                  
[09/17/26 10:37:52] INFO     HTTP Request: GET                   _client.py:1740
                             https://diasel.ru/article/filtr-sme                
                             shannogo-dejstviya/ "HTTP/1.1 200                  
                             OK"                                                
                    INFO     HTTP Request: GET                   _client.py:1740
                             https://studfile.net/preview/179131                
                             4/page:6/ "HTTP/1.1 200 OK"                        
[09/17/26 10:37:55] INFO     HTTP Request: POST                  _client.py:1740
                             https://html.duckduckgo.com/html                   
                             "HTTP/1.1 200 OK"                                  
[09/17/26 10:37:56] INFO     HTTP Request: GET                   _client.py:1740
                             https://mews.info/catalog/moduli_uc                
                             heta_teplovoj_energii/kran_sharovuj                
                             _s_soedineniem_dlya_datchika_temper                
                             aturu_ivr_954_s "HTTP/1.1 200 OK"                  
[09/17/26 10:37:57] INFO     HTTP Request: GET                   _client.py:1740
                             https://www.stout.ru/catalog/trubop                
                             rovodnaya-armatura/zapornye-sharovy                
                             e-krany/polnoprokhodnye-sharovye-kr                
                             any/stout-kran-sharovoy-polnoprokho                
                             dnoy-vrnr-ruchka-babochka-34-amerik                
                             anka/ "HTTP/1.1 200 OK"                            
[09/17/26 10:38:05] INFO     HTTP Request: POST                  _client.py:1740
                             https://html.duckduckgo.com/html                   
                             "HTTP/1.1 200 OK"                                  
                    INFO     HTTP Request: GET                   _client.py:1740
                             https://diasel.ru/media/ckeditor/up                
                             loads/2025/11/26/instrukciya-filtry                
                             -fsd.pdf "HTTP/1.1 200 OK"                         
                    INFO     HTTP Request: GET                   _client.py:1740
                             https://diasel.ru/media/ckeditor/up                
                             loads/2025/11/26/instrukciya-filtry                
                             -regeneriruemye-fsd.pdf "HTTP/1.1                  
                             200 OK"                                            
[09/17/26 10:38:06] INFO     HTTP Request: GET                   _client.py:1740
                             https://eurowater.nt-rt.ru/images/m                
                             anuals/6-eurex.pdf "HTTP/1.1 200                   
                             OK"                                                
[09/17/26 10:38:10] INFO     HTTP Request: POST                  _client.py:1740
                             https://html.duckduckgo.com/html                   
                             "HTTP/1.1 200 OK"                                  
[09/17/26 10:38:13] INFO     HTTP Request: POST                  _client.py:1740
                             https://html.duckduckgo.com/html                   
                             "HTTP/1.1 200 OK"                                  
[09/17/26 10:38:14] INFO     HTTP Request: GET                   _client.py:1740
                             https://aquantum.ru/pressure-filter                
                             s-with-granular-loading/fsd                        
                             "HTTP/1.1 200 OK"                                  
[09/17/26 10:38:20] INFO     HTTP Request: POST                  _client.py:1740
                             https://html.duckduckgo.com/html                   
                             "HTTP/1.1 200 OK"                                  
                    INFO     HTTP Request: GET                   _client.py:1740
                             https://teploros.ru/shop/156516/des                
                             c/kran-sharovoj-bival-ksht-11-050-0                
                             25-f-f "HTTP/1.1 200 OK"                           
[09/17/26 10:38:21] INFO     HTTP Request: GET                   _client.py:1740
                             https://teplogigant.ru/shop/4506/de                
                             sc/kran-bival-ksht-11-050-025-flanc                
                             evyj "HTTP/1.1 200 OK"                             
[09/17/26 10:38:23] INFO     HTTP Request: GET                   _client.py:1740
                             https://infavorit.ru/product/stalno                
                             y-sharovoy-kran-flantsevyy-ksht-11-                
                             050-25-f-f/ "HTTP/1.1 200 OK"                      
[09/17/26 10:38:30] INFO     HTTP Request: POST                  _client.py:1740
                             https://html.duckduckgo.com/html                   
                             "HTTP/1.1 200 OK"                                  
[09/17/26 10:38:37] INFO     HTTP Request: GET                   _client.py:1740
                             https://dn.ru/sharovyi-kran/teplosn                
                             abzhenie/flantcevyi-kran/polnoproho                
                             dnoi/also/kshfp-02/dn100-pn25                      
                             "HTTP/1.1 200 OK"                                  
[09/17/26 10:38:44] INFO     HTTP Request: GET                   _client.py:1740
                             https://dn.ru/sharovyi-kran/teplosn                
                             abzhenie/flantcevyi-kran/polnoproho                
                             dnoi/also/kshfppn02-dnruda/dn100-pn                
                             25 "HTTP/1.1 200 OK"                               
                    INFO     HTTP Request: GET                   _client.py:1740
                             https://also.nt-rt.ru/images/manual                
                             s/ugas.pdf "HTTP/1.1 200 OK"                       
[09/17/26 10:38:57] INFO     HTTP Request: POST                  _client.py:1740
                             https://html.duckduckgo.com/html                   
                             "HTTP/1.1 200 OK"                                  
                    INFO     HTTP Request: GET                   _client.py:1740
                             https://slemz.com.ua/zaporka/krani/                
                             muftovie/sharovij-kran-11b27p1                     
                             "HTTP/1.1 429 Too Many Requests"                   
[09/17/26 10:38:59] INFO     HTTP Request: GET                   _client.py:1740
                             https://slemz.com.ua/zaporka/krani/                
                             muftovie/sharovij-kran-11b27p1                     
                             "HTTP/1.1 429 Too Many Requests"                   
[09/17/26 10:39:04] INFO     HTTP Request: GET                   _client.py:1740
                             https://dn.ru/sharovyi-kran/teplosn                
                             abzhenie/rezbovye-kran/polnoprohodn                
                             oi/kitai/gg_rychag/dn20 "HTTP/1.1                  
                             200 OK"                                            
[09/17/26 10:39:11] INFO     HTTP Request: GET                   _client.py:1740
                             https://dn.ru/sharovyi-kran/teplosn                
                             abzhenie/rezbovye-kran/standartnyi/                
                             santechsystems/11b27p1-mm/dn20                     
                             "HTTP/1.1 200 OK"                                  
[09/17/26 10:39:14] INFO     HTTP Request: POST                  _client.py:1740
                             https://html.duckduckgo.com/html                   
                             "HTTP/1.1 200 OK"                                  
[09/17/26 10:39:18] INFO     HTTP Request: GET                   _client.py:1740
                             https://dn.ru/sharovyi-kran/teplosn                
                             abzhenie/rezbovye-kran/polnoprohodn                
                             oi/kitai/gg_rychag/dn25 "HTTP/1.1                  
                             200 OK"                                            
[09/17/26 10:39:19] INFO     HTTP Request: GET                   _client.py:1740
                             https://slemz.com.ua/zaporka/krani/                
                             muftovie/sharovij-kran-11b27p1                     
                             "HTTP/1.1 429 Too Many Requests"                   
[09/17/26 10:39:21] INFO     HTTP Request: GET                   _client.py:1740
                             https://slemz.com.ua/zaporka/krani/                
                             muftovie/sharovij-kran-11b27p1                     
                             "HTTP/1.1 429 Too Many Requests"                   
[09/17/26 10:39:22] INFO     HTTP Request: GET                   _client.py:1740
                             https://nhi-group.ru/catalog/trubop                
                             rovodnaya_armatura/krany_sharovye/i                
                             _kran_sharovoj_polnoprohodnoj~8/                   
                             "HTTP/1.1 200 OK"                                  
[09/17/26 10:39:30] INFO     HTTP Request: POST                  _client.py:1740
                             https://html.duckduckgo.com/html                   
                             "HTTP/1.1 200 OK"                                  
                    INFO     HTTP Request: GET                   _client.py:1740
                             https://new.etpgpb.ru/portal/catalo                
                             g/products/2097647-kartridzh-k-filt                
                             ru-dlya-vody-pps-10-20mkm-k-filtru-                
                             pf-250/ "HTTP/1.1 301 Moved                        
                             Permanently"                                       
[09/17/26 10:40:01] INFO     HTTP Request: GET                   _client.py:1740
                             https://vodkit.ru/catalog/komplektu                
                             yuwie-dlya-vodopodgotovki/smennye-k                
                             artridzhi/pp-112-250-bigblue-10-20m                
                             km/ "HTTP/1.1 200 Ok"                              
[09/17/26 10:40:02] INFO     HTTP Request: GET                   _client.py:1740
                             https://www.aquaphor.ru/filters/car                
                             tridge/sediment-cartridge-efg-250-1                
                             0 "HTTP/1.1 200 OK"                                
[09/17/26 10:40:05] INFO     HTTP Request: POST                  _client.py:1740
                             https://html.duckduckgo.com/html                   
                             "HTTP/1.1 200 OK"                                  
                    INFO     HTTP Request: GET                   _client.py:1740
                             https://teksneva.ru/catalog/krany_s                
                             harovye/kran_sharovoy_so_sgonom_vr_                
                             nr_1_ld_pride_chernaya_ruchka_baboc                
                             hka/ "HTTP/1.1 200 OK"                             
[09/17/26 10:40:06] INFO     HTTP Request: GET                   _client.py:1740
                             https://www.mtk65.ru/kran-sharovyj-                
                             pryamoj-so-sgonom-vr-nr-1-babochka-                
                             ll1569-1.html "HTTP/1.1 200 OK"                    
[09/17/26 10:40:08] INFO     HTTP Request: GET                   _client.py:1740
                             https://almatherm.kz/product/kran-s                
                             harovoy-so-sgonom-vr-nr-1-s-babochk                
                             oy-gost-valtec "HTTP/1.1 200 OK"                   
[09/17/26 10:40:11] INFO     HTTP Request: POST                  _client.py:1740
                             https://html.duckduckgo.com/html                   
                             "HTTP/1.1 200 OK"                                  
                    INFO     HTTP Request: GET                   _client.py:1740
                             https://new.etpgpb.ru/portal/catalo                
                             g/products/2097647-kartridzh-k-filt                
                             ru-dlya-vody-pps-10-20mkm-k-filtru-                
                             pf-250/ "HTTP/1.1 301 Moved                        
                             Permanently"                                       
[09/17/26 10:40:42] INFO     HTTP Request: GET                   _client.py:1740
                             https://www.chipdip.ru/product/kart                
                             ridzh-iz-p-p-shnura-dlya-mehaniches                
                             koy-ochistki-unicorn-8003037767                    
                             "HTTP/1.1 403 Forbidden"                           
                    INFO     HTTP Request: GET                   _client.py:1740
                             https://truber.com.ua/ru/p128030249                
                             4-kartridzh-polipropilenovyj-pps.ht                
                             ml/ "HTTP/1.1 200 OK"                              
[09/17/26 10:40:45] INFO     HTTP Request: POST                  _client.py:1740
                             https://html.duckduckgo.com/html                   
                             "HTTP/1.1 200 OK"                                  
                    INFO     HTTP Request: GET                   _client.py:1740
                             https://prom.ua/p1746742771-kartrid                
                             zh-polipropilenovyj-pps.html                       
                             "HTTP/1.1 302 Found"                               
[09/17/26 10:40:47] INFO     HTTP Request: GET                   _client.py:1740
                             https://prom.ua/ua/p1746742771-kart                
                             ridzh-polipropilenovyj-pps.html                    
                             "HTTP/1.1 200 OK"                                  
[09/17/26 10:40:48] INFO     HTTP Request: GET                   _client.py:1740
                             https://kty.com.ua/ru/kartridzh-pol                
                             ipropilenovyj-bio-Systems-pps-10-10                
                             -mikron.html "HTTP/1.1 200 OK"                     
[09/17/26 10:40:51] INFO     HTTP Request: POST                  _client.py:1740
                             https://html.duckduckgo.com/html                   
                             "HTTP/1.1 200 OK"                                  
[09/17/26 10:40:52] INFO     HTTP Request: GET                   _client.py:1740
                             https://www.sanext.ru/katalog/sharo                
                             vye-krany/standartnoprohodnye/sharo                
                             vyy_kran_vr_nr_sanext/ "HTTP/1.1                   
                             200 OK"                                            
[09/17/26 10:40:55] INFO     HTTP Request: GET                   _client.py:1740
                             https://dn.ru/sharovyi-kran/connect                
                             -vr-nr/3-4-inch "HTTP/1.1 200 OK"                  
[09/17/26 10:40:57] INFO     HTTP Request: GET                   _client.py:1740
                             https://dex.kz/p1514889-kran-sharov                
                             oj-ivr.html "HTTP/1.1 200 OK"                      
[09/17/26 10:41:01] INFO     HTTP Request: POST                  _client.py:1740
                             https://html.duckduckgo.com/html                   
                             "HTTP/1.1 200 OK"                                  
                    INFO     HTTP Request: GET                   _client.py:1740
                             https://boiler.ua/kran-sharovyi-rez                
                             bovoi-typ-956-ivr-vn.-nar.-du-15/                  
                             "HTTP/1.1 403 Forbidden"                           
                    INFO     HTTP Request: GET                   _client.py:1740
                             https://aquapex.ua/ru/kran-kulovij-                
                             ivr-956-vz-34-ruchka-vazhil-1956070                
                             07 "HTTP/1.1 200 OK"                               
[09/17/26 10:41:05] INFO     HTTP Request: POST                  _client.py:1740
                             https://html.duckduckgo.com/html                   
                             "HTTP/1.1 200 OK"                                  
                    INFO     HTTP Request: GET                   _client.py:1740
                             https://boiler.ua/kran-sharovyi-rez                
                             bovoi-typ-956-ivr-vn.-nar.-du-15/                  
                             "HTTP/1.1 403 Forbidden"                           
[09/17/26 10:41:13] INFO     HTTP Request: POST                  _client.py:1740
                             https://html.duckduckgo.com/html                   
                             "HTTP/1.1 200 OK"                                  
                    INFO     HTTP Request: GET                   _client.py:1740
                             https://adl.ru/truboprovodnaya-arma                
                             tura/filtry-setchatye-adl-is40.html                
                              "HTTP/1.1 200 OK"                                 
[09/17/26 10:41:15] INFO     HTTP Request: GET                   _client.py:1740
                             https://ssmt.ru/catalog/filtry-setc                
                             hatye-adl/80107.prod "HTTP/1.1 200                 
                             OK"                                                
[09/17/26 10:41:17] INFO     HTTP Request: GET                   _client.py:1740
                             https://ekoport.ru/catalog/zapornay                
                             a_i_reguliruyushchaya_armatura/arma                
                             tura_dlya_teplo_i_vodosnabzheniya_p                
                             romyshlennogo_naznacheniya/filtry/a                
                             dl_2/stal/152729/ "HTTP/1.1 200 OK"                
[09/17/26 10:41:20] INFO     HTTP Request: POST                  _client.py:1740
                             https://html.duckduckgo.com/html                   
                             "HTTP/1.1 200 OK"                                  
[09/17/26 10:41:22] INFO     HTTP Request: GET                   _client.py:1740
                             https://www.stout.ru/catalog/trubop                
                             rovodnaya-armatura/zapornye-sharovy                
                             e-krany/polnoprokhodnye-sharovye-kr                
                             any/stout-kran-sharovoy-polnoprokho                
                             dnoy-vrnr-ruchka-rychag-1-14/                      
                             "HTTP/1.1 200 OK"                                  
[09/17/26 10:41:23] INFO     HTTP Request: GET                   _client.py:1740
                             https://armapostach.com.ua/zaporno-                
                             reguliruyushchaya-armatura/krany-sh                
                             arovye/kran-sharovyj-latunnyj-mufto                
                             vyj-dn32-pn40-1-14-vv-rezba-ivr-954                
                             .html "HTTP/1.1 200 OK"                            
[09/17/26 10:41:26] INFO     HTTP Request: POST                  _client.py:1740
                             https://html.duckduckgo.com/html                   
                             "HTTP/1.1 200 OK"                                  
[09/17/26 10:41:30] INFO     HTTP Request: POST                  _client.py:1740
                             https://html.duckduckgo.com/html                   
                             "HTTP/1.1 200 OK"                                  
                    INFO     HTTP Request: GET                   _client.py:1740
                             https://armapostach.com.ua/zaporno-                
                             reguliruyushchaya-armatura/krany-sh                
                             arovye/kran-sharovyj-latunnyj-mufto                
                             vyj-dn40-pn32-1-12-vv-rezba-ivr-954                
                             ivr-art954.html "HTTP/1.1 200 OK"                  
[09/17/26 10:41:33] INFO     HTTP Request: POST                  _client.py:1740
                             https://html.duckduckgo.com/html                   
                             "HTTP/1.1 202 Accepted"                            
[09/17/26 10:41:36] INFO     HTTP Request: POST                  _client.py:1740
                             https://html.duckduckgo.com/html                   
                             "HTTP/1.1 200 OK"                                  
                    INFO     HTTP Request: GET                   _client.py:1740
                             https://www.italgaz.com.ua/ball-val                
                             ves/water-ball-valves/water-ball-va                
                             lve-ivr-954-956.html "HTTP/1.1 200                 
                             OK"                                                
[09/17/26 10:41:39] INFO     HTTP Request: POST                  _client.py:1740
                             https://html.duckduckgo.com/html                   
                             "HTTP/1.1 200 OK"                                  
[09/17/26 10:41:40] INFO     HTTP Request: GET                   _client.py:1740
                             https://aquapex.ua/ru/kran-kulovij-                
                             ivr-954-vv-3-ruchka-vazhil-19543000                
                             7 "HTTP/1.1 200 OK"                                
                    INFO     HTTP Request: GET                   _client.py:1740
                             https://www.ter-en.com/ru/khm/9                    
                             "HTTP/1.1 200 OK"                                  
[09/17/26 10:41:44] INFO     HTTP Request: POST                  _client.py:1740
                             https://html.duckduckgo.com/html                   
                             "HTTP/1.1 200 OK"                                  
[09/17/26 10:41:45] INFO     HTTP Request: GET                   _client.py:1740
                             https://www.santech.ru/catalog/317/                
                             318/i10677/ "HTTP/1.1 200 OK"                      
[09/17/26 10:41:46] INFO     HTTP Request: GET                   _client.py:1740
                             https://ru.giacomini.com/product/R8                
                             50 "HTTP/1.1 200 "                                 
[09/17/26 10:41:47] INFO     HTTP Request: GET                   _client.py:1740
                             https://avrora-arm.ru/produkcziya/k                
                             ranyi-sharovyie/giacomini/r850-vr.h                
                             tml "HTTP/1.1 200 OK"                              
[09/17/26 10:41:50] INFO     HTTP Request: POST                  _client.py:1740
                             https://html.duckduckgo.com/html                   
                             "HTTP/1.1 200 OK"                                  
[09/17/26 10:41:52] INFO     HTTP Request: GET                   _client.py:1740
                             https://kraft-plus.com.ua/ru/produc                
                             t/tip-954/ "HTTP/1.1 200 OK"                       
[09/17/26 10:41:56] INFO     HTTP Request: POST                  _client.py:1740
                             https://html.duckduckgo.com/html                   
                             "HTTP/1.1 200 OK"                                  
                    INFO     HTTP Request: GET                   _client.py:1740
                             https://www.italgaz.com.ua/upload/f                
                             iles/ivr-954.pdf "HTTP/1.1 200 OK"                 
[09/17/26 10:42:07] INFO     HTTP Request: POST                  _client.py:1740
                             https://html.duckduckgo.com/html                   
                             "HTTP/1.1 200 OK"                                  
                    INFO     HTTP Request: GET                   _client.py:1740
                             https://valtec.ru/document/technica                
                             l/VT.214-215-217-218-219-0424.pdf                  
                             "HTTP/1.1 200 OK"                                  
[09/17/26 10:42:08] INFO     HTTP Request: GET                   _client.py:1740
                             https://www.vseinstrumenti.ru/produ                
                             ct/sharovoj-kran-stalnaya-rukoyatka                
                             -1-2-vn-vn-valtec-base-vt-214-n-04-                
                             827816/ "HTTP/1.1 403 Forbidden"                   
                    INFO     HTTP Request: GET                   _client.py:1740
                             https://valtec.ru/document/technica                
                             l/VT.214-215-217-218-219-0524.pdf                  
                             "HTTP/1.1 200 OK"                                  
[09/17/26 10:42:12] INFO     HTTP Request: POST                  _client.py:1740
                             https://html.duckduckgo.com/html                   
                             "HTTP/1.1 200 OK"                                  
                    INFO     HTTP Request: GET                   _client.py:1740
                             https://slemz.com.ua/zaporka/krani/                
                             muftovie/sharovij-kran-11b27p1                     
                             "HTTP/1.1 429 Too Many Requests"                   
[09/17/26 10:42:14] INFO     HTTP Request: GET                   _client.py:1740
                             https://slemz.com.ua/zaporka/krani/                
                             muftovie/sharovij-kran-11b27p1                     
                             "HTTP/1.1 429 Too Many Requests"                   
[09/17/26 10:42:22] INFO     HTTP Request: POST                  _client.py:1740
                             https://html.duckduckgo.com/html                   
                             "HTTP/1.1 200 OK"                                  
                    INFO     HTTP Request: GET                   _client.py:1740
                             https://valtec.ru/catalog/truboprov                
                             odnaya_armatura/sharovye_krany_dlya                
                             _vody_base/kran_sharovoj_valtec_bas                
                             e_vt214n.html "HTTP/1.1 200 OK"                    
[09/17/26 10:42:23] INFO     HTTP Request: GET                   _client.py:1740
                             https://valtec.in.ua/vt.214/                       
                             "HTTP/1.1 200 OK"                                  
[09/17/26 10:42:27] INFO     HTTP Request: POST                  _client.py:1740
                             https://html.duckduckgo.com/html                   
                             "HTTP/1.1 200 OK"                                  
                    INFO     HTTP Request: GET                   _client.py:1740
                             https://valtec.ru/catalog/truboprov                
                             odnaya_armatura/sharovye_krany_dlya                
                             _vody_base/ "HTTP/1.1 200 OK"                      
[09/17/26 10:42:28] INFO     HTTP Request: GET                   _client.py:1740
                             https://vmasshtabe.ru/inzhenernye-s                
                             istemy/vodosnabzhenie-i-kanalizacij                
                             a/sharovyiy-kran-latunnyiy-valtec-v                
                             t-214-4-dyuyma-dn100.html "HTTP/1.1                
                             200 OK"                                            
[09/17/26 10:42:36] INFO     HTTP Request: POST                  _client.py:1740
                             https://html.duckduckgo.com/html                   
                             "HTTP/1.1 200 OK"                                  
[09/17/26 10:42:37] INFO     HTTP Request: GET                   _client.py:1740
                             https://www.stout.ru/catalog/trubop                
                             rovodnaya-armatura/zapornye-sharovy                
                             e-krany/polnoprokhodnye-sharovye-kr                
                             any/stout-kran-sharovoy-polnoprokho                
                             dnoy-vrnr-ruchka-rychag-34/                        
                             "HTTP/1.1 200 OK"                                  
[09/17/26 10:42:46] INFO     HTTP Request: POST                  _client.py:1740
                             https://html.duckduckgo.com/html                   
                             "HTTP/1.1 200 OK"                                  
                    INFO     HTTP Request: GET                   _client.py:1740
                             https://slemz.com.ua/zaporka/krani/                
                             muftovie/sharovij-kran-11b27p1                     
                             "HTTP/1.1 429 Too Many Requests"                   
[09/17/26 10:42:48] INFO     HTTP Request: GET                   _client.py:1740
                             https://slemz.com.ua/zaporka/krani/                
                             muftovie/sharovij-kran-11b27p1                     
                             "HTTP/1.1 429 Too Many Requests"                   
[09/17/26 10:42:53] INFO     HTTP Request: GET                   _client.py:1740
                             https://dn.ru/sharovyi-kran/teplosn                
                             abzhenie/rezbovye-kran/polnoprohodn                
                             oi/kitai/gg_rychag/dn15 "HTTP/1.1                  
                             200 OK"                                            
[09/17/26 10:42:55] INFO     HTTP Request: GET                   _client.py:1740
                             https://www.ptza.ru/11b27p-kran-sha                
                             rovyj-muftovyj/ "HTTP/1.1 200 OK"                  
[09/17/26 10:42:58] INFO     HTTP Request: POST                  _client.py:1740
                             https://html.duckduckgo.com/html                   
                             "HTTP/1.1 200 OK"                                  
[09/17/26 10:42:59] INFO     HTTP Request: GET                   _client.py:1740
                             https://texbin.ru/11s67p.html                      
                             "HTTP/1.1 200 OK"                                  
[09/17/26 10:43:03] INFO     HTTP Request: GET                   _client.py:1740
                             https://dn.ru/sharovyi-kran/teplosn                
                             abzhenie/flantcevyi-kran/polnoproho                
                             dnoi/pr/11c67p/dn50 "HTTP/1.1 200                  
                             OK"                                                
[09/17/26 10:43:08] INFO     HTTP Request: GET                   _client.py:1740
                             https://dn.ru/sharovyi-kran/teplosn                
                             abzhenie/flantcevyi-kran/polnoproho                
                             dnoi/marshal/11s67p_suf_00_1_ru16/d                
                             n50 "HTTP/1.1 200 OK"                              
[09/17/26 10:43:14] INFO     HTTP Request: POST                  _client.py:1740
                             https://html.duckduckgo.com/html                   
                             "HTTP/1.1 200 OK"                                  
[09/17/26 10:43:15] INFO     HTTP Request: GET                   _client.py:1740
                             https://www.kronos-t.ru/produktsiya                
                             /kran-sharovyj-du-20/kran-sharovyiy                
                             -flantsevyiy-du-20.html "HTTP/1.1                  
                             200 OK"                                            
[09/17/26 10:43:17] INFO     HTTP Request: GET                   _client.py:1740
                             https://uzta74.ru/katalog/krany-sha                
                             rovye/muftovie/muftovie-du-20/ru-16                
                             / "HTTP/1.1 200 OK"                                
[09/17/26 10:43:18] INFO     HTTP Request: GET                   _client.py:1740
                             https://www.techsteklo.ru/catalog/t                
                             ruboprovodnaya-armatura/kranyi-prob                
                             kovyie/11b6bk-789.html "HTTP/1.1                   
                             200 OK"                                            
[09/17/26 10:43:23] INFO     HTTP Request: POST                  _client.py:1740
                             https://html.duckduckgo.com/html                   
                             "HTTP/1.1 200 OK"                                  
[09/17/26 10:43:24] INFO     HTTP Request: GET                   _client.py:1740
                             https://slemz.com.ua/zaporka/krani/                
                             kran-du-150 "HTTP/1.1 429 Too Many                 
                             Requests"                                          
[09/17/26 10:43:26] INFO     HTTP Request: GET                   _client.py:1740
                             https://slemz.com.ua/zaporka/krani/                
                             kran-du-150 "HTTP/1.1 429 Too Many                 
                             Requests"                                          
                    INFO     HTTP Request: GET                   _client.py:1740
                             https://www.tpsystem.ru/catalog/val                
                             ves/eea4cbf6850b5a8c639b9b7ac5fd007                
                             cd89898bf/ "HTTP/1.1 200 OK"                       
[09/17/26 10:43:27] INFO     HTTP Request: GET                   _client.py:1740
                             https://www.tpsystem.ru/catalog/val                
                             ves/f1da81b58d6e2b0b66a212e1fc380b6                
                             5b893f947/ "HTTP/1.1 200 OK"                       
[09/17/26 10:43:30] INFO     HTTP Request: POST                  _client.py:1740
                             https://html.duckduckgo.com/html                   
                             "HTTP/1.1 200 OK"                                  
                    INFO     HTTP Request: GET                   _client.py:1740
                             https://dn.ru/sharovyi-kran/teplosn                
                             abzhenie/rezbovye-kran/polnoprohodn                
                             oi/kitai/nak_g_bab/dn15 "HTTP/1.1                  
                             200 OK"                                            
[09/17/26 10:43:31] INFO     HTTP Request: GET                   _client.py:1740
                             https://tdnhi.ru/catalog/truboprovo                
                             dnaya_armatura/krany_sharovye/i_kra                
                             n_sharovoj_polnoprohodnoj_m_6/                     
                             "HTTP/1.1 200 OK"                                  
[09/17/26 10:43:35] INFO     HTTP Request: POST                  _client.py:1740
                             https://html.duckduckgo.com/html                   
                             "HTTP/1.1 200 OK"                                  
[09/17/26 10:43:39] INFO     HTTP Request: GET                   _client.py:1740
                             https://dn.ru/sharovyi-kran/teplosn                
                             abzhenie/rezbovye-kran/standartnyi/                
                             dn-ru/rp/dn15 "HTTP/1.1 200 OK"                    
[09/17/26 10:43:44] INFO     HTTP Request: GET                   _client.py:1740
                             https://dn.ru/sharovyi-kran/teplosn                
                             abzhenie/rezbovye-kran/standartnyi/                
                             ld/kshtsm/dn15 "HTTP/1.1 200 OK"                   
[09/17/26 10:43:45] INFO     HTTP Request: GET                   _client.py:1740
                             https://tdnhi.ru/catalog/truboprovo                
                             dnaya_armatura/krany_sharovye/i_kra                
                             n_sharovoj_razbornyj_pro~76/                       
                             "HTTP/1.1 200 OK"                                  
[09/17/26 10:43:51] INFO     HTTP Request: POST                  _client.py:1740
                             https://html.duckduckgo.com/html                   
                             "HTTP/1.1 200 OK"                                  
[09/17/26 10:43:52] INFO     HTTP Request: GET                   _client.py:1740
                             https://energo-pribor.com/shop/kran                
                             -sharovyy-rovno-prokhodnoy-du-50ru-                
                             80-mpa "HTTP/1.1 200 OK"                           
                    INFO     HTTP Request: GET                   _client.py:1740
                             https://www.kronos-t.ru/produktsiya                
                             /kranyi-sharovyie-flantsevyie/krany                
                             i-flantsevyie-du50.html "HTTP/1.1                  
                             200 OK"                                            
[09/17/26 10:43:53] INFO     HTTP Request: GET                   _client.py:1740
                             https://xn--80aqy.com.ua/armatura/k                
                             rany/du-50/ "HTTP/1.1 200 OK"                      
[09/17/26 10:43:56] INFO     HTTP Request: POST                  _client.py:1740
                             https://html.duckduckgo.com/html                   
                             "HTTP/1.1 200 OK"                                  
[09/17/26 10:43:57] INFO     HTTP Request: GET                   _client.py:1740
                             https://www.itap.it/ru/products/%D1                
                             %88%D0%B0%D1%80%D0%BE%D0%B2%D1%8B%D                
                             0%B5-%D0%BA%D1%80%D0%B0%D0%BD%D1%8B                
                             /%D1%88%D0%B0%D1%80%D0%BE%D0%B2%D1%                
                             8B%D0%B5-%D0%BA%D1%80%D0%B0%D0%BD%D                
                             1%8B-%D0%B8-%D0%BA%D0%BB%D0%B8%D0%B                
                             D%D0%BE%D0%B2%D1%8B%D0%B5-%D0%B7%D0                
                             %B0%D0%B4%D0%B2%D0%B8%D0%B6%D0%BA%D                
                             0%B8/%D0%BF%D0%BE%D0%BB%D0%BD%D0%BE                
                             %D0%BF%D1%80%D0%BE%D1%85%D0%BE%D0%B                
                             4%D0%BD%D1%8B%D0%B5-%D1%88%D0%B0%D1                
                             %80%D0%BE%D0%B2%D1%8B%D0%B5-%D0%BA%                
                             D1%80%D0%B0%D0%BD%D1%8B-ideal/098/                 
                             "HTTP/1.1 200 OK"                                  
[09/17/26 10:44:06] INFO     HTTP Request: POST                  _client.py:1740
                             https://html.duckduckgo.com/html                   
                             "HTTP/1.1 200 OK"                                  
[09/17/26 10:44:07] INFO     HTTP Request: GET                   _client.py:1740
                             https://www.ozon.ru/product/kran-sh                
                             arovoy-ivr-954-a-1-dyuym-polnoproho                
                             dnoy-krasnaya-ruchka-babochka-vnutr                
                             ennyaya-rezba-5182655178/ "HTTP/1.1                
                             307 Temporary Redirect"                            
                    INFO     HTTP Request: GET                   _client.py:1740
                             https://www.ozon.ru/product/kran-sh                
                             arovoy-ivr-954-a-1-dyuym-polnoproho                
                             dnoy-krasnaya-ruchka-babochka-vnutr                
                             ennyaya-rezba-5182655178/?__rr=1                   
                             "HTTP/1.1 403 Forbidden"                           
                    INFO     HTTP Request: GET                   _client.py:1740
                             https://www.ozon.ru/product/kran-sh                
                             arovoy-ivr-954-s-1-dyuym-polnoproho                
                             dnoy-s-gilzoy-pod-datchik-temperatu                
                             ry-m10x1-latun-italiya-5182705150/                 
                             "HTTP/1.1 307 Temporary Redirect"                  
                    INFO     HTTP Request: GET                   _client.py:1740
                             https://www.ozon.ru/product/kran-sh                
                             arovoy-ivr-954-s-1-dyuym-polnoproho                
                             dnoy-s-gilzoy-pod-datchik-temperatu                
                             ry-m10x1-latun-italiya-5182705150/?                
                             __rr=1 "HTTP/1.1 403 Forbidden"                    
[09/17/26 10:44:11] INFO     HTTP Request: POST                  _client.py:1740
                             https://html.duckduckgo.com/html                   
                             "HTTP/1.1 200 OK"                                  
                    INFO     HTTP Request: GET                   _client.py:1740
                             https://boiler.ua/kran-sharovyi-rez                
                             bovoi-typ-956-ivr-vn.-nar.-du-15/                  
                             "HTTP/1.1 403 Forbidden"                           
[09/17/26 10:44:15] INFO     HTTP Request: POST                  _client.py:1740
                             https://html.duckduckgo.com/html                   
                             "HTTP/1.1 200 OK"                                  
                    INFO     HTTP Request: GET                   _client.py:1740
                             https://www.ozon.ru/product/kran-sh                
                             arovoy-ivr-956-a-3-4-polnoprohodnoy                
                             -ruchka-babochka-krasnaya-naruzhnay                
                             a-i-vnutrennyaya-rezba-5515739790/                 
                             "HTTP/1.1 307 Temporary Redirect"                  
                    INFO     HTTP Request: GET                   _client.py:1740
                             https://www.ozon.ru/product/kran-sh                
                             arovoy-ivr-956-a-3-4-polnoprohodnoy                
                             -ruchka-babochka-krasnaya-naruzhnay                
                             a-i-vnutrennyaya-rezba-5515739790/?                
                             __rr=1 "HTTP/1.1 403 Forbidden"                    
[09/17/26 10:44:18] INFO     HTTP Request: POST                  _client.py:1740
                             https://html.duckduckgo.com/html                   
                             "HTTP/1.1 200 OK"                                  
[09/17/26 10:44:19] INFO     HTTP Request: GET                   _client.py:1740
                             https://vodavdom.ua/Product/5531                   
                             "HTTP/1.1 200 OK"                                  
[09/17/26 10:44:20] INFO     HTTP Request: GET                   _client.py:1740
                             https://www.mtk-gr.ru/products/1956                
                             05008-polnoprohodnoj-sharovyj-kran-                
                             ivr-1-2vr "HTTP/1.1 404 Not Found"                 
                    INFO     HTTP Request: GET                   _client.py:1740
                             https://teplokomfort.ua/ru/kran-sha                
                             rovyj-ivr-1-2-vv-pn25-babochka-dlya                
                             -vody/ "HTTP/1.1 403 Forbidden"                    
[09/17/26 10:44:23] INFO     HTTP Request: POST                  _client.py:1740
                             https://html.duckduckgo.com/html                   
                             "HTTP/1.1 200 OK"                                  
                    INFO     HTTP Request: GET                   _client.py:1740
                             https://teplokomfort.ua/ru/kran-sha                
                             rovyj-ivr-3-4-vv-pn25-babochka-dlya                
                             -vody/ "HTTP/1.1 403 Forbidden"                    
[09/17/26 10:44:24] INFO     HTTP Request: GET                   _client.py:1740
                             https://www.ozon.ru/product/sharovy                
                             y-kran-vr-vr-3-4-dyuyma-babochka-st                
                             alnoy-aisi-304-vnutrenniy-rezbovoy-                
                             du-20-1-sht-2151993797/ "HTTP/1.1                  
                             307 Temporary Redirect"                            
                    INFO     HTTP Request: GET                   _client.py:1740
                             https://www.ozon.ru/product/sharovy                
                             y-kran-vr-vr-3-4-dyuyma-babochka-st                
                             alnoy-aisi-304-vnutrenniy-rezbovoy-                
                             du-20-1-sht-2151993797/?__rr=1                     
                             "HTTP/1.1 403 Forbidden"                           
[09/17/26 10:44:27] INFO     HTTP Request: GET                   _client.py:1740
                             https://www.materik-m.ru/shop/kran_                
                             sharovyy_3_4_v_v_babochka/                         
                             "HTTP/1.1 200 OK"                                  
[09/17/26 10:44:31] INFO     HTTP Request: POST                  _client.py:1740
                             https://html.duckduckgo.com/html                   
                             "HTTP/1.1 200 OK"                                  
[09/17/26 10:44:32] INFO     HTTP Request: GET                   _client.py:1740
                             https://www.ter-en.com/ru/khm/52                   
                             "HTTP/1.1 200 OK"                                  
                    INFO     HTTP Request: GET                   _client.py:1740
                             https://www.ozon.ru/product/kran-sh                
                             arovyy-1-dyuym-vr-nr-2-sht-latunnyy                
                             -nikelirovannyy-ruchka-babochka-dly                
                             a-vody-i-otopleniya-2361186064/                    
                             "HTTP/1.1 307 Temporary Redirect"                  
                    INFO     HTTP Request: GET                   _client.py:1740
                             https://www.ozon.ru/product/kran-sh                
                             arovyy-1-dyuym-vr-nr-2-sht-latunnyy                
                             -nikelirovannyy-ruchka-babochka-dly                
                             a-vody-i-otopleniya-2361186064/?__r                
                             r=1 "HTTP/1.1 403 Forbidden"                       
[09/17/26 10:44:36] INFO     HTTP Request: POST                  _client.py:1740
                             https://html.duckduckgo.com/html                   
                             "HTTP/1.1 200 OK"                                  
                    INFO     HTTP Request: GET                   _client.py:1740
                             https://boiler.ua/kran-sharovyi-rez                
                             bovoi-typ-956-ivr-vn.-nar.-du-15/                  
                             "HTTP/1.1 403 Forbidden"                           
                    INFO     HTTP Request: GET                   _client.py:1740
                             https://www.ozon.ru/product/kran-sh                
                             arovoy-ivr-956-a-3-4-polnoprohodnoy                
                             -ruchka-babochka-krasnaya-naruzhnay                
                             a-i-vnutrennyaya-rezba-5515739790/                 
                             "HTTP/1.1 307 Temporary Redirect"                  
                    INFO     HTTP Request: GET                   _client.py:1740
                             https://www.ozon.ru/product/kran-sh                
                             arovoy-ivr-956-a-3-4-polnoprohodnoy                
                             -ruchka-babochka-krasnaya-naruzhnay                
                             a-i-vnutrennyaya-rezba-5515739790/?                
                             __rr=1 "HTTP/1.1 403 Forbidden"                    
[09/17/26 10:44:39] INFO     HTTP Request: POST                  _client.py:1740
                             https://html.duckduckgo.com/html                   
                             "HTTP/1.1 200 OK"                                  
[09/17/26 10:44:41] INFO     HTTP Request: GET                   _client.py:1740
                             https://dn.ru/filtr/flantcevyi/char                
                             z/fmf/dn80 "HTTP/1.1 200 OK"                       
[09/17/26 10:44:46] INFO     HTTP Request: GET                   _client.py:1740
                             https://tdnhi.ru/catalog/detali_tru                
                             boprovoda/filjtry/i_filjtr_magnitny                
                             j_flantsevyj~79/ "HTTP/1.1 200 OK"                 
[09/17/26 10:44:51] INFO     HTTP Request: GET                   _client.py:1740
                             https://vodamk.ru/truboprovodnaya-a                
                             rmatura/filtry-dlya-vody/filtr-fmf-                
                             80/ "HTTP/1.1 403 Forbidden"                       
[09/17/26 10:45:03] INFO     HTTP Request: POST                  _client.py:1740
                             https://html.duckduckgo.com/html                   
                             "HTTP/1.1 200 OK"                                  
[09/17/26 10:45:04] INFO     HTTP Request: GET                   _client.py:1740
                             https://baza.drom.ru/oem/MA306/                    
                             "HTTP/1.1 200 OK"                                  
                    INFO     HTTP Request: GET                   _client.py:1740
                             https://baza.drom.ru/sell_spare_par                
                             ts/+/%F4%E8%EB%FC%F2%F0+%E2%EE%E7%E                
                             4%F3%F8%ED%FB%E9/model/peugeot+306/                
                              "HTTP/1.1 200 OK"                                 
[09/17/26 10:45:06] INFO     HTTP Request: GET                   _client.py:1740
                             https://parts.dm.energy/sp-306-filt                
                             ruyushhij-element-sp-306/ "HTTP/1.1                
                             200 OK"                                            
[09/17/26 10:45:10] INFO     HTTP Request: POST                  _client.py:1740
                             https://html.duckduckgo.com/html                   
                             "HTTP/1.1 200 OK"                                  
[09/17/26 10:45:11] INFO     HTTP Request: GET                   _client.py:1740
                             https://lutos.nt-rt.ru/images/showc                
                             ase/catalogue_lutos_DT.pdf                         
                             "HTTP/1.1 200 OK"                                  
[09/17/26 10:45:14] INFO     HTTP Request: GET                   _client.py:1740
                             https://www.compressor-filter.ru/ka                
                             talog_produktsii/lutos/lutos/                      
                             "HTTP/1.1 200 OK"                                  
[09/17/26 10:45:15] INFO     HTTP Request: GET                   _client.py:1740
                             https://www.maxaero.by/sites/defaul                
                             t/files/Lutos%20DT_aero.pdf                        
                             "HTTP/1.1 200 OK"                                  
[09/17/26 10:45:20] INFO     HTTP Request: POST                  _client.py:1740
                             https://html.duckduckgo.com/html                   
                             "HTTP/1.1 200 OK"                                  
[09/17/26 10:45:21] INFO     HTTP Request: GET                   _client.py:1740
                             https://akvatika.ru/zamena-sorbenta                
                             -v-ochistnykh "HTTP/1.1 200 OK"                    
                    INFO     HTTP Request: GET                   _client.py:1740
                             https://brprofi.ru/sorbcionnyj-filt                
                             r-princip-raboty-harakteristiki-i-v                
                             idy-cena/ "HTTP/1.1 200 OK"                        
[09/17/26 10:45:22] INFO     HTTP Request: GET                   _client.py:1740
                             https://hi-tech.mail.ru/review/1062                
                             65-kak-pomenyat-filtr-dlya-vody/                   
                             "HTTP/1.1 200 OK"                                  
[09/17/26 10:45:25] INFO     HTTP Request: POST                  _client.py:1740
                             https://html.duckduckgo.com/html                   
                             "HTTP/1.1 200 OK"                                  
                    INFO     HTTP Request: GET                   _client.py:1740
                             https://alldrawings.ru/spisok-kateg                
                             orij/item/rekonstruktsiya-filtra-me                
                             khanicheskogo-d-1000mm "HTTP/1.1                   
                             200 OK"                                            
[09/17/26 10:45:26] INFO     HTTP Request: GET                   _client.py:1740
                             https://sf-filter.by/dimensions                    
                             "HTTP/1.1 200 OK"                                  
                    INFO     HTTP Request: GET                   _client.py:1740
                             https://www.ter-en.com/ru/fsf/1                    
                             "HTTP/1.1 200 OK"                                  
[09/17/26 10:45:29] INFO     HTTP Request: POST                  _client.py:1740
                             https://html.duckduckgo.com/html                   
                             "HTTP/1.1 200 OK"                                  
[09/17/26 10:45:30] INFO     HTTP Request: GET                   _client.py:1740
                             http://vodafilter.ru/uslugi/obsluzh                
                             ivanie-filtrov-dlya-vody "HTTP/1.1                 
                             200 OK"                                            
[09/17/26 10:45:32] INFO     HTTP Request: GET                   _client.py:1740
                             https://kievaqua.com/remont-oborudo                
                             vanija-vodoochistki "HTTP/1.1 200                  
                             OK"                                                
                    INFO     HTTP Request: GET                   _client.py:1740
                             https://www.aqua-rf.ru/services/rem                
                             ont-filtrov-ochistki-vody "HTTP/1.1                
                             200 OK"                                            
[09/17/26 10:45:35] INFO     HTTP Request: POST                  _client.py:1740
                             https://html.duckduckgo.com/html                   
                             "HTTP/1.1 200 OK"                                  
[09/17/26 10:45:36] INFO     HTTP Request: GET                   _client.py:1740
                             https://assets.danfoss.com/document                
                             s/latest/191397/AI160486460376ru-RU                
                             0103.pdf "HTTP/1.1 200 OK"                         
                    INFO     HTTP Request: GET                   _client.py:1740
                             https://dn.ru/storage/certificates/                
                             adl/is-pasport-filter-is31.pdf                     
                             "HTTP/1.1 200 OK"                                  
[09/17/26 10:45:41] INFO     HTTP Request: GET                   _client.py:1740
                             https://adl.ru/truboprovodnaya-arma                
                             tura/filtry-setchatye-adl-is16.html                
                              "HTTP/1.1 200 OK"                                 
[09/17/26 10:46:04] INFO     HTTP Request: POST                  _client.py:1740
                             https://html.duckduckgo.com/html                   
                             "HTTP/1.1 200 OK"                                  
[09/17/26 10:46:05] INFO     HTTP Request: GET                   _client.py:1740
                             https://honeywell.nt-rt.ru/images/m                
                             anuals/F76S.pdf "HTTP/1.1 200 OK"                  
[09/17/26 10:46:06] INFO     HTTP Request: GET                   _client.py:1740
                             https://dsl-aqua.ru/catalog/honeywe                
                             ll-f76s-1-1-2-aa/ "HTTP/1.1 200 OK"                
[09/17/26 10:46:07] INFO     HTTP Request: GET                   _client.py:1740
                             https://honeywell-home.ru/filtr-res                
                             ideo-braukmann-honeywell-f76s-1-1-2                
                             -aa "HTTP/1.1 200 OK"                              
[09/17/26 10:46:12] INFO     HTTP Request: POST                  _client.py:1740
                             https://html.duckduckgo.com/html                   
                             "HTTP/1.1 200 OK"                                  
                    INFO     HTTP Request: GET                   _client.py:1740
                             https://www.vseinstrumenti.ru/produ                
                             ct/filtr-honeywell-f76s-1-2-aa-1514                
                             181/ "HTTP/1.1 403 Forbidden"                      
[09/17/26 10:46:13] INFO     HTTP Request: GET                   _client.py:1740
                             https://honeywell-home.ru/filtry-dl                
                             ya-vody/f76s/ "HTTP/1.1 200 OK"                    
[09/17/26 10:46:17] INFO     HTTP Request: POST                  _client.py:1740
                             https://html.duckduckgo.com/html                   
                             "HTTP/1.1 200 OK"                                  
                    INFO     HTTP Request: GET                   _client.py:1740
                             https://tehsys.com.ua/ru/polnoprokh                
                             odnoy-sharovoy-kran-soedineniya-b-b                
                             -c-krasnoy-ruchkoy-babochka-1-4-du-                
                             8-ivr-954-a/ "HTTP/1.1 200 OK"                     
[09/17/26 10:46:21] INFO     HTTP Request: POST                  _client.py:1740
                             https://html.duckduckgo.com/html                   
                             "HTTP/1.1 200 OK"                                  
[09/17/26 10:46:22] INFO     HTTP Request: GET                   _client.py:1740
                             https://www.stout.ru/catalog/trubop                
                             rovodnaya-armatura/zapornye-sharovy                
                             e-krany/polnoprokhodnye-sharovye-kr                
                             any/stout-kran-sharovoy-polnoprokho                
                             dnoy-vrvr-ruchka-babochka-12/                      
                             "HTTP/1.1 200 OK"                                  
[09/17/26 10:46:24] INFO     HTTP Request: GET                   _client.py:1740
                             https://www.stout.ru/catalog/trubop                
                             rovodnaya-armatura/zapornye-sharovy                
                             e-krany/polnoprokhodnye-sharovye-kr                
                             any-gost-r-59553-2021/svb0002200015                
                             -stout-kran-sharovoy-polnoprokhodno                
                             y-vrvr-ruchka-babochka-12/                         
                             "HTTP/1.1 200 OK"                                  
[09/17/26 10:46:28] INFO     HTTP Request: POST                  _client.py:1740
                             https://html.duckduckgo.com/html                   
                             "HTTP/1.1 200 OK"                                  
                    INFO     HTTP Request: GET                   _client.py:1740
                             https://boiler.ua/kran-sharovyi-rez                
                             bovoi-typ-956-ivr-vn.-nar.-du-15/                  
                             "HTTP/1.1 403 Forbidden"                           
[09/17/26 10:46:31] INFO     HTTP Request: POST                  _client.py:1740
                             https://html.duckduckgo.com/html                   
                             "HTTP/1.1 200 OK"                                  
                    INFO     HTTP Request: GET                   _client.py:1740
                             https://www.ozon.ru/product/kran-sh                
                             arovoy-ivr-954-3-4-polnoprohodnoy-k                
                             rasnaya-ruchka-rychag-vnutrennyaya-                
                             rezba-latun-italiya-5114863333/                    
                             "HTTP/1.1 307 Temporary Redirect"                  
                    INFO     HTTP Request: GET                   _client.py:1740
                             https://www.ozon.ru/product/kran-sh                
                             arovoy-ivr-954-3-4-polnoprohodnoy-k                
                             rasnaya-ruchka-rychag-vnutrennyaya-                
                             rezba-latun-italiya-5114863333/?__r                
                             r=1 "HTTP/1.1 403 Forbidden"                       
[09/17/26 10:46:35] INFO     HTTP Request: POST                  _client.py:1740
                             https://html.duckduckgo.com/html                   
                             "HTTP/1.1 200 OK"                                  
                    INFO     HTTP Request: GET                   _client.py:1740
                             https://truber.com.ua/ru/p128030249                
                             4-kartridzh-polipropilenovyj-pps.ht                
                             ml/ "HTTP/1.1 200 OK"                              
[09/17/26 10:46:36] INFO     HTTP Request: GET                   _client.py:1740
                             https://www.aquaphor.ru/filters/car                
                             tridge/sediment-cartridge-efg-250-1                
                             0 "HTTP/1.1 200 OK"                                
                    INFO     HTTP Request: GET                   _client.py:1740
                             https://prom.ua/p1746742771-kartrid                
                             zh-polipropilenovyj-pps.html                       
                             "HTTP/1.1 302 Found"                               
[09/17/26 10:46:37] INFO     HTTP Request: GET                   _client.py:1740
                             https://prom.ua/ua/p1746742771-kart                
                             ridzh-polipropilenovyj-pps.html                    
                             "HTTP/1.1 200 OK"                                  
[09/17/26 10:46:40] INFO     HTTP Request: POST                  _client.py:1740
                             https://html.duckduckgo.com/html                   
                             "HTTP/1.1 200 OK"                                  
[09/17/26 10:46:41] INFO     HTTP Request: GET                   _client.py:1740
                             https://www.sanext.ru/katalog/sharo                
                             vye-krany/standartnoprohodnye/sharo                
                             vyy_kran_vr_nr_sanext/ "HTTP/1.1                   
                             200 OK"                                            
                    INFO     HTTP Request: GET                   _client.py:1740
                             https://dn.ru/sharovyi-kran/connect                
                             -vr-nr/3-4-inch "HTTP/1.1 200 OK"                  
[09/17/26 10:46:43] INFO     HTTP Request: GET                   _client.py:1740
                             https://www.stout.ru/catalog/trubop                
                             rovodnaya-armatura/zapornye-sharovy                
                             e-krany/polnoprokhodnye-sharovye-kr                
                             any/stout-kran-sharovoy-polnoprokho                
                             dnoy-vrnr-ruchka-babochka-34-amerik                
                             anka/ "HTTP/1.1 200 OK"                            
[09/17/26 10:46:51] INFO     HTTP Request: POST                  _client.py:1740
                             https://html.duckduckgo.com/html                   
                             "HTTP/1.1 200 OK"                                  
[09/17/26 10:46:56] INFO     HTTP Request: GET                   _client.py:1740
                             https://dn.ru/sharovyi-kran/teplosn                
                             abzhenie/flantcevyi-kran/polnoproho                
                             dnoi/ld/ksh-c-f/dn150 "HTTP/1.1 200                
                             OK"                                                
[09/17/26 10:47:03] INFO     HTTP Request: GET                   _client.py:1740
                             https://dn.ru/sharovyi-kran/teplosn                
                             abzhenie/flantcevyi-kran/standartny                
                             i/krany-balashikhi/ksh-f/dn150-ru16                
                              "HTTP/1.1 200 OK"                                 
                    INFO     HTTP Request: GET                   _client.py:1740
                             https://png-armatura.ru/kran-sharov                
                             oi-ksh-150/ "HTTP/1.1 200 OK"                      
[09/17/26 10:47:09] INFO     HTTP Request: POST                  _client.py:1740
                             https://html.duckduckgo.com/html                   
                             "HTTP/1.1 200 OK"                                  
[09/17/26 10:47:10] INFO     HTTP Request: GET                   _client.py:1740
                             https://gremir.ru/krany-sharovye/st                
                             alnye/ld/krany-sharovye-ld-ksh-c-f/                
                             kran-stalnoy-flantsevyy-du-150-ru-2                
                             5-l410mm-polnoprohodnoy-ld-ksh-ts-f                
                             -150-025/ "HTTP/1.1 200 OK"                        
[09/17/26 10:47:18] INFO     HTTP Request: POST                  _client.py:1740
                             https://html.duckduckgo.com/html                   
                             "HTTP/1.1 200 OK"                                  
                    INFO     HTTP Request: GET                   _client.py:1740
                             https://www.italgaz.com.ua/ball-val                
                             ves/water-ball-valves/water-ball-va                
                             lve-ivr-954-956.html "HTTP/1.1 200                 
                             OK"                                                
[09/17/26 10:47:19] INFO     HTTP Request: GET                   _client.py:1740
                             https://mews.info/catalog/moduli_uc                
                             heta_teplovoj_energii/kran_sharovuj                
                             _s_soedineniem_dlya_datchika_temper                
                             aturu_ivr_954_s "HTTP/1.1 200 OK"                  
[09/17/26 10:47:20] INFO     HTTP Request: GET                   _client.py:1740
                             https://vodavdom.ua/Product/5532                   
                             "HTTP/1.1 200 OK"                                  
[09/17/26 10:47:25] INFO     HTTP Request: POST                  _client.py:1740
                             https://html.duckduckgo.com/html                   
                             "HTTP/1.1 200 OK"                                  
[09/17/26 10:47:27] INFO     HTTP Request: GET                   _client.py:1740
                             https://www.stout.ru/catalog/trubop                
                             rovodnaya-armatura/zapornye-sharovy                
                             e-krany/polnoprokhodnye-sharovye-kr                
                             any/stout-kran-sharovoy-polnoprokho                
                             dnoy-vrnr-ruchka-rychag-1-14/                      
                             "HTTP/1.1 200 OK"                                  
                    INFO     HTTP Request: GET                   _client.py:1740
                             https://armapostach.com.ua/zaporno-                
                             reguliruyushchaya-armatura/krany-sh                
                             arovye/kran-sharovyj-latunnyj-mufto                
                             vyj-dn32-pn40-1-14-vv-rezba-ivr-954                
                             .html "HTTP/1.1 200 OK"                            
[09/17/26 10:47:31] INFO     HTTP Request: POST                  _client.py:1740
                             https://html.duckduckgo.com/html                   
                             "HTTP/1.1 200 OK"                                  
[09/17/26 10:47:32] INFO     HTTP Request: GET                   _client.py:1740
                             https://kraft-plus.com.ua/ru/produc                
                             t/tip-954/ "HTTP/1.1 200 OK"                       
[09/17/26 10:47:35] INFO     HTTP Request: POST                  _client.py:1740
                             https://html.duckduckgo.com/html                   
                             "HTTP/1.1 200 OK"                                  
[09/17/26 10:47:36] INFO     HTTP Request: GET                   _client.py:1740
                             https://www.stroi-dvorik.ru/product                
                             /kran-sharovyj-vr-1-2-ruchka-hlv/                  
                             "HTTP/1.1 200 OK"                                  
[09/17/26 10:47:37] INFO     HTTP Request: GET                   _client.py:1740
                             https://www.stout.ru/catalog/trubop                
                             rovodnaya-armatura/zapornye-sharovy                
                             e-krany/polnoprokhodnye-sharovye-kr                
                             any/stout-kran-sharovoy-polnoprokho                
                             dnoy-vrvr-ruchka-rychag-12/                        
                             "HTTP/1.1 200 OK"                                  
[09/17/26 10:47:41] INFO     HTTP Request: POST                  _client.py:1740
                             https://html.duckduckgo.com/html                   
                             "HTTP/1.1 200 OK"                                  
[09/17/26 10:47:42] INFO     HTTP Request: GET                   _client.py:1740
                             https://o-vode.net/ochistka/filtrat                
                             siya/filtry/kak-pomenyat "HTTP/1.1                 
                             403 Forbidden"                                     
[09/17/26 10:47:46] INFO     HTTP Request: POST                  _client.py:1740
                             https://html.duckduckgo.com/html                   
                             "HTTP/1.1 200 OK"                                  
                    INFO     HTTP Request: GET                   _client.py:1740
                             https://www.startplus.ru/oborudovan                
                             ie/filtry-zasypnye/filtry-sorbcionn                
                             ye "HTTP/1.1 200 OK"                               
[09/17/26 10:47:47] INFO     HTTP Request: GET                   _client.py:1740
                             https://arghome.ru/blog/kak-razobra                
                             t-filtr-dlya-ochistki-vody/                        
                             "HTTP/1.1 200 OK"                                  
[09/17/26 10:47:49] INFO     HTTP Request: POST                  _client.py:1740
                             https://html.duckduckgo.com/html                   
                             "HTTP/1.1 200 OK"                                  
[09/17/26 10:47:51] INFO     HTTP Request: GET                   _client.py:1740
                             https://filtervod.ru/service/                      
                             "HTTP/1.1 200 OK"                                  
[09/17/26 10:47:52] INFO     HTTP Request: GET                   _client.py:1740
                             https://www.ekodar.ru/filter/water-                
                             wiki/o-filtrah/remont-filtrov/                     
                             "HTTP/1.1 200 OK"                                  
[09/17/26 10:47:55] INFO     HTTP Request: POST                  _client.py:1740
                             https://html.duckduckgo.com/html                   
                             "HTTP/1.1 200 OK"                                  
[09/17/26 10:47:56] INFO     HTTP Request: GET                   _client.py:1740
                             https://www.aqvastroi.ru/skhemy-obv                
                             yazki-tipovye/ "HTTP/1.1 200 OK"                   
[09/17/26 10:47:57] INFO     HTTP Request: GET                   _client.py:1740
                             https://www.gidrolica.ru/info/usefu                
                             l-info/ustanovka-sorbtsionnykh-filt                
                             rov-dlya-ochistki-vody-poshagovoe-r                
                             ukovodstvo/ "HTTP/1.1 200 OK"                      
                    INFO     HTTP Request: GET                   _client.py:1740
                             https://briz.com.ua/ru/montazh                     
                             "HTTP/1.1 200 OK"                                  
[09/17/26 10:48:00] INFO     HTTP Request: POST                  _client.py:1740
                             https://html.duckduckgo.com/html                   
                             "HTTP/1.1 200 OK"                                  
[09/17/26 10:48:01] INFO     HTTP Request: GET                   _client.py:1740
                             https://nhi-group.ru/catalog/trubop                
                             rovodnaya_armatura/zatvory_diskovye                
                             _povorotnye/zatv_dn50/ "HTTP/1.1                   
                             200 OK"                                            
[09/17/26 10:48:03] INFO     HTTP Request: GET                   _client.py:1740
                             https://www.ogneborets.com/catalog/                
                             zapornaya_armatura/zatvory_diskovye                
                             /du50/ "HTTP/1.1 200 OK"                           
[09/17/26 10:48:06] INFO     HTTP Request: GET                   _client.py:1740
                             https://nkn-team.ru/zapornaya-armat                
                             ura/zatvor-diskoviy/attribute-diame                
                             tr-50/ "HTTP/1.1 200 OK"                           
[09/17/26 10:48:13] INFO     HTTP Request: POST                  _client.py:1740
                             https://html.duckduckgo.com/html                   
                             "HTTP/1.1 200 OK"                                  
[09/17/26 10:48:14] INFO     HTTP Request: GET                   _client.py:1740
                             https://prof-santex.com/zamena-shar                
                             ovyh-kranov/ "HTTP/1.1 200 OK"                     
[09/17/26 10:48:18] INFO     HTTP Request: GET                   _client.py:1740
                             https://mksegment.ru/a/kak-zamenit-                
                             sharovoj-kran-svoimi-rukami-poshago                
                             vaya-instrukciya "HTTP/1.1 200 OK"                 
[09/17/26 10:48:19] INFO     HTTP Request: GET                   _client.py:1740
                             https://www.vseinstrumenti.ru/tag-p                
                             age/sharovye-krany-du-20-mm-36748/                 
                             "HTTP/1.1 403 Forbidden"                           
[09/17/26 10:48:22] INFO     HTTP Request: POST                  _client.py:1740
                             https://html.duckduckgo.com/html                   
                             "HTTP/1.1 200 OK"                                  
                    INFO     HTTP Request: GET                   _client.py:1740
                             https://www.vseinstrumenti.ru/produ                
                             ct/sharovoj-kran-sanext-du-15-nr-vr                
                             -1-2-so-sgonom-amerikanka-babochka-                
                             8771-13676035/ "HTTP/1.1 403                       
                             Forbidden"                                         
[09/17/26 10:48:26] INFO     HTTP Request: GET                   _client.py:1740
                             https://www.sanext.ru/katalog/sharo                
                             vye-krany/standartnoprohodnye/sharo                
                             vyy_kran_du_15_nr_vr_1_2_uglovoy_so                
                             _sgonom_amerikanka_babochka_sanext_                
                             8777/ "HTTP/1.1 200 OK"                            
[09/17/26 10:48:28] INFO     HTTP Request: GET                   _client.py:1740
                             https://stmgroup.ru/goods/sarovoj-k                
                             ran-du15-nr-vr12-so-sgonom-amerikba                
                             bocka-sanext-8771 "HTTP/1.1 200 OK"                
[09/17/26 10:48:30] INFO     HTTP Request: POST                  _client.py:1740
                             https://html.duckduckgo.com/html                   
                             "HTTP/1.1 200 OK"                                  
[09/17/26 10:48:32] INFO     HTTP Request: GET                   _client.py:1740
                             https://otbornoe-ustroistvo.ru/cata                
                             log/11b18bk-du15-ru1-6-s-ruchkoj/                  
                             "HTTP/1.1 200 OK"                                  
[09/17/26 10:48:36] INFO     HTTP Request: GET                   _client.py:1740
                             https://dn.ru/kipia/kran-dlya-manom                
                             etra/probkovyy/penzapromarmatura/11                
                             b18bk_u_2_rychag/dn15 "HTTP/1.1 200                
                             OK"                                                
[09/17/26 10:48:37] INFO     HTTP Request: GET                   _client.py:1740
                             https://dn.ru/kipia/kran-dlya-manom                
                             etra/probkovyy/penzapromarmatura/11                
                             b18bk/g1-2-m20 "HTTP/1.1 200 OK"                   
[09/17/26 10:48:41] INFO     HTTP Request: POST                  _client.py:1740
                             https://html.duckduckgo.com/html                   
                             "HTTP/1.1 200 OK"                                  
                    INFO     HTTP Request: GET                   _client.py:1740
                             https://www.ozon.ru/product/kran-sh                
                             arovyy-dlya-vody-1-2-rtp-latunnyy-v                
                             r-nr-standartnoprohodnoy-ruchka-bab                
                             ochka-komplekt-2-sht-3700259468/                   
                             "HTTP/1.1 307 Temporary Redirect"                  
                    INFO     HTTP Request: GET                   _client.py:1740
                             https://www.ozon.ru/product/kran-sh                
                             arovyy-dlya-vody-1-2-rtp-latunnyy-v                
                             r-nr-standartnoprohodnoy-ruchka-bab                
                             ochka-komplekt-2-sht-3700259468/?__                
                             rr=1 "HTTP/1.1 403 Forbidden"                      
[09/17/26 10:48:47] INFO     HTTP Request: GET                   _client.py:1740
                             https://www.stout.ru/catalog/trubop                
                             rovodnaya-armatura/zapornye-sharovy                
                             e-krany/polnoprokhodnye-sharovye-kr                
                             any-gost-r-59553-2021/svb0004200015                
                             -stout-kran-sharovoy-polnoprokhodno                
                             y-vrnr-ruchka-babochka-12/                         
                             "HTTP/1.1 200 OK"                                  
[09/17/26 10:48:52] INFO     HTTP Request: POST                  _client.py:1740
                             https://html.duckduckgo.com/html                   
                             "HTTP/1.1 200 OK"                                  
                    INFO     HTTP Request: GET                   _client.py:1740
                             https://www.ozon.ru/product/kran-sh                
                             arovyy-3-4-vr-nr-688784526/                        
                             "HTTP/1.1 307 Temporary Redirect"                  
                    INFO     HTTP Request: GET                   _client.py:1740
                             https://www.ozon.ru/product/kran-sh                
                             arovyy-3-4-vr-nr-688784526/?__rr=1                 
                             "HTTP/1.1 403 Forbidden"                           
[09/17/26 10:48:55] INFO     HTTP Request: POST                  _client.py:1740
                             https://html.duckduckgo.com/html                   
                             "HTTP/1.1 200 OK"                                  
[09/17/26 10:48:57] INFO     HTTP Request: GET                   _client.py:1740
                             https://dn.ru/zatvor/zatvor-s-elekt                
                             roprivodom/tecofi/vp-3448-04-belimo                
                             /dn65 "HTTP/1.1 200 OK"                            
                    INFO     HTTP Request: GET                   _client.py:1740
                             https://energy-ek.ru/zatvory-diskov                
                             ye/1955-tecofi-vp-3448-diskovyj-pov                
                             orotnyj-dn100-zatvor-s-ruchkoj.html                
                              "HTTP/1.1 200 OK"                                 
[09/17/26 10:48:59] INFO     HTTP Request: GET                   _client.py:1740
                             https://dn.ru/zatvor/zatvor-s-elekt                
                             roprivodom/tecofi/vpn-3448-dn-ru-38                
                             0v/dn50 "HTTP/1.1 200 OK"                          
[09/17/26 10:49:08] INFO     HTTP Request: POST                  _client.py:1740
                             https://html.duckduckgo.com/html                   
                             "HTTP/1.1 200 OK"                                  
[09/17/26 10:49:09] INFO     HTTP Request: GET                   _client.py:1740
                             https://nikasvvs.ru/index.php/zapor                
                             naya-armatura/voda/item/55-kran-sha                
                             rovoj-11b41p-du-15-20-25-32-40-50                  
                             "HTTP/1.1 200 OK"                                  
                    INFO     HTTP Request: GET                   _client.py:1740
                             https://kng-arm.ru/product/kran-sha                
                             rovyy-11b41p-viln-491812/ "HTTP/1.1                
                             200 OK"                                            
[09/17/26 10:49:10] INFO     HTTP Request: GET                   _client.py:1740
                             https://texbin.ru/kran-11b41p.html                 
                             "HTTP/1.1 200 OK"                                  
[09/17/26 10:49:13] INFO     HTTP Request: POST                  _client.py:1740
                             https://html.duckduckgo.com/html                   
                             "HTTP/1.1 200 OK"                                  
[09/17/26 10:49:15] INFO     HTTP Request: GET                   _client.py:1740
                             https://dn.ru/zatvor/zatvor-s-elekt                
                             roprivodom/tecofi/vpn-3448-dn-ru-38                
                             0v/dn40 "HTTP/1.1 200 OK"                          
[09/17/26 10:49:17] INFO     HTTP Request: GET                   _client.py:1740
                             https://dn.ru/zatvor/zatvor-s-elekt                
                             roprivodom/tecofi/vpn-3448-dn-ru-38                
                             0v "HTTP/1.1 200 OK"                               
[09/17/26 10:49:18] INFO     HTTP Request: GET                   _client.py:1740
                             https://dedaltrade.ru/zatvor-diskov                
                             yj-povorotnyj-tecofi-vp-3448-du40/                 
                             "HTTP/1.1 200 OK"                                  
[09/17/26 10:49:25] INFO     HTTP Request: POST                  _client.py:1740
                             https://html.duckduckgo.com/html                   
                             "HTTP/1.1 200 OK"                                  
                    INFO     HTTP Request: GET                   _client.py:1740
                             https://www.lenntech.com/Data-sheet                
                             s/Lewatit-S-1467-L.pdf "HTTP/1.1                   
                             200 OK"                                            
[09/17/26 10:49:26] INFO     HTTP Request: GET                   _client.py:1740
                             https://industrialwater.ru/ionoobme                
                             nnye_smoly/ionoobmennaya_smola_lewa                
                             tit_s_1467/ "HTTP/1.1 200 Ok"                      
                    INFO     HTTP Request: GET                   _client.py:1740
                             https://gk-taurus.ru/userfiles/prod                
                             uct/ionoobmen/lewatit/lewatit_s1467                
                             .pdf "HTTP/1.1 200 OK"                             
[09/17/26 10:49:52] INFO     HTTP Request: POST                  _client.py:1740
                             https://html.duckduckgo.com/html                   
                             "HTTP/1.1 200 OK"                                  
[09/17/26 10:49:54] INFO     HTTP Request: GET                   _client.py:1740
                             https://www.magazin-kotel.ru/produc                
                             ts/vkladysh-filtra-v-sbore-zapasnay                
                             a-setka-af11s "HTTP/1.1 200 OK"                    
[09/17/26 10:49:55] INFO     HTTP Request: GET                   _client.py:1740
                             https://honeywell-home.ru/setka-res                
                             ideo-braukmann-honeywell-af11s-1                   
                             "HTTP/1.1 200 OK"                                  
[09/17/26 10:50:14] INFO     HTTP Request: POST                  _client.py:1740
                             https://html.duckduckgo.com/html                   
                             "HTTP/1.1 200 OK"                                  
[09/17/26 10:50:15] INFO     HTTP Request: GET                   _client.py:1740
                             https://valtec.ru/catalog/truboprov                
                             odnaya_armatura/sharovye_krany_dlya                
                             _vody_base/kran_sharovoj_valtec_bas                
                             e_vt218n.html "HTTP/1.1 200 OK"                    
                    INFO     HTTP Request: GET                   _client.py:1740
                             https://www.vseinstrumenti.ru/produ                
                             ct/kran-sharovoj-valtec-base-rukoya                
                             tka-babochka-3-4-vnutrennyaya-naruz                
                             hnaya-vt-218-n-05-726552/ "HTTP/1.1                
                             403 Forbidden"                                     
[09/17/26 10:50:16] INFO     HTTP Request: GET                   _client.py:1740
                             https://www.etm.ru/cat/nn/3000200                  
                             "HTTP/1.1 444 "                                    
[09/17/26 10:50:19] INFO     HTTP Request: POST                  _client.py:1740
                             https://html.duckduckgo.com/html                   
                             "HTTP/1.1 200 OK"                                  
                    INFO     HTTP Request: GET                   _client.py:1740
                             https://www.vseinstrumenti.ru/produ                
                             ct/sharovoj-kran-1-2-valtec-vt-218-                
                             n-04-17586-726550/ "HTTP/1.1 403                   
                             Forbidden"                                         
                    INFO     HTTP Request: GET                   _client.py:1740
                             https://valtec.ru/catalog/truboprov                
                             odnaya_armatura/sharovye_krany_dlya                
                             _vody_base/ "HTTP/1.1 200 OK"                      
[09/17/26 10:50:23] INFO     HTTP Request: POST                  _client.py:1740
                             https://html.duckduckgo.com/html                   
                             "HTTP/1.1 200 OK"                                  
                    INFO     HTTP Request: GET                   _client.py:1740
                             https://www.armprof.ru/catalog/kran                
                             y-sharovye/ld-kshcf-s/ "HTTP/1.1                   
                             200 OK"                                            
[09/17/26 10:50:25] INFO     HTTP Request: GET                   _client.py:1740
                             https://www.santech.ru/catalog/317/                
                             324/i20674/ "HTTP/1.1 200 OK"                      
[09/17/26 10:50:26] INFO     HTTP Request: GET                   _client.py:1740
                             https://www.santech.ru/catalog/317/                
                             324/i3354/ "HTTP/1.1 200 OK"                       
[09/17/26 10:50:38] INFO     HTTP Request: POST                  _client.py:1740
                             https://html.duckduckgo.com/html                   
                             "HTTP/1.1 200 OK"                                  
[09/17/26 10:50:39] INFO     HTTP Request: GET                   _client.py:1740
                             https://dn.ru/zatvor/zatvor-ruchnoi                
                             /granvel/zpts-r/dn200 "HTTP/1.1 200                
                             OK"                                                
[09/17/26 10:50:41] INFO     HTTP Request: GET                   _client.py:1740
                             https://dn.ru/zatvor/zatvor-ruchnoi                
                             /granvel/zpts/dn200 "HTTP/1.1 200                  
                             OK"                                                
[09/17/26 10:50:42] INFO     HTTP Request: GET                   _client.py:1740
                             https://adl.ru/truboprovodnaya-arma                
                             tura/zatvory-granvel-zpts-fl-w-3-ep                
                             dm-nt.html "HTTP/1.1 200 OK"                       
[09/17/26 10:50:47] INFO     HTTP Request: POST                  _client.py:1740
                             https://html.duckduckgo.com/html                   
                             "HTTP/1.1 200 OK"                                  
                    INFO     HTTP Request: GET                   _client.py:1740
                             http://eng.kda-group.org/userfiles/                
                             product/ionoobmen/lewatit/lewatit_s                
                             1467.pdf "HTTP/1.1 200 OK"                         
[09/17/26 10:50:55] INFO     HTTP Request: POST                  _client.py:1740
                             https://html.duckduckgo.com/html                   
                             "HTTP/1.1 200 OK"                                  
[09/17/26 10:51:11] INFO     HTTP Request: GET                   _client.py:1740
                             https://gorod-vody.ru/product/siste                
                             ma-obezzhelezivaniya-i-osvetleniya-                
                             cm-wwfa-2472-bmcm "HTTP/1.1 200 OK"                
[09/17/26 10:51:12] INFO     HTTP Request: GET                   _client.py:1740
                             https://filtersforwater.ru/id/siste                
                             ma-obezzhelezivaniya-i-osvetleniya-                
                             vody-wwfa-2472-btm-2501.html                       
                             "HTTP/1.1 200 OK"                                  
